model,split,quantity,positive,n,R2,MAPE,NMAE,RMSE,max_APE,cov95,cov68,z_mean,z_std
gp,cv5,K_eig1,True,290,0.998575,0.0107237,,0.0226091,0.236002,0.9,0.789655,-0.0895045,1.77923
gp,cv5,K_eig2,True,290,0.999024,0.00885786,,0.0173934,0.150457,0.903448,0.813793,-0.0246257,1.59416
gp,cv5,K_eig3,True,290,0.99971,0.00658567,,0.00959624,0.0341417,0.958621,0.848276,0.0349473,0.762907
gp,cv5,K_mean,True,290,0.999393,0.00741652,,0.0139346,0.117104,0.886207,0.768966,-0.0411742,1.59679
gp,cv5,K_xx,True,290,0.999379,0.00758034,,0.0137905,0.0942488,0.941379,0.848276,-0.0166505,1.02242
gp,cv5,K_yy,True,290,0.999329,0.00778924,,0.0143282,0.101691,0.948276,0.848276,-0.0233215,1.03121
gp,cv5,K_zz,True,290,0.999065,0.00962582,,0.0192144,0.20939,0.913793,0.824138,-0.0187495,1.30615
gp,cv5,K_yz,False,290,0.984626,,0.00246341,1.85281e-05,,0.965517,0.882759,0.00245269,0.966218
gp,cv5,K_xz,False,290,0.972909,,0.00294919,2.41907e-05,,0.931034,0.803448,0.0280539,1.37312
gp,cv5,K_xy,False,290,0.989428,,0.00224547,1.59228e-05,,0.982759,0.848276,0.020096,1.05427
gp,cv5,keff_xx,True,290,0.995171,0.0182635,,0.0345196,0.257547,0.906897,0.824138,-0.0029364,1.13918
gp,cv5,keff_yy,True,290,0.994618,0.0190492,,0.0366566,0.292243,0.9,0.817241,-0.00999232,1.17439
gp,cv5,keff_zz,True,290,0.995072,0.0198062,,0.0355621,0.228944,0.924138,0.837931,-0.0084403,1.13374
gp,cv5,keff_yz,False,290,0.937832,,0.00665666,0.00224902,,0.9,0.813793,-0.0331228,1.29253
gp,cv5,keff_xz,False,290,0.940186,,0.00637912,0.00226389,,0.913793,0.831034,-0.0200413,1.24494
gp,cv5,keff_xy,False,290,0.928626,,0.00666718,0.00231113,,0.896552,0.827586,-0.0111466,1.38241
gp,cv5,keff_mean,True,290,0.995255,0.017493,,0.0330819,0.221424,0.87931,0.755172,-0.0303481,1.71717
gp,cv5,C11,True,290,0.985093,0.0566021,,0.11721,0.920354,0.886207,0.82069,0.0180492,1.50556
gp,cv5,C12,False,290,0.981789,,0.0201972,0.00445525,,0.855172,0.775862,0.170772,2.01932
gp,cv5,C13,False,290,0.978081,,0.0227832,0.00478043,,0.865517,0.765517,0.123165,2.15856
gp,cv5,C14,False,290,0.880128,,0.00240423,0.000481412,,0.924138,0.824138,-0.00112653,1.14991
gp,cv5,C15,False,290,0.440032,,0.00614739,0.00133263,,0.906897,0.827586,-0.0521763,1.2715
gp,cv5,C16,False,290,0.696316,,0.00521565,0.00110063,,0.893103,0.782759,0.00773066,1.40909
gp,cv5,C22,True,290,0.985108,0.0555277,,0.117397,0.905536,0.886207,0.817241,0.00961551,1.48782
gp,cv5,C23,False,290,0.978778,,0.0224786,0.00470475,,0.862069,0.758621,0.121418,2.19797
gp,cv5,C24,False,290,0.720509,,0.0046394,0.0010091,,0.906897,0.817241,0.0140488,1.38929
gp,cv5,C25,False,290,0.85267,,0.00263372,0.000525114,,0.937931,0.831034,-0.0605402,1.11954
gp,cv5,C26,False,290,0.446941,,0.00597513,0.0013751,,0.886207,0.813793,0.00298788,1.40426
gp,cv5,C33,True,290,0.983692,0.0669697,,0.124731,0.78958,0.889655,0.803448,-0.00821623,1.4723
gp,cv5,C34,False,290,0.616348,,0.00631316,0.00137499,,0.913793,0.827586,-0.00383487,1.34661
gp,cv5,C35,False,290,0.769893,,0.00493156,0.00109362,,0.924138,0.827586,-0.0341444,1.10495
gp,cv5,C36,False,290,0.892384,,0.00242792,0.000486702,,0.910345,0.817241,-0.0176172,1.17977
gp,cv5,C44,True,290,0.982779,0.0631684,,0.103458,0.566922,0.924138,0.82069,-0.0127949,1.07244
gp,cv5,C45,False,290,0.826587,,0.00477523,0.00114798,,0.941379,0.865517,0.000311131,0.859579
gp,cv5,C46,False,290,0.845764,,0.00435018,0.000976963,,0.924138,0.851724,-0.00306665,0.963804
gp,cv5,C55,True,290,0.982268,0.063741,,0.105031,0.621762,0.927586,0.82069,-0.0100756,1.06242
gp,cv5,C56,False,290,0.850827,,0.00426564,0.000969033,,0.937931,0.862069,0.00640281,0.942614
gp,cv5,C66,True,290,0.980194,0.0663672,,0.117431,0.774204,0.92069,0.813793,0.033368,1.12207
gp,cv5,E_x,True,290,0.988587,0.0469628,,0.0988354,0.833339,0.917241,0.841379,-0.0627022,1.2466
gp,cv5,E_y,True,290,0.988445,0.047086,,0.099665,0.802915,0.910345,0.844828,-0.0724571,1.23963
gp,cv5,E_z,True,290,0.98755,0.0580608,,0.106431,0.820232,0.913793,0.806897,-0.0358161,1.25012
gp,cv5,E_axial,True,290,0.988015,0.045641,,0.09884,0.819034,0.87931,0.806897,-0.067175,1.86777
gp,cv5,a_sf_L,True,290,0.998996,0.00256082,,0.00453918,0.0272007,0.924138,0.82069,0.0455134,1.04439
gp,cv5,loc_uniaxial_x_p99,True,290,0.987611,0.0417535,,0.0805914,0.500715,0.893103,0.789655,0.0527524,1.57566
gp,cv5,loc_uniaxial_y_p99,True,290,0.987845,0.0418111,,0.0801086,0.48972,0.896552,0.782759,0.0600691,1.56581
gp,cv5,loc_uniaxial_z_p99,True,290,0.987647,0.0456562,,0.0835571,0.544055,0.889655,0.806897,-0.0186531,1.62225
gp,cv5,loc_shear_yz_p99,True,290,0.982998,0.0500814,,0.0948482,0.507729,0.886207,0.8,-0.0147842,1.55826
gp,cv5,loc_shear_xz_p99,True,290,0.98286,0.0506014,,0.0951672,0.527235,0.889655,0.813793,-0.0156677,1.64835
gp,cv5,loc_shear_xy_p99,True,290,0.982222,0.0506409,,0.0988476,0.586843,0.882759,0.824138,-0.0423259,1.64445
gp+cal,cv5,K_eig1,True,290,0.998575,0.0107237,,0.0226091,0.236002,0.9,0.810345,-0.0857254,1.61752
gp+cal,cv5,K_eig2,True,290,0.999024,0.00885786,,0.0173934,0.150457,0.913793,0.817241,-0.0231534,1.48388
gp+cal,cv5,K_eig3,True,290,0.99971,0.00658567,,0.00959624,0.0341417,0.97931,0.875862,0.0334822,0.665109
gp+cal,cv5,K_mean,True,290,0.999393,0.00741652,,0.0139346,0.117104,0.906897,0.806897,-0.0404361,1.44461
gp+cal,cv5,K_xx,True,290,0.999379,0.00758034,,0.0137905,0.0942488,0.948276,0.855172,-0.0203855,0.986969
gp+cal,cv5,K_yy,True,290,0.999329,0.00778924,,0.0143282,0.101691,0.948276,0.855172,-0.0248687,1.01908
gp+cal,cv5,K_zz,True,290,0.999065,0.00962582,,0.0192144,0.20939,0.944828,0.865517,-0.0143618,1.06762
gp+cal,cv5,K_yz,False,290,0.984626,,0.00246341,1.85281e-05,,0.965517,0.882759,0.00258648,0.959071
gp+cal,cv5,K_xz,False,290,0.972909,,0.00294919,2.41907e-05,,0.948276,0.886207,0.0183319,1.00807
gp+cal,cv5,K_xy,False,290,0.989428,,0.00224547,1.59228e-05,,0.982759,0.848276,0.020194,1.04966
gp+cal,cv5,keff_xx,True,290,0.995171,0.0182635,,0.0345196,0.257547,0.951724,0.87931,0.00112086,0.764202
gp+cal,cv5,keff_yy,True,290,0.994618,0.0190492,,0.0366566,0.292243,0.962069,0.858621,-0.00582485,0.773802
gp+cal,cv5,keff_zz,True,290,0.995072,0.0198062,,0.0355621,0.228944,0.955172,0.896552,0.00203468,0.757184
gp+cal,cv5,keff_yz,False,290,0.937832,,0.00665666,0.00224902,,0.965517,0.9,-0.0236664,0.757977
gp+cal,cv5,keff_xz,False,290,0.940186,,0.00637912,0.00226389,,0.965517,0.9,-0.0188609,0.773149
gp+cal,cv5,keff_xy,False,290,0.928626,,0.00666718,0.00231113,,0.965517,0.87931,-0.0134808,0.888938
gp+cal,cv5,keff_mean,True,290,0.995255,0.017493,,0.0330819,0.221424,0.913793,0.834483,-0.0136845,1.14327
gp+cal,cv5,C11,True,290,0.985093,0.0566021,,0.11721,0.920354,0.927586,0.868966,0.0123637,0.955744
gp+cal,cv5,C12,False,290,0.981789,,0.0201972,0.00445525,,0.913793,0.824138,0.123949,1.43398
gp+cal,cv5,C13,False,290,0.978081,,0.0227832,0.00478043,,0.92069,0.831034,0.098491,1.5517
gp+cal,cv5,C14,False,290,0.880128,,0.00240423,0.000481412,,0.972414,0.896552,-0.00140925,0.69954
gp+cal,cv5,C15,False,290,0.440032,,0.00614739,0.00133263,,0.968966,0.896552,-0.0389088,0.778319
gp+cal,cv5,C16,False,290,0.696316,,0.00521565,0.00110063,,0.958621,0.889655,0.0087684,0.848545
gp+cal,cv5,C22,True,290,0.985108,0.0555277,,0.117397,0.905536,0.92069,0.868966,0.00658575,0.959545
gp+cal,cv5,C23,False,290,0.978778,,0.0224786,0.00470475,,0.917241,0.834483,0.0876976,1.45076
gp+cal,cv5,C24,False,290,0.720509,,0.0046394,0.0010091,,0.962069,0.906897,0.00622177,0.741749
gp+cal,cv5,C25,False,290,0.85267,,0.00263372,0.000525114,,0.968966,0.913793,-0.0352262,0.654643
gp+cal,cv5,C26,False,290,0.446941,,0.00597513,0.0013751,,0.955172,0.872414,-0.00186232,0.838754
gp+cal,cv5,C33,True,290,0.983692,0.0669697,,0.124731,0.78958,0.931034,0.865517,0.00227991,1.04145
gp+cal,cv5,C34,False,290,0.616348,,0.00631316,0.00137499,,0.958621,0.9,-0.0107658,0.852653
gp+cal,cv5,C35,False,290,0.769893,,0.00493156,0.00109362,,0.958621,0.896552,-0.024039,0.71943
gp+cal,cv5,C36,False,290,0.892384,,0.00242792,0.000486702,,0.965517,0.893103,-0.00366781,0.746606
gp+cal,cv5,C44,True,290,0.982779,0.0631684,,0.103458,0.566922,0.965517,0.893103,0.000250329,0.71894
gp+cal,cv5,C45,False,290,0.826587,,0.00477523,0.00114798,,0.982759,0.924138,-0.00102418,0.525232
gp+cal,cv5,C46,False,290,0.845764,,0.00435018,0.000976963,,0.982759,0.917241,-0.0073236,0.514535
gp+cal,cv5,C55,True,290,0.982268,0.063741,,0.105031,0.621762,0.962069,0.896552,0.00396561,0.727203
gp+cal,cv5,C56,False,290,0.850827,,0.00426564,0.000969033,,0.972414,0.927586,-0.000132898,0.521053
gp+cal,cv5,C66,True,290,0.980194,0.0663672,,0.117431,0.774204,0.962069,0.886207,0.0230494,0.754614
gp+cal,cv5,E_x,True,290,0.988587,0.0469628,,0.0988354,0.833339,0.951724,0.903448,-0.0381708,0.793768
gp+cal,cv5,E_y,True,290,0.988445,0.047086,,0.099665,0.802915,0.948276,0.889655,-0.0450854,0.798578
gp+cal,cv5,E_z,True,290,0.98755,0.0580608,,0.106431,0.820232,0.955172,0.9,-0.0185507,0.883854
gp+cal,cv5,E_axial,True,290,0.988015,0.045641,,0.09884,0.819034,0.924138,0.851724,-0.0400639,1.25988
gp+cal,cv5,a_sf_L,True,290,0.998996,0.00256082,,0.00453918,0.0272007,0.948276,0.848276,0.0412117,0.881065
gp+cal,cv5,loc_uniaxial_x_p99,True,290,0.987611,0.0417535,,0.0805914,0.500715,0.934483,0.855172,0.0294303,0.996102
gp+cal,cv5,loc_uniaxial_y_p99,True,290,0.987845,0.0418111,,0.0801086,0.48972,0.931034,0.865517,0.0343432,0.966585
gp+cal,cv5,loc_uniaxial_z_p99,True,290,0.987647,0.0456562,,0.0835571,0.544055,0.941379,0.858621,-0.0241885,1.13771
gp+cal,cv5,loc_shear_yz_p99,True,290,0.982998,0.0500814,,0.0948482,0.507729,0.944828,0.872414,-0.0182488,1.05037
gp+cal,cv5,loc_shear_xz_p99,True,290,0.98286,0.0506014,,0.0951672,0.527235,0.941379,0.886207,-0.0199423,1.12417
gp+cal,cv5,loc_shear_xy_p99,True,290,0.982222,0.0506409,,0.0988476,0.586843,0.941379,0.865517,-0.0384319,1.13564
gp,band,K_eig1,True,132,0.971671,0.0726473,,0.104023,0.42805,0.280303,0.159091,-0.531025,6.90906
gp,band,K_eig2,True,132,0.973575,0.0647848,,0.094367,0.312043,0.340909,0.143939,1.22505,6.70163
gp,band,K_eig3,True,132,0.973071,0.0552625,,0.0936522,0.240492,0.522727,0.30303,3.63245,4.96205
gp,band,K_mean,True,132,0.97926,0.0564859,,0.0838736,0.206503,0.227273,0.0984848,2.4112,7.79399
gp,band,K_xx,True,132,0.977198,0.0584612,,0.0866428,0.235501,0.386364,0.128788,1.75866,5.162
gp,band,K_yy,True,132,0.977491,0.058101,,0.0860352,0.254181,0.409091,0.189394,1.57802,4.95504
gp,band,K_zz,True,132,0.979604,0.058102,,0.0909505,0.282526,0.454545,0.219697,1.33635,4.74418
gp,band,K_yz,False,132,-0.752012,,0.0352906,0.000239487,,0.386364,0.287879,3.3851,2.86109
gp,band,K_xz,False,132,-0.733529,,0.0345877,0.000235422,,0.340909,0.272727,5.52127,4.59483
gp,band,K_xy,False,132,-0.727239,,0.0358302,0.000248849,,0.325758,0.287879,5.98932,4.85439
gp,band,keff_xx,True,132,0.919527,0.112677,,0.159797,0.555219,0.727273,0.628788,-1.24043,2.20146
gp,band,keff_yy,True,132,0.918006,0.11692,,0.162984,0.652286,0.727273,0.628788,-1.4348,2.40482
gp,band,keff_zz,True,132,0.920711,0.114455,,0.16138,0.715646,0.719697,0.583333,-1.3341,2.2824
gp,band,keff_yz,False,132,-1.3392,,0.066014,0.0151398,,0.287879,0.19697,8.37936,8.51061
gp,band,keff_xz,False,132,-0.556688,,0.0533382,0.0127238,,0.765152,0.583333,1.21981,1.33836
gp,band,keff_xy,False,132,-0.118686,,0.038742,0.0101477,,0.583333,0.484848,2.9389,3.95721
gp,band,keff_mean,True,132,0.918043,0.110962,,0.156342,0.555763,0.643939,0.537879,-2.09323,3.44019
gp,band,C11,True,132,0.759697,0.611615,,0.576365,3.24058,0.636364,0.560606,-2.81044,4.31609
gp,band,C12,False,132,0.835817,,0.0918273,0.0137046,,0.560606,0.454545,-3.01303,3.81384
gp,band,C13,False,132,0.835994,,0.0918468,0.0136657,,0.560606,0.439394,-3.01597,3.80208
gp,band,C14,False,132,-0.776292,,0.0156142,0.00199301,,0.666667,0.530303,1.36861,2.37806
gp,band,C15,False,132,-0.200916,,0.0183949,0.00259645,,0.636364,0.416667,2.72943,4.39171
gp,band,C16,False,132,-1.10362,,0.0246077,0.00328412,,0.386364,0.265152,4.61155,5.26537
gp,band,C22,True,132,0.772414,0.586333,,0.562446,3.24058,0.636364,0.560606,-2.70534,4.33274
gp,band,C23,False,132,0.834661,,0.0926562,0.0137245,,0.560606,0.477273,-2.86754,3.61039
gp,band,C24,False,132,-0.979753,,0.0223576,0.00298784,,0.5,0.333333,3.32592,4.47086
gp,band,C25,False,132,-0.642619,,0.0130377,0.00175828,,0.568182,0.401515,3.04641,3.92994
gp,band,C26,False,132,-0.284288,,0.0207011,0.00281739,,0.340909,0.189394,5.9789,9.23609
gp,band,C33,True,132,0.777346,0.576783,,0.560234,3.24058,0.643939,0.575758,-2.39879,3.9314
gp,band,C34,False,132,-0.0968671,,0.0212384,0.00313846,,0.628788,0.325758,2.13789,4.41395
gp,band,C35,False,132,-0.249663,,0.019567,0.00286717,,0.727273,0.484848,1.376,2.31514
gp,band,C36,False,132,-1.72772,,0.0205594,0.00254071,,0.462121,0.234848,4.12954,4.73162
gp,band,C44,True,132,0.813123,0.366494,,0.407552,2.1044,0.727273,0.590909,-1.70132,2.94058
gp,band,C45,False,132,-0.553323,,0.0235657,0.0036414,,0.537879,0.409091,4.76622,6.1258
gp,band,C46,False,132,-0.173677,,0.0176342,0.00277455,,0.575758,0.462121,3.90151,6.15233
gp,band,C55,True,132,0.843425,0.313342,,0.373839,2.48957,0.757576,0.621212,-1.50346,3.22946
gp,band,C56,False,132,-1.85582,,0.0335442,0.00435139,,0.25,0.0909091,12.7701,16.0355
gp,band,C66,True,132,0.85557,0.315228,,0.377286,2.12822,0.765152,0.643939,-1.38893,3.13171
gp,band,E_x,True,132,0.822365,0.444197,,0.46673,2.36394,0.651515,0.575758,-2.22867,3.41065
gp,band,E_y,True,132,0.831674,0.428193,,0.455841,2.29729,0.659091,0.537879,-2.11113,3.47665
gp,band,E_z,True,132,0.837172,0.421109,,0.4562,2.29729,0.704545,0.590909,-1.85853,3.14339
gp,band,E_axial,True,132,0.821864,0.430602,,0.461059,2.29729,0.613636,0.530303,-3.13799,4.84322
gp,band,a_sf_L,True,132,0.945274,0.0227249,,0.0328883,0.0846678,0.44697,0.242424,-2.32091,5.46381
gp,band,loc_uniaxial_x_p99,True,132,0.88984,0.139965,,0.274336,0.534595,0.621212,0.5,2.29917,3.64518
gp,band,loc_uniaxial_y_p99,True,132,0.886616,0.139565,,0.279817,0.559422,0.621212,0.530303,2.36793,3.61952
gp,band,loc_uniaxial_z_p99,True,132,0.864488,0.161314,,0.312008,0.564425,0.606061,0.454545,2.50637,3.55579
gp,band,loc_shear_yz_p99,True,132,0.872894,0.158252,,0.29844,0.54906,0.590909,0.424242,2.51012,3.42058
gp,band,loc_shear_xz_p99,True,132,0.864318,0.166607,,0.308035,0.558171,0.575758,0.386364,2.69444,3.38071
gp,band,loc_shear_xy_p99,True,132,0.863816,0.169388,,0.313257,0.585298,0.613636,0.401515,2.65262,3.42653
gp+cal,band,K_eig1,True,132,0.971671,0.0726473,,0.104023,0.42805,0.30303,0.19697,-0.56971,6.3964
gp+cal,band,K_eig2,True,132,0.973575,0.0647848,,0.094367,0.312043,0.348485,0.143939,1.20181,6.61739
gp+cal,band,K_eig3,True,132,0.973071,0.0552625,,0.0936522,0.240492,0.545455,0.356061,3.3016,4.65699
gp+cal,band,K_mean,True,132,0.97926,0.0564859,,0.0838736,0.206503,0.265152,0.0984848,2.1404,6.91193
gp+cal,band,K_xx,True,132,0.977198,0.0584612,,0.0866428,0.235501,0.409091,0.136364,1.67219,4.9238
gp+cal,band,K_yy,True,132,0.977491,0.058101,,0.0860352,0.254181,0.409091,0.189394,1.549,4.89167
gp+cal,band,K_zz,True,132,0.979604,0.058102,,0.0909505,0.282526,0.515152,0.265152,1.07866,3.803
gp+cal,band,K_yz,False,132,-0.752012,,0.0352906,0.000239487,,0.386364,0.287879,3.35186,2.78185
gp+cal,band,K_xz,False,132,-0.733529,,0.0345877,0.000235422,,0.363636,0.333333,3.75794,3.17304
gp+cal,band,K_xy,False,132,-0.727239,,0.0358302,0.000248849,,0.325758,0.287879,5.95607,4.82605
gp+cal,band,keff_xx,True,132,0.919527,0.112677,,0.159797,0.555219,0.856061,0.681818,-0.802719,1.42318
gp+cal,band,keff_yy,True,132,0.918006,0.11692,,0.162984,0.652286,0.795455,0.666667,-0.926994,1.55357
gp+cal,band,keff_zz,True,132,0.920711,0.114455,,0.16138,0.715646,0.856061,0.681818,-0.861022,1.47235
gp+cal,band,keff_yz,False,132,-1.3392,,0.066014,0.0151398,,0.477273,0.310606,3.99319,4.06364
gp+cal,band,keff_xz,False,132,-0.556688,,0.0533382,0.0127238,,0.94697,0.719697,0.703934,0.77086
gp+cal,band,keff_xy,False,132,-0.118686,,0.038742,0.0101477,,0.651515,0.568182,1.65102,2.22342
gp+cal,band,keff_mean,True,132,0.918043,0.110962,,0.156342,0.555763,0.712121,0.583333,-1.35203,2.2196
gp+cal,band,C11,True,132,0.759697,0.611615,,0.576365,3.24058,0.689394,0.598485,-1.68332,2.60196
gp+cal,band,C12,False,132,0.835817,,0.0918273,0.0137046,,0.621212,0.560606,-1.87395,2.37365
gp+cal,band,C13,False,132,0.835994,,0.0918468,0.0136657,,0.636364,0.55303,-1.83529,2.31253
gp+cal,band,C14,False,132,-0.776292,,0.0156142,0.00199301,,0.780303,0.598485,0.882167,1.52454
gp+cal,band,C15,False,132,-0.200916,,0.0183949,0.00259645,,0.712121,0.606061,1.49143,2.42299
gp+cal,band,C16,False,132,-1.10362,,0.0246077,0.00328412,,0.590909,0.363636,2.64652,3.02817
gp+cal,band,C22,True,132,0.772414,0.586333,,0.562446,3.24058,0.681818,0.621212,-1.72653,2.75285
gp+cal,band,C23,False,132,0.834661,,0.0926562,0.0137245,,0.651515,0.55303,-1.76863,2.22516
gp+cal,band,C24,False,132,-0.979753,,0.0223576,0.00298784,,0.704545,0.5,1.73407,2.33946
gp+cal,band,C25,False,132,-0.642619,,0.0130377,0.00175828,,0.674242,0.545455,1.68115,2.18708
gp+cal,band,C26,False,132,-0.284288,,0.0207011,0.00281739,,0.537879,0.310606,3.61413,5.58972
gp+cal,band,C33,True,132,0.777346,0.576783,,0.560234,3.24058,0.719697,0.636364,-1.50536,2.46096
gp+cal,band,C34,False,132,-0.0968671,,0.0212384,0.00313846,,0.734848,0.598485,1.21023,2.49918
gp+cal,band,C35,False,132,-0.249663,,0.019567,0.00286717,,0.818182,0.659091,0.861465,1.44451
gp+cal,band,C36,False,132,-1.72772,,0.0205594,0.00254071,,0.590909,0.386364,2.67118,3.05699
gp+cal,band,C44,True,132,0.813123,0.366494,,0.407552,2.1044,0.810606,0.681818,-1.11073,1.92369
gp+cal,band,C45,False,132,-0.553323,,0.0235657,0.0036414,,0.598485,0.522727,2.71263,3.52138
gp+cal,band,C46,False,132,-0.173677,,0.0176342,0.00277455,,0.621212,0.575758,2.13336,3.38995
gp+cal,band,C55,True,132,0.843425,0.313342,,0.373839,2.48957,0.825758,0.719697,-0.957837,2.06768
gp+cal,band,C56,False,132,-1.85582,,0.0335442,0.00435139,,0.424242,0.25,6.51663,8.25982
gp+cal,band,C66,True,132,0.85557,0.315228,,0.377286,2.12822,0.825758,0.712121,-0.957581,2.14551
gp+cal,band,E_x,True,132,0.822365,0.444197,,0.46673,2.36394,0.757576,0.651515,-1.33497,2.05794
gp+cal,band,E_y,True,132,0.831674,0.428193,,0.455841,2.29729,0.75,0.643939,-1.34754,2.20892
gp+cal,band,E_z,True,132,0.837172,0.421109,,0.4562,2.29729,0.772727,0.651515,-1.16674,1.9683
gp+cal,band,E_axial,True,132,0.821864,0.430602,,0.461059,2.29729,0.666667,0.590909,-1.95021,3.00977
gp+cal,band,a_sf_L,True,132,0.945274,0.0227249,,0.0328883,0.0846678,0.492424,0.310606,-1.8348,4.31943
gp+cal,band,loc_uniaxial_x_p99,True,132,0.88984,0.139965,,0.274336,0.534595,0.742424,0.590909,1.32286,2.10795
gp+cal,band,loc_uniaxial_y_p99,True,132,0.886616,0.139565,,0.279817,0.559422,0.727273,0.606061,1.40103,2.1397
gp+cal,band,loc_uniaxial_z_p99,True,132,0.864488,0.161314,,0.312008,0.564425,0.704545,0.568182,1.50216,2.12301
gp+cal,band,loc_shear_yz_p99,True,132,0.872894,0.158252,,0.29844,0.54906,0.719697,0.568182,1.51552,2.06005
gp+cal,band,loc_shear_xz_p99,True,132,0.864318,0.166607,,0.308035,0.558171,0.719697,0.55303,1.56185,1.96999
gp+cal,band,loc_shear_xy_p99,True,132,0.863816,0.169388,,0.313257,0.585298,0.712121,0.560606,1.60038,2.06236
gp,sparse,K_eig1,True,195,0.992883,0.0255121,,0.0496929,0.409016,0.882051,0.733333,-0.196969,2.11847
gp,sparse,K_eig2,True,195,0.99549,0.0211191,,0.0365191,0.249566,0.902564,0.753846,-0.462527,1.63665
gp,sparse,K_eig3,True,195,0.998124,0.0147702,,0.0237587,0.0980206,0.892308,0.753846,-0.018628,1.18005
gp,sparse,K_mean,True,195,0.997279,0.0147998,,0.0288335,0.200121,0.815385,0.610256,-0.294591,2.40628
gp,sparse,K_xx,True,195,0.996869,0.0155166,,0.0301218,0.232246,0.861538,0.753846,-0.164697,1.5048
gp,sparse,K_yy,True,195,0.996845,0.0153032,,0.0302311,0.2445,0.871795,0.74359,-0.145901,1.53343
gp,sparse,K_zz,True,195,0.996705,0.0175361,,0.0356377,0.369888,0.866667,0.769231,-0.251891,1.67714
gp,sparse,K_yz,False,195,0.904854,,0.00563676,4.62623e-05,,0.74359,0.548718,-0.0619288,2.26341
gp,sparse,K_xz,False,195,0.922295,,0.00497961,4.09937e-05,,0.738462,0.538462,0.432325,2.03554
gp,sparse,K_xy,False,195,0.444818,,0.0153597,0.000115852,,0.902564,0.748718,0.11581,1.56086
gp,sparse,keff_xx,True,195,0.982248,0.037334,,0.0632432,0.272808,0.897436,0.8,0.133887,1.20448
gp,sparse,keff_yy,True,195,0.982,0.0374302,,0.0640646,0.270464,0.912821,0.810256,0.16132,1.18403
gp,sparse,keff_zz,True,195,0.978398,0.0444375,,0.0727377,0.28068,0.882051,0.753846,0.0498133,1.22896
gp,sparse,keff_yz,False,195,0.76613,,0.0141281,0.00428756,,0.948718,0.753846,-0.0658081,1.10165
gp,sparse,keff_xz,False,195,0.749377,,0.0147881,0.00452305,,0.923077,0.758974,-0.120737,1.12803
gp,sparse,keff_xy,False,195,0.695514,,0.0149134,0.00489126,,0.882051,0.753846,0.0178622,1.49104
gp,sparse,keff_mean,True,195,0.981122,0.0368649,,0.0632212,0.255786,0.830769,0.646154,0.211266,1.93644
gp,sparse,C11,True,195,0.952413,0.109613,,0.203153,0.768274,0.866667,0.764103,0.109204,1.61091
gp,sparse,C12,False,195,0.858491,,0.060313,0.0115878,,0.717949,0.584615,0.632461,3.49797
gp,sparse,C13,False,195,0.872693,,0.0574982,0.0109197,,0.733333,0.579487,0.720802,3.60694
gp,sparse,C14,False,195,-1.06075,,0.00964541,0.00196727,,0.897436,0.769231,-0.238975,1.03625
gp,sparse,C15,False,195,-1.02467,,0.015125,0.00260194,,0.928205,0.789744,-0.149533,0.953848
gp,sparse,C16,False,195,0.291807,,0.00970658,0.00176575,,0.907692,0.748718,-0.0768188,1.23355
gp,sparse,C22,True,195,0.95177,0.112126,,0.20491,0.803608,0.861538,0.764103,0.113539,1.60797
gp,sparse,C23,False,195,0.873505,,0.0576242,0.010884,,0.738462,0.579487,0.692526,3.54645
gp,sparse,C24,False,195,-0.52544,,0.0136927,0.00241078,,0.928205,0.74359,-0.159558,1.09516
gp,sparse,C25,False,195,-0.71203,,0.00989718,0.001775,,0.923077,0.738462,-0.286631,0.943854
gp,sparse,C26,False,195,-0.0212585,,0.011428,0.00200586,,0.902564,0.733333,-0.0890048,1.22572
gp,sparse,C33,True,195,0.938336,0.132661,,0.238864,0.912943,0.830769,0.717949,0.135963,1.69267
gp,sparse,C34,False,195,-13.3768,,0.0378111,0.00822086,,0.902564,0.8,-0.224652,1.16694
gp,sparse,C35,False,195,-9.80562,,0.0371426,0.0073154,,0.907692,0.779487,-0.209626,1.122
gp,sparse,C36,False,195,0.107155,,0.00742715,0.0013726,,0.866667,0.661538,0.0766747,1.31164
gp,sparse,C44,True,195,0.945251,0.0968211,,0.177825,0.641939,0.923077,0.825641,0.111097,1.00573
gp,sparse,C45,False,195,-2.20258,,0.0232763,0.00473354,,0.841026,0.682051,-0.185467,1.43231
gp,sparse,C46,False,195,0.508828,,0.00986293,0.00171715,,0.928205,0.805128,0.0260178,0.908238
gp,sparse,C55,True,195,0.94493,0.0978618,,0.178666,0.635387,0.917949,0.825641,0.102597,1.00809
gp,sparse,C56,False,195,0.56703,,0.00953794,0.00162178,,0.928205,0.815385,0.0160115,0.882357
gp,sparse,C66,True,195,0.93732,0.102707,,0.200502,0.760497,0.912821,0.835897,0.153776,1.13359
gp,sparse,E_x,True,195,0.967343,0.0936461,,0.161457,0.60521,0.892308,0.805128,0.0400565,1.26145
gp,sparse,E_y,True,195,0.966743,0.0955191,,0.163399,0.614521,0.897436,0.794872,0.0501433,1.26253
gp,sparse,E_z,True,195,0.960422,0.110576,,0.18617,0.784105,0.876923,0.769231,0.0885775,1.34233
gp,sparse,E_axial,True,195,0.963955,0.0948373,,0.166095,0.567062,0.835897,0.676923,0.123614,2.04625
gp,sparse,a_sf_L,True,195,0.995607,0.00532335,,0.009628,0.0458876,0.815385,0.707692,0.157795,1.66712
gp,sparse,loc_uniaxial_x_p99,True,195,0.978838,0.0614991,,0.102615,0.525792,0.902564,0.794872,-0.0366493,1.30518
gp,sparse,loc_uniaxial_y_p99,True,195,0.979379,0.0610962,,0.10169,0.52073,0.912821,0.794872,-0.056862,1.28354
gp,sparse,loc_uniaxial_z_p99,True,195,0.973162,0.0758243,,0.120852,0.607367,0.892308,0.764103,-0.0559868,1.36166
gp,sparse,loc_shear_yz_p99,True,195,0.971936,0.0707017,,0.118765,0.597506,0.912821,0.815385,-0.0249971,1.26694
gp,sparse,loc_shear_xz_p99,True,195,0.972434,0.0720841,,0.117552,0.601781,0.917949,0.794872,-0.0278776,1.24813
gp,sparse,loc_shear_xy_p99,True,195,0.97666,0.0665443,,0.109063,0.519982,0.928205,0.830769,-0.0863284,0.995734
gp+cal,sparse,K_eig1,True,195,0.992883,0.0255121,,0.0496929,0.409016,0.897436,0.748718,-0.175386,1.91443
gp+cal,sparse,K_eig2,True,195,0.99549,0.0211191,,0.0365191,0.249566,0.902564,0.753846,-0.44897,1.59353
gp+cal,sparse,K_eig3,True,195,0.998124,0.0147702,,0.0237587,0.0980206,0.897436,0.779487,-0.00540298,1.06677
gp+cal,sparse,K_mean,True,195,0.997279,0.0147998,,0.0288335,0.200121,0.825641,0.666667,-0.257724,2.14048
gp+cal,sparse,K_xx,True,195,0.996869,0.0155166,,0.0301218,0.232246,0.871795,0.779487,-0.157453,1.43607
gp+cal,sparse,K_yy,True,195,0.996845,0.0153032,,0.0302311,0.2445,0.876923,0.753846,-0.144475,1.51739
gp+cal,sparse,K_zz,True,195,0.996705,0.0175361,,0.0356377,0.369888,0.902564,0.815385,-0.199998,1.33477
gp+cal,sparse,K_yz,False,195,0.904854,,0.00563676,4.62623e-05,,0.74359,0.548718,-0.0617245,2.25659
gp+cal,sparse,K_xz,False,195,0.922295,,0.00497961,4.09937e-05,,0.882051,0.661538,0.299165,1.37834
gp+cal,sparse,K_xy,False,195,0.444818,,0.0153597,0.000115852,,0.902564,0.748718,0.115843,1.55954
gp+cal,sparse,keff_xx,True,195,0.982248,0.037334,,0.0632432,0.272808,0.94359,0.882051,0.0866284,0.778904
gp+cal,sparse,keff_yy,True,195,0.982,0.0374302,,0.0640646,0.270464,0.948718,0.882051,0.104058,0.762347
gp+cal,sparse,keff_zz,True,195,0.978398,0.0444375,,0.0727377,0.28068,0.958974,0.830769,0.0324363,0.791099
gp+cal,sparse,keff_yz,False,195,0.76613,,0.0141281,0.00428756,,0.989744,0.948718,-0.0320209,0.529281
gp+cal,sparse,keff_xz,False,195,0.749377,,0.0147881,0.00452305,,0.979487,0.897436,-0.0718454,0.65454
gp+cal,sparse,keff_xy,False,195,0.695514,,0.0149134,0.00489126,,0.948718,0.866667,0.00986969,0.846188
gp+cal,sparse,keff_mean,True,195,0.981122,0.0368649,,0.0632212,0.255786,0.892308,0.784615,0.136205,1.24546
gp+cal,sparse,C11,True,195,0.952413,0.109613,,0.203153,0.768274,0.917949,0.851282,0.0644213,0.959815
gp+cal,sparse,C12,False,195,0.858491,,0.060313,0.0115878,,0.835897,0.666667,0.402225,2.22296
gp+cal,sparse,C13,False,195,0.872693,,0.0574982,0.0109197,,0.85641,0.697436,0.416331,2.08424
gp+cal,sparse,C14,False,195,-1.06075,,0.00964541,0.00196727,,0.994872,0.892308,-0.135896,0.593616
gp+cal,sparse,C15,False,195,-1.02467,,0.015125,0.00260194,,1,0.912821,-0.0831498,0.530909
gp+cal,sparse,C16,False,195,0.291807,,0.00970658,0.00176575,,0.969231,0.882051,-0.0483111,0.72209
gp+cal,sparse,C22,True,195,0.95177,0.112126,,0.20491,0.803608,0.907692,0.835897,0.0727322,1.02714
gp+cal,sparse,C23,False,195,0.873505,,0.0576242,0.010884,,0.85641,0.697436,0.405775,2.07638
gp+cal,sparse,C24,False,195,-0.52544,,0.0136927,0.00241078,,0.984615,0.917949,-0.0858052,0.585825
gp+cal,sparse,C25,False,195,-0.71203,,0.00989718,0.001775,,1,0.892308,-0.167999,0.550516
gp+cal,sparse,C26,False,195,-0.0212585,,0.011428,0.00200586,,0.964103,0.876923,-0.0564742,0.748736
gp+cal,sparse,C33,True,195,0.938336,0.132661,,0.238864,0.912943,0.902564,0.815385,0.0860712,1.05908
gp+cal,sparse,C34,False,195,-13.3768,,0.0378111,0.00822086,,0.979487,0.902564,-0.126998,0.657909
gp+cal,sparse,C35,False,195,-9.80562,,0.0371426,0.0073154,,0.974359,0.882051,-0.133015,0.700373
gp+cal,sparse,C36,False,195,0.107155,,0.00742715,0.0013726,,0.969231,0.846154,0.0491227,0.79168
gp+cal,sparse,C44,True,195,0.945251,0.0968211,,0.177825,0.641939,0.969231,0.897436,0.0714444,0.649344
gp+cal,sparse,C45,False,195,-2.20258,,0.0232763,0.00473354,,0.948718,0.815385,-0.110051,0.819958
gp+cal,sparse,C46,False,195,0.508828,,0.00986293,0.00171715,,1,0.928205,0.0125162,0.481025
gp+cal,sparse,C55,True,195,0.94493,0.0978618,,0.178666,0.635387,0.969231,0.902564,0.0643798,0.63431
gp+cal,sparse,C56,False,195,0.56703,,0.00953794,0.00162178,,1,0.928205,0.00660199,0.47506
gp+cal,sparse,C66,True,195,0.93732,0.102707,,0.200502,0.760497,0.94359,0.897436,0.106165,0.780794
gp+cal,sparse,E_x,True,195,0.967343,0.0936461,,0.161457,0.60521,0.953846,0.866667,0.0231649,0.752477
gp+cal,sparse,E_y,True,195,0.966743,0.0955191,,0.163399,0.614521,0.953846,0.861538,0.032513,0.807601
gp+cal,sparse,E_z,True,195,0.960422,0.110576,,0.18617,0.784105,0.933333,0.851282,0.0555142,0.84157
gp+cal,sparse,E_axial,True,195,0.963955,0.0948373,,0.166095,0.567062,0.887179,0.820513,0.0765013,1.27007
gp+cal,sparse,a_sf_L,True,195,0.995607,0.00532335,,0.009628,0.0458876,0.871795,0.74359,0.124745,1.31795
gp+cal,sparse,loc_uniaxial_x_p99,True,195,0.978838,0.0614991,,0.102615,0.525792,0.958974,0.887179,-0.0206993,0.748703
gp+cal,sparse,loc_uniaxial_y_p99,True,195,0.979379,0.0610962,,0.10169,0.52073,0.958974,0.892308,-0.0337379,0.759762
gp+cal,sparse,loc_uniaxial_z_p99,True,195,0.973162,0.0758243,,0.120852,0.607367,0.958974,0.882051,-0.0338857,0.817595
gp+cal,sparse,loc_shear_yz_p99,True,195,0.971936,0.0707017,,0.118765,0.597506,0.958974,0.882051,-0.0152559,0.765855
gp+cal,sparse,loc_shear_xz_p99,True,195,0.972434,0.0720841,,0.117552,0.601781,0.958974,0.887179,-0.0159076,0.721927
gp+cal,sparse,loc_shear_xy_p99,True,195,0.97666,0.0665443,,0.109063,0.519982,0.974359,0.917949,-0.0522988,0.601129
ensemble,cv5,K_eig1,True,290,0.998307,0.0107461,,0.0246414,0.29928,0.893103,0.682759,-0.065526,1.23688
ensemble,cv5,K_eig2,True,290,0.998772,0.00906978,,0.0195049,0.217198,0.868966,0.631034,0.0564035,1.42519
ensemble,cv5,K_eig3,True,290,0.999649,0.00670087,,0.0105591,0.0527934,0.910345,0.710345,0.107254,1.02525
ensemble,cv5,K_mean,True,290,0.999237,0.0074725,,0.0156186,0.161865,0.851724,0.67931,0.0393041,1.42628
ensemble,cv5,K_xx,True,290,0.999231,0.00768751,,0.015341,0.137383,0.927586,0.727586,0.00163861,1.09835
ensemble,cv5,K_yy,True,290,0.999218,0.00793166,,0.0154692,0.128196,0.931034,0.741379,0.0342654,1.097
ensemble,cv5,K_zz,True,290,0.998873,0.00948632,,0.0210982,0.259725,0.944828,0.772414,0.042718,0.981619
ensemble,cv5,K_yz,False,290,0.982421,,0.00245514,1.98126e-05,,0.903448,0.627586,-0.100231,1.30333
ensemble,cv5,K_xz,False,290,0.981258,,0.00236873,2.01206e-05,,0.917241,0.686207,-0.0793762,1.26886
ensemble,cv5,K_xy,False,290,0.983548,,0.00257448,1.98638e-05,,0.9,0.624138,-0.0512066,1.3035
ensemble,cv5,keff_xx,True,290,0.995552,0.0140903,,0.0331284,0.247309,0.875862,0.686207,-0.156952,1.82214
ensemble,cv5,keff_yy,True,290,0.995412,0.0145227,,0.0338447,0.245114,0.882759,0.689655,-0.112947,1.71685
ensemble,cv5,keff_zz,True,290,0.995188,0.0155737,,0.0351421,0.267968,0.913793,0.706897,-0.125273,1.57202
ensemble,cv5,keff_yz,False,290,0.952343,,0.00467504,0.00196912,,0.841379,0.610345,0.0115441,1.66336
ensemble,cv5,keff_xz,False,290,0.959258,,0.00443152,0.00186844,,0.865517,0.631034,0.0697386,1.57638
ensemble,cv5,keff_xy,False,290,0.944286,,0.0046748,0.00204192,,0.862069,0.62069,0.0147927,1.74373
ensemble,cv5,keff_mean,True,290,0.995312,0.0137943,,0.0328816,0.25321,0.827586,0.6,-0.20924,2.50785
ensemble,cv5,C11,True,290,0.987418,0.0428225,,0.107682,1.03573,0.855172,0.606897,-0.15555,2.55843
ensemble,cv5,C12,False,290,0.992076,,0.0106187,0.00293885,,0.851724,0.634483,0.0679868,2.32123
ensemble,cv5,C13,False,290,0.99237,,0.00983015,0.00282041,,0.862069,0.658621,0.106397,2.13923
ensemble,cv5,C14,False,290,0.926255,,0.00150075,0.000377594,,0.889655,0.682759,-0.00730052,1.28892
ensemble,cv5,C15,False,290,0.821207,,0.00309341,0.000753012,,0.858621,0.589655,0.0038925,1.39436
ensemble,cv5,C16,False,290,0.819246,,0.0031658,0.000849133,,0.844828,0.593103,-0.0243119,1.64563
ensemble,cv5,C22,True,290,0.987526,0.0428624,,0.107445,1.04282,0.862069,0.613793,-0.124452,2.40802
ensemble,cv5,C23,False,290,0.99252,,0.00981909,0.00279315,,0.858621,0.648276,0.0807924,2.07457
ensemble,cv5,C24,False,290,0.855671,,0.00283328,0.00072515,,0.837931,0.582759,-0.0356774,1.53089
ensemble,cv5,C25,False,290,0.930695,,0.00149807,0.000360154,,0.910345,0.710345,0.0318419,1.20159
ensemble,cv5,C26,False,290,0.760079,,0.00341118,0.000905696,,0.896552,0.644828,-0.00919459,1.42444
ensemble,cv5,C33,True,290,0.987912,0.0432519,,0.107386,1.06591,0.858621,0.641379,-0.0348695,1.83519
ensemble,cv5,C34,False,290,0.774865,,0.00373342,0.0010533,,0.848276,0.572414,-0.0516078,1.50413
ensemble,cv5,C35,False,290,0.86915,,0.00313302,0.000824686,,0.865517,0.57931,0.0220848,1.41817
ensemble,cv5,C36,False,290,0.946267,,0.00146723,0.00034391,,0.917241,0.734483,0.0271272,1.15655
ensemble,cv5,C44,True,290,0.990683,0.0310185,,0.0760965,0.570595,0.872414,0.686207,-0.0353069,1.46374
ensemble,cv5,C45,False,290,0.96177,,0.00201579,0.000539009,,0.92069,0.67931,-0.038985,1.15968
ensemble,cv5,C46,False,290,0.948854,,0.00205398,0.000562589,,0.913793,0.689655,-0.0344461,1.15045
ensemble,cv5,C55,True,290,0.990303,0.0318575,,0.0776702,0.568752,0.886207,0.72069,-0.0127165,1.42058
ensemble,cv5,C56,False,290,0.957617,,0.00191716,0.000516521,,0.913793,0.7,-0.0547218,1.15973
ensemble,cv5,C66,True,290,0.990025,0.0341647,,0.0833369,0.555796,0.886207,0.672414,-0.0276668,1.45664
ensemble,cv5,E_x,True,290,0.988761,0.0402395,,0.0980797,0.968433,0.813793,0.565517,-0.197441,2.59142
ensemble,cv5,E_y,True,290,0.988602,0.0405531,,0.0989865,0.977075,0.806897,0.593103,-0.152549,2.42981
ensemble,cv5,E_z,True,290,0.989231,0.0413221,,0.0989854,0.979558,0.844828,0.637931,-0.0843625,1.91093
ensemble,cv5,E_axial,True,290,0.988032,0.0394013,,0.0987676,0.97494,0.737931,0.510345,-0.163796,3.0861
ensemble,cv5,a_sf_L,True,290,0.99923,0.00231348,,0.00397606,0.0252931,0.97931,0.844828,0.00797801,0.774889
ensemble,cv5,loc_uniaxial_x_p99,True,290,0.990447,0.0284227,,0.0707662,0.417087,0.875862,0.689655,0.0266496,1.73493
ensemble,cv5,loc_uniaxial_y_p99,True,290,0.990449,0.0282039,,0.0710117,0.446296,0.875862,0.696552,0.0270408,1.7526
ensemble,cv5,loc_uniaxial_z_p99,True,290,0.990189,0.0316918,,0.0744651,0.456574,0.9,0.755172,0.0886885,1.75206
ensemble,cv5,loc_shear_yz_p99,True,290,0.986113,0.0355956,,0.0857211,0.624757,0.855172,0.613793,0.0543229,1.77034
ensemble,cv5,loc_shear_xz_p99,True,290,0.986366,0.0350699,,0.0848793,0.621233,0.841379,0.637931,0.0268236,1.76723
ensemble,cv5,loc_shear_xy_p99,True,290,0.98716,0.0356885,,0.0840061,0.661502,0.868966,0.693103,-0.0284281,1.62782
ensemble+cal,cv5,K_eig1,True,290,0.998307,0.0107461,,0.0246414,0.29928,0.906897,0.696552,-0.0624761,1.20578
ensemble+cal,cv5,K_eig2,True,290,0.998772,0.00906978,,0.0195049,0.217198,0.889655,0.655172,0.0528567,1.3514
ensemble+cal,cv5,K_eig3,True,290,0.999649,0.00670087,,0.0105591,0.0527934,0.924138,0.727586,0.101396,0.987102
ensemble+cal,cv5,K_mean,True,290,0.999237,0.0074725,,0.0156186,0.161865,0.858621,0.67931,0.0391069,1.42345
ensemble+cal,cv5,K_xx,True,290,0.999231,0.00768751,,0.015341,0.137383,0.934483,0.727586,0.00147851,1.09542
ensemble+cal,cv5,K_yy,True,290,0.999218,0.00793166,,0.0154692,0.128196,0.941379,0.741379,0.0339557,1.09262
ensemble+cal,cv5,K_zz,True,290,0.998873,0.00948632,,0.0210982,0.259725,0.951724,0.772414,0.0427849,0.980652
ensemble+cal,cv5,K_yz,False,290,0.982421,,0.00245514,1.98126e-05,,0.944828,0.737931,-0.0799645,1.04246
ensemble+cal,cv5,K_xz,False,290,0.981258,,0.00236873,2.01206e-05,,0.951724,0.755172,-0.0679318,1.04205
ensemble+cal,cv5,K_xy,False,290,0.983548,,0.00257448,1.98638e-05,,0.948276,0.727586,-0.03924,1.05088
ensemble+cal,cv5,keff_xx,True,290,0.995552,0.0140903,,0.0331284,0.247309,0.944828,0.824138,-0.105712,1.19183
ensemble+cal,cv5,keff_yy,True,290,0.995412,0.0145227,,0.0338447,0.245114,0.944828,0.831034,-0.0767141,1.13891
ensemble+cal,cv5,keff_zz,True,290,0.995188,0.0155737,,0.0351421,0.267968,0.951724,0.775862,-0.101933,1.22061
ensemble+cal,cv5,keff_yz,False,290,0.952343,,0.00467504,0.00196912,,0.951724,0.817241,0.00554192,0.97699
ensemble+cal,cv5,keff_xz,False,290,0.959258,,0.00443152,0.00186844,,0.968966,0.837931,0.0403389,0.916603
ensemble+cal,cv5,keff_xy,False,290,0.944286,,0.0046748,0.00204192,,0.958621,0.834483,0.00860079,1.00669
ensemble+cal,cv5,keff_mean,True,290,0.995312,0.0137943,,0.0328816,0.25321,0.906897,0.737931,-0.149039,1.77766
ensemble+cal,cv5,C11,True,290,0.987418,0.0428225,,0.107682,1.03573,0.937931,0.834483,-0.105492,1.59465
ensemble+cal,cv5,C12,False,290,0.992076,,0.0106187,0.00293885,,0.924138,0.803448,0.0363032,1.54625
ensemble+cal,cv5,C13,False,290,0.99237,,0.00983015,0.00282041,,0.931034,0.8,0.0653596,1.40224
ensemble+cal,cv5,C14,False,290,0.926255,,0.00150075,0.000377594,,0.965517,0.844828,-0.00316565,0.834694
ensemble+cal,cv5,C15,False,290,0.821207,,0.00309341,0.000753012,,0.951724,0.796552,0.00333517,0.87126
ensemble+cal,cv5,C16,False,290,0.819246,,0.0031658,0.000849133,,0.944828,0.82069,-0.0129932,0.926234
ensemble+cal,cv5,C22,True,290,0.987526,0.0428624,,0.107445,1.04282,0.937931,0.844828,-0.0851988,1.47576
ensemble+cal,cv5,C23,False,290,0.99252,,0.00981909,0.00279315,,0.924138,0.796552,0.0519639,1.44705
ensemble+cal,cv5,C24,False,290,0.855671,,0.00283328,0.00072515,,0.948276,0.772414,-0.0272947,0.942481
ensemble+cal,cv5,C25,False,290,0.930695,,0.00149807,0.000360154,,0.962069,0.865517,0.0210762,0.755718
ensemble+cal,cv5,C26,False,290,0.760079,,0.00341118,0.000905696,,0.948276,0.782759,-0.00245136,0.945462
ensemble+cal,cv5,C33,True,290,0.987912,0.0432519,,0.107386,1.06591,0.934483,0.813793,-0.0271029,1.20591
ensemble+cal,cv5,C34,False,290,0.774865,,0.00373342,0.0010533,,0.948276,0.793103,-0.0387155,0.953305
ensemble+cal,cv5,C35,False,290,0.86915,,0.00313302,0.000824686,,0.968966,0.796552,0.0122183,0.852901
ensemble+cal,cv5,C36,False,290,0.946267,,0.00146723,0.00034391,,0.965517,0.868966,0.0211147,0.750889
ensemble+cal,cv5,C44,True,290,0.990683,0.0310185,,0.0760965,0.570595,0.972414,0.875862,-0.0201084,0.746357
ensemble+cal,cv5,C45,False,290,0.96177,,0.00201579,0.000539009,,0.972414,0.896552,-0.0241763,0.67942
ensemble+cal,cv5,C46,False,290,0.948854,,0.00205398,0.000562589,,0.972414,0.837931,-0.0235998,0.782478
ensemble+cal,cv5,C55,True,290,0.990303,0.0318575,,0.0776702,0.568752,0.965517,0.875862,-0.00637303,0.770039
ensemble+cal,cv5,C56,False,290,0.957617,,0.00191716,0.000516521,,0.962069,0.848276,-0.0319481,0.786165
ensemble+cal,cv5,C66,True,290,0.990025,0.0341647,,0.0833369,0.555796,0.968966,0.851724,-0.0204267,0.904817
ensemble+cal,cv5,E_x,True,290,0.988761,0.0402395,,0.0980797,0.968433,0.937931,0.786207,-0.131295,1.5955
ensemble+cal,cv5,E_y,True,290,0.988602,0.0405531,,0.0989865,0.977075,0.934483,0.782759,-0.10173,1.46794
ensemble+cal,cv5,E_z,True,290,0.989231,0.0413221,,0.0989854,0.979558,0.931034,0.786207,-0.0631358,1.24405
ensemble+cal,cv5,E_axial,True,290,0.988032,0.0394013,,0.0987676,0.97494,0.893103,0.710345,-0.119355,1.99927
ensemble+cal,cv5,a_sf_L,True,290,0.99923,0.00231348,,0.00397606,0.0252931,0.97931,0.844828,0.00797801,0.774889
ensemble+cal,cv5,loc_uniaxial_x_p99,True,290,0.990447,0.0284227,,0.0707662,0.417087,0.941379,0.824138,0.0217497,1.14787
ensemble+cal,cv5,loc_uniaxial_y_p99,True,290,0.990449,0.0282039,,0.0710117,0.446296,0.937931,0.827586,0.0227692,1.14423
ensemble+cal,cv5,loc_uniaxial_z_p99,True,290,0.990189,0.0316918,,0.0744651,0.456574,0.934483,0.851724,0.0619988,1.43425
ensemble+cal,cv5,loc_shear_yz_p99,True,290,0.986113,0.0355956,,0.0857211,0.624757,0.92069,0.813793,0.038245,1.15958
ensemble+cal,cv5,loc_shear_xz_p99,True,290,0.986366,0.0350699,,0.0848793,0.621233,0.924138,0.786207,0.01582,1.26204
ensemble+cal,cv5,loc_shear_xy_p99,True,290,0.98716,0.0356885,,0.0840061,0.661502,0.931034,0.806897,-0.0249319,1.24014
ensemble,band,K_eig1,True,132,0.969218,0.0684489,,0.108432,0.361133,0.727273,0.484848,-0.358672,2.77555
ensemble,band,K_eig2,True,132,0.98097,0.0524014,,0.080082,0.284741,0.840909,0.628788,-0.391389,2.25207
ensemble,band,K_eig3,True,132,0.985526,0.0419169,,0.0686601,0.204907,0.969697,0.636364,-0.00287652,1.01261
ensemble,band,K_mean,True,132,0.982424,0.0483862,,0.077212,0.220156,0.80303,0.537879,-0.196338,1.88246
ensemble,band,K_xx,True,132,0.981631,0.0508924,,0.0777655,0.214408,0.840909,0.606061,-0.23544,1.82181
ensemble,band,K_yy,True,132,0.985052,0.0454041,,0.0701115,0.242718,0.909091,0.780303,-0.317535,1.52431
ensemble,band,K_zz,True,132,0.973787,0.0590979,,0.103108,0.320853,0.863636,0.651515,0.0350012,1.34726
ensemble,band,K_yz,False,132,0.558371,,0.0174782,0.000120238,,0.386364,0.166667,0.66169,3.39081
ensemble,band,K_xz,False,132,0.511535,,0.0177107,0.000124968,,0.340909,0.181818,1.0624,3.69987
ensemble,band,K_xy,False,132,0.495928,,0.0190502,0.000134433,,0.333333,0.136364,1.1054,3.65234
ensemble,band,keff_xx,True,132,0.917657,0.120321,,0.161644,0.592743,0.674242,0.492424,-1.51306,1.65004
ensemble,band,keff_yy,True,132,0.915808,0.121301,,0.165155,0.678799,0.681818,0.431818,-1.64226,1.94537
ensemble,band,keff_zz,True,132,0.912773,0.129162,,0.169265,0.726651,0.689394,0.371212,-1.6914,1.70378
ensemble,band,keff_yz,False,132,-0.0683989,,0.0405249,0.0102318,,0.272727,0.121212,2.91789,4.56805
ensemble,band,keff_xz,False,132,0.105745,,0.0371445,0.00964378,,0.272727,0.128788,3.2164,4.9782
ensemble,band,keff_xy,False,132,0.0530793,,0.0355126,0.00933618,,0.409091,0.227273,2.38668,3.57598
ensemble,band,keff_mean,True,132,0.913779,0.119978,,0.160357,0.566809,0.507576,0.265152,-2.56299,2.7817
ensemble,band,C11,True,132,0.739074,0.656079,,0.600588,3.73131,0.590909,0.348485,-2.75604,3.37402
ensemble,band,C12,False,132,0.840669,,0.0922209,0.0135006,,0.492424,0.295455,-2.53128,2.40262
ensemble,band,C13,False,132,0.839688,,0.0937008,0.013511,,0.462121,0.272727,-2.90082,2.66828
ensemble,band,C14,False,132,0.203731,,0.00882169,0.00133439,,0.621212,0.30303,0.972891,2.28672
ensemble,band,C15,False,132,-0.134823,,0.0152771,0.00252399,,0.545455,0.333333,-1.40243,4.26447
ensemble,band,C16,False,132,0.137323,,0.0139858,0.0021031,,0.454545,0.219697,0.940749,3.61663
ensemble,band,C22,True,132,0.73131,0.678207,,0.61113,3.55515,0.5,0.325758,-2.90326,3.37467
ensemble,band,C23,False,132,0.838634,,0.0940105,0.0135586,,0.477273,0.265152,-2.76259,2.41766
ensemble,band,C24,False,132,0.15707,,0.0128764,0.00194961,,0.537879,0.348485,0.447349,3.4236
ensemble,band,C25,False,132,0.0352031,,0.00830637,0.00134753,,0.719697,0.477273,-0.167437,2.37255
ensemble,band,C26,False,132,-0.0491852,,0.0155977,0.00254649,,0.568182,0.333333,-0.0962413,3.78071
ensemble,band,C33,True,132,0.73868,0.670522,,0.606933,3.6779,0.5,0.272727,-3.03717,3.36103
ensemble,band,C34,False,132,0.0932589,,0.0183682,0.00285352,,0.454545,0.265152,-0.334542,3.91163
ensemble,band,C35,False,132,0.241812,,0.014655,0.00223329,,0.568182,0.348485,-0.440217,3.3203
ensemble,band,C36,False,132,0.112647,,0.00928648,0.00144912,,0.689394,0.454545,0.883158,2.03977
ensemble,band,C44,True,132,0.820568,0.355269,,0.399351,2.87119,0.5,0.280303,-2.87045,2.81169
ensemble,band,C45,False,132,0.039669,,0.018005,0.00286318,,0.44697,0.272727,3.08511,4.53234
ensemble,band,C46,False,132,-0.0497092,,0.0166111,0.00262394,,0.393939,0.295455,2.65227,5.05096
ensemble,band,C55,True,132,0.806826,0.377886,,0.415238,3.10394,0.583333,0.340909,-2.41099,2.45875
ensemble,band,C56,False,132,-0.164047,,0.0178987,0.0027781,,0.462121,0.280303,4.10269,5.31987
ensemble,band,C66,True,132,0.823838,0.373529,,0.416675,2.7441,0.590909,0.363636,-1.96907,2.39991
ensemble,band,E_x,True,132,0.81149,0.469045,,0.480804,2.4375,0.621212,0.378788,-2.35446,2.855
ensemble,band,E_y,True,132,0.797675,0.501804,,0.49976,2.35217,0.530303,0.287879,-2.53081,2.93131
ensemble,band,E_z,True,132,0.805037,0.499061,,0.499191,2.27526,0.568182,0.287879,-2.66388,3.14728
ensemble,band,E_axial,True,132,0.793943,0.492945,,0.495877,2.35779,0.393939,0.212121,-3.77019,4.3236
ensemble,band,a_sf_L,True,132,0.936588,0.0237428,,0.0354022,0.100397,0.863636,0.590909,-0.202189,1.32287
ensemble,band,loc_uniaxial_x_p99,True,132,0.864081,0.161067,,0.304726,0.560067,0.560606,0.401515,2.88765,4.52997
ensemble,band,loc_uniaxial_y_p99,True,132,0.875033,0.153948,,0.293763,0.566902,0.636364,0.424242,1.91111,2.43707
ensemble,band,loc_uniaxial_z_p99,True,132,0.828108,0.18811,,0.351402,0.597055,0.628788,0.439394,1.73124,1.92659
ensemble,band,loc_shear_yz_p99,True,132,0.855293,0.172414,,0.318434,0.568022,0.454545,0.310606,2.93251,3.04496
ensemble,band,loc_shear_xz_p99,True,132,0.849319,0.178286,,0.324615,0.568796,0.5,0.310606,2.59194,2.44403
ensemble,band,loc_shear_xy_p99,True,132,0.838534,0.184279,,0.341097,0.603189,0.492424,0.30303,2.57641,2.53933
ensemble+cal,band,K_eig1,True,132,0.969218,0.0684489,,0.108432,0.361133,0.734848,0.484848,-0.330306,2.67414
ensemble+cal,band,K_eig2,True,132,0.98097,0.0524014,,0.080082,0.284741,0.840909,0.628788,-0.36311,2.15368
ensemble+cal,band,K_eig3,True,132,0.985526,0.0419169,,0.0686601,0.204907,0.969697,0.643939,-0.000464087,0.998717
ensemble+cal,band,K_mean,True,132,0.982424,0.0483862,,0.077212,0.220156,0.80303,0.537879,-0.196235,1.88015
ensemble+cal,band,K_xx,True,132,0.981631,0.0508924,,0.0777655,0.214408,0.840909,0.606061,-0.235417,1.82154
ensemble+cal,band,K_yy,True,132,0.985052,0.0454041,,0.0701115,0.242718,0.909091,0.780303,-0.316276,1.51846
ensemble+cal,band,K_zz,True,132,0.973787,0.0590979,,0.103108,0.320853,0.863636,0.651515,0.0349649,1.34721
ensemble+cal,band,K_yz,False,132,0.558371,,0.0174782,0.000120238,,0.469697,0.19697,0.563825,2.74311
ensemble+cal,band,K_xz,False,132,0.511535,,0.0177107,0.000124968,,0.409091,0.204545,0.930255,3.18153
ensemble+cal,band,K_xy,False,132,0.495928,,0.0190502,0.000134433,,0.431818,0.166667,0.921852,2.97349
ensemble+cal,band,keff_xx,True,132,0.917657,0.120321,,0.161644,0.592743,0.863636,0.613636,-0.883084,0.963788
ensemble+cal,band,keff_yy,True,132,0.915808,0.121301,,0.165155,0.678799,0.810606,0.598485,-1.00201,1.18628
ensemble+cal,band,keff_zz,True,132,0.912773,0.129162,,0.169265,0.726651,0.772727,0.522727,-1.27769,1.28965
ensemble+cal,band,keff_yz,False,132,-0.0683989,,0.0405249,0.0102318,,0.598485,0.242424,1.66425,2.59235
ensemble+cal,band,keff_xz,False,132,0.105745,,0.0371445,0.00964378,,0.530303,0.257576,1.86663,2.87441
ensemble+cal,band,keff_xy,False,132,0.0530793,,0.0355126,0.00933618,,0.674242,0.386364,1.33894,1.99869
ensemble+cal,band,keff_mean,True,132,0.913779,0.119978,,0.160357,0.566809,0.689394,0.409091,-1.64048,1.7714
ensemble+cal,band,C11,True,132,0.739074,0.656079,,0.600588,3.73131,0.727273,0.575758,-1.51705,1.85965
ensemble+cal,band,C12,False,132,0.840669,,0.0922209,0.0135006,,0.69697,0.409091,-1.48927,1.43098
ensemble+cal,band,C13,False,132,0.839688,,0.0937008,0.013511,,0.666667,0.431818,-1.67102,1.54955
ensemble+cal,band,C14,False,132,0.203731,,0.00882169,0.00133439,,0.818182,0.522727,0.60116,1.45698
ensemble+cal,band,C15,False,132,-0.134823,,0.0152771,0.00252399,,0.681818,0.462121,-0.872283,2.61287
ensemble+cal,band,C16,False,132,0.137323,,0.0139858,0.0021031,,0.765152,0.393939,0.533085,2.03079
ensemble+cal,band,C22,True,132,0.73131,0.678207,,0.61113,3.55515,0.727273,0.477273,-1.56573,1.82962
ensemble+cal,band,C23,False,132,0.838634,,0.0940105,0.0135586,,0.659091,0.401515,-1.63481,1.45422
ensemble+cal,band,C24,False,132,0.15707,,0.0128764,0.00194961,,0.704545,0.469697,0.264182,2.08014
ensemble+cal,band,C25,False,132,0.0352031,,0.00830637,0.00134753,,0.856061,0.651515,-0.110667,1.44932
ensemble+cal,band,C26,False,132,-0.0491852,,0.0155977,0.00254649,,0.734848,0.492424,-0.0888007,2.41013
ensemble+cal,band,C33,True,132,0.73868,0.670522,,0.606933,3.6779,0.704545,0.484848,-1.70477,1.89348
ensemble+cal,band,C34,False,132,0.0932589,,0.0183682,0.00285352,,0.621212,0.393939,-0.218839,2.39143
ensemble+cal,band,C35,False,132,0.241812,,0.014655,0.00223329,,0.765152,0.530303,-0.252956,1.91731
ensemble+cal,band,C36,False,132,0.112647,,0.00928648,0.00144912,,0.833333,0.636364,0.54639,1.27846
ensemble+cal,band,C44,True,132,0.820568,0.355269,,0.399351,2.87119,0.719697,0.515152,-1.39255,1.36468
ensemble+cal,band,C45,False,132,0.039669,,0.018005,0.00286318,,0.666667,0.439394,1.65265,2.43959
ensemble+cal,band,C46,False,132,-0.0497092,,0.0166111,0.00262394,,0.545455,0.340909,1.57716,3.19356
ensemble+cal,band,C55,True,132,0.806826,0.377886,,0.415238,3.10394,0.757576,0.545455,-1.28411,1.30948
ensemble+cal,band,C56,False,132,-0.164047,,0.0178987,0.0027781,,0.537879,0.363636,2.4611,3.18162
ensemble+cal,band,C66,True,132,0.823838,0.373529,,0.416675,2.7441,0.742424,0.55303,-1.1196,1.36351
ensemble+cal,band,E_x,True,132,0.81149,0.469045,,0.480804,2.4375,0.765152,0.583333,-1.29503,1.57147
ensemble+cal,band,E_y,True,132,0.797675,0.501804,,0.49976,2.35217,0.780303,0.484848,-1.36271,1.58562
ensemble+cal,band,E_z,True,132,0.805037,0.499061,,0.499191,2.27526,0.757576,0.545455,-1.49044,1.76465
ensemble+cal,band,E_axial,True,132,0.793943,0.492945,,0.495877,2.35779,0.621212,0.386364,-2.07168,2.37799
ensemble+cal,band,a_sf_L,True,132,0.936588,0.0237428,,0.0354022,0.100397,0.863636,0.590909,-0.202189,1.32287
ensemble+cal,band,loc_uniaxial_x_p99,True,132,0.864081,0.161067,,0.304726,0.560067,0.69697,0.522727,1.74894,2.73812
ensemble+cal,band,loc_uniaxial_y_p99,True,132,0.875033,0.153948,,0.293763,0.566902,0.75,0.568182,1.15658,1.47269
ensemble+cal,band,loc_uniaxial_z_p99,True,132,0.828108,0.18811,,0.351402,0.597055,0.772727,0.545455,1.16001,1.29119
ensemble+cal,band,loc_shear_yz_p99,True,132,0.855293,0.172414,,0.318434,0.568022,0.704545,0.439394,1.67779,1.7381
ensemble+cal,band,loc_shear_xz_p99,True,132,0.849319,0.178286,,0.324615,0.568796,0.643939,0.424242,1.71962,1.62167
ensemble+cal,band,loc_shear_xy_p99,True,132,0.838534,0.184279,,0.341097,0.603189,0.606061,0.393939,1.82879,1.8051
ensemble,sparse,K_eig1,True,195,0.990574,0.0297801,,0.057187,0.460346,0.784615,0.584615,-0.030202,1.94392
ensemble,sparse,K_eig2,True,195,0.993622,0.0240967,,0.0434257,0.305676,0.8,0.548718,0.101855,1.92802
ensemble,sparse,K_eig3,True,195,0.996996,0.0169332,,0.0300597,0.143007,0.912821,0.666667,0.232123,1.09221
ensemble,sparse,K_mean,True,195,0.995282,0.0206496,,0.0379636,0.229539,0.764103,0.507692,0.128254,1.86537
ensemble,sparse,K_xx,True,195,0.995059,0.0209218,,0.0378401,0.215847,0.887179,0.717949,0.126365,1.23498
ensemble,sparse,K_yy,True,195,0.994764,0.0224175,,0.0389486,0.231775,0.85641,0.594872,0.0965154,1.40547
ensemble,sparse,K_zz,True,195,0.994365,0.0239779,,0.046605,0.405702,0.917949,0.692308,0.00738756,1.24256
ensemble,sparse,K_yz,False,195,0.896433,,0.00552221,4.82661e-05,,0.666667,0.394872,0.466594,3.03671
ensemble,sparse,K_xz,False,195,0.915551,,0.00535345,4.27357e-05,,0.676923,0.441026,0.772776,2.95963
ensemble,sparse,K_xy,False,195,0.924787,,0.00566343,4.26414e-05,,0.594872,0.297436,0.46932,3.23608
ensemble,sparse,keff_xx,True,195,0.982722,0.0333153,,0.0623925,0.485211,0.830769,0.6,-0.0465281,2.23523
ensemble,sparse,keff_yy,True,195,0.983998,0.0328488,,0.0604034,0.472207,0.820513,0.584615,-0.0205359,2.03253
ensemble,sparse,keff_zz,True,195,0.980707,0.0354751,,0.0687402,0.586081,0.810256,0.594872,-0.0494086,2.01568
ensemble,sparse,keff_yz,False,195,0.867712,,0.00974798,0.00322467,,0.74359,0.502564,0.0190939,2.41839
ensemble,sparse,keff_xz,False,195,0.860718,,0.0102161,0.00337185,,0.717949,0.533333,0.00375156,2.04029
ensemble,sparse,keff_xy,False,195,0.825418,,0.0104923,0.00370371,,0.707692,0.441026,0.106519,2.82266
ensemble,sparse,keff_mean,True,195,0.981749,0.0328682,,0.0621639,0.501341,0.717949,0.441026,-0.0444547,3.078
ensemble,sparse,C11,True,195,0.946335,0.115132,,0.215737,1.86971,0.769231,0.523077,-0.0277307,2.68308
ensemble,sparse,C12,False,195,0.954693,,0.0317155,0.00655675,,0.676923,0.430769,0.355498,4.81674
ensemble,sparse,C13,False,195,0.960115,,0.0305364,0.00611212,,0.692308,0.425641,0.554091,5.87516
ensemble,sparse,C14,False,195,0.771916,,0.00322591,0.000654486,,0.825641,0.564103,-0.0211353,1.56911
ensemble,sparse,C15,False,195,0.160538,,0.00787556,0.00167541,,0.764103,0.517949,-0.120896,1.95219
ensemble,sparse,C16,False,195,0.531877,,0.00660202,0.0014356,,0.733333,0.461538,-0.0305587,3.53728
ensemble,sparse,C22,True,195,0.944197,0.119474,,0.220411,1.88524,0.774359,0.476923,-0.0841844,2.88475
ensemble,sparse,C23,False,195,0.959654,,0.0307698,0.00614687,,0.682051,0.430769,0.43779,5.38662
ensemble,sparse,C24,False,195,0.440528,,0.00698622,0.00145999,,0.738462,0.45641,0.04499,1.94518
ensemble,sparse,C25,False,195,0.697366,,0.0037258,0.000746281,,0.841026,0.553846,-0.215142,1.44804
ensemble,sparse,C26,False,195,0.219205,,0.0079696,0.00175389,,0.733333,0.507692,-0.336143,3.37256
ensemble,sparse,C33,True,195,0.949463,0.119081,,0.216242,1.63042,0.758974,0.528205,-0.0867242,3.07799
ensemble,sparse,C34,False,195,0.19617,,0.00900144,0.00194388,,0.769231,0.507692,-0.10175,1.73426
ensemble,sparse,C35,False,195,0.544684,,0.00692612,0.00150165,,0.764103,0.512821,-0.168094,1.91672
ensemble,sparse,C36,False,195,0.660755,,0.00400732,0.000846086,,0.794872,0.523077,0.021317,2.5698
ensemble,sparse,C44,True,195,0.946411,0.0878307,,0.175932,1.20217,0.784615,0.558974,0.0667095,2.28795
ensemble,sparse,C45,False,195,0.799038,,0.00579094,0.00118575,,0.841026,0.635897,-0.328959,1.69755
ensemble,sparse,C46,False,195,0.78218,,0.00539087,0.00114351,,0.825641,0.630769,-0.191037,1.66094
ensemble,sparse,C55,True,195,0.945505,0.0897112,,0.177732,1.35675,0.810256,0.594872,0.119071,2.07252
ensemble,sparse,C56,False,195,0.804811,,0.00532308,0.00108891,,0.810256,0.630769,-0.0517386,1.81933
ensemble,sparse,C66,True,195,0.95077,0.0920085,,0.177692,1.45962,0.841026,0.620513,-0.0580185,2.21532
ensemble,sparse,E_x,True,195,0.962307,0.0936815,,0.173461,1.59429,0.784615,0.548718,-0.113442,2.24493
ensemble,sparse,E_y,True,195,0.95958,0.0991807,,0.180138,1.6164,0.774359,0.482051,-0.114379,2.43467
ensemble,sparse,E_z,True,195,0.964844,0.0996753,,0.17546,1.28685,0.779487,0.553846,-0.176687,2.78377
ensemble,sparse,E_axial,True,195,0.95902,0.0970649,,0.177101,1.54768,0.702564,0.374359,-0.161765,3.62112
ensemble,sparse,a_sf_L,True,195,0.994136,0.00628347,,0.011123,0.0478922,0.866667,0.635897,-0.223644,1.34213
ensemble,sparse,loc_uniaxial_x_p99,True,195,0.975695,0.0586876,,0.109971,0.607909,0.8,0.507692,0.20283,2.57596
ensemble,sparse,loc_uniaxial_y_p99,True,195,0.976733,0.0579681,,0.108017,0.587655,0.815385,0.564103,0.231604,2.84297
ensemble,sparse,loc_uniaxial_z_p99,True,195,0.972539,0.0631475,,0.122248,0.622767,0.769231,0.548718,0.365128,3.35184
ensemble,sparse,loc_shear_yz_p99,True,195,0.973016,0.0621049,,0.116458,0.598964,0.794872,0.528205,-0.00760326,4.14953
ensemble,sparse,loc_shear_xz_p99,True,195,0.974134,0.0625965,,0.113869,0.594987,0.789744,0.553846,0.079205,2.9906
ensemble,sparse,loc_shear_xy_p99,True,195,0.972864,0.0641769,,0.117597,0.584909,0.820513,0.620513,0.111045,2.46993
ensemble+cal,sparse,K_eig1,True,195,0.990574,0.0297801,,0.057187,0.460346,0.789744,0.589744,-0.0293375,1.90794
ensemble+cal,sparse,K_eig2,True,195,0.993622,0.0240967,,0.0434257,0.305676,0.810256,0.558974,0.0993789,1.8789
ensemble+cal,sparse,K_eig3,True,195,0.996996,0.0169332,,0.0300597,0.143007,0.923077,0.676923,0.225301,1.07538
ensemble+cal,sparse,K_mean,True,195,0.995282,0.0206496,,0.0379636,0.229539,0.764103,0.507692,0.128159,1.86326
ensemble+cal,sparse,K_xx,True,195,0.995059,0.0209218,,0.0378401,0.215847,0.887179,0.717949,0.126373,1.23478
ensemble+cal,sparse,K_yy,True,195,0.994764,0.0224175,,0.0389486,0.231775,0.85641,0.594872,0.0961528,1.40036
ensemble+cal,sparse,K_zz,True,195,0.994365,0.0239779,,0.046605,0.405702,0.917949,0.692308,0.0073917,1.24241
ensemble+cal,sparse,K_yz,False,195,0.896433,,0.00552221,4.82661e-05,,0.723077,0.45641,0.378133,2.43735
ensemble+cal,sparse,K_xz,False,195,0.915551,,0.00535345,4.27357e-05,,0.723077,0.533333,0.660178,2.51683
ensemble+cal,sparse,K_xy,False,195,0.924787,,0.00566343,4.26414e-05,,0.682051,0.374359,0.382748,2.61275
ensemble+cal,sparse,keff_xx,True,195,0.982722,0.0333153,,0.0623925,0.485211,0.933333,0.789744,-0.0274945,1.2977
ensemble+cal,sparse,keff_yy,True,195,0.983998,0.0328488,,0.0604034,0.472207,0.933333,0.774359,-0.0127339,1.23617
ensemble+cal,sparse,keff_zz,True,195,0.980707,0.0354751,,0.0687402,0.586081,0.866667,0.692308,-0.0353666,1.52118
ensemble+cal,sparse,keff_yz,False,195,0.867712,,0.00974798,0.00322467,,0.902564,0.682051,0.0101881,1.38494
ensemble+cal,sparse,keff_xz,False,195,0.860718,,0.0102161,0.00337185,,0.892308,0.697436,0.00143932,1.17388
ensemble+cal,sparse,keff_xy,False,195,0.825418,,0.0104923,0.00370371,,0.876923,0.682051,0.0586631,1.57188
ensemble+cal,sparse,keff_mean,True,195,0.981749,0.0328682,,0.0621639,0.501341,0.846154,0.594872,-0.0249142,2.00816
ensemble+cal,sparse,C11,True,195,0.946335,0.115132,,0.215737,1.86971,0.876923,0.748718,-0.0139342,1.48268
ensemble+cal,sparse,C12,False,195,0.954693,,0.0317155,0.00655675,,0.779487,0.620513,0.214932,3.05483
ensemble+cal,sparse,C13,False,195,0.960115,,0.0305364,0.00611212,,0.774359,0.65641,0.330653,3.55542
ensemble+cal,sparse,C14,False,195,0.771916,,0.00322591,0.000654486,,0.938462,0.733333,-0.00575513,0.994982
ensemble+cal,sparse,C15,False,195,0.160538,,0.00787556,0.00167541,,0.907692,0.717949,-0.0706434,1.19745
ensemble+cal,sparse,C16,False,195,0.531877,,0.00660202,0.0014356,,0.871795,0.697436,-0.0186627,1.96704
ensemble+cal,sparse,C22,True,195,0.944197,0.119474,,0.220411,1.88524,0.876923,0.748718,-0.0465157,1.56261
ensemble+cal,sparse,C23,False,195,0.959654,,0.0307698,0.00614687,,0.789744,0.661538,0.270531,3.44871
ensemble+cal,sparse,C24,False,195,0.440528,,0.00698622,0.00145999,,0.917949,0.671795,0.0333352,1.17648
ensemble+cal,sparse,C25,False,195,0.697366,,0.0037258,0.000746281,,0.958974,0.764103,-0.128411,0.885592
ensemble+cal,sparse,C26,False,195,0.219205,,0.0079696,0.00175389,,0.866667,0.65641,-0.205563,2.17429
ensemble+cal,sparse,C33,True,195,0.949463,0.119081,,0.216242,1.63042,0.861538,0.728205,-0.0514012,1.73659
ensemble+cal,sparse,C34,False,195,0.19617,,0.00900144,0.00194388,,0.933333,0.702564,-0.0593444,1.06093
ensemble+cal,sparse,C35,False,195,0.544684,,0.00692612,0.00150165,,0.928205,0.738462,-0.0946146,1.11197
ensemble+cal,sparse,C36,False,195,0.660755,,0.00400732,0.000846086,,0.897436,0.717949,0.019466,1.61755
ensemble+cal,sparse,C44,True,195,0.946411,0.0878307,,0.175932,1.20217,0.94359,0.8,0.0314483,1.10855
ensemble+cal,sparse,C45,False,195,0.799038,,0.00579094,0.00118575,,0.94359,0.825641,-0.179468,0.924579
ensemble+cal,sparse,C46,False,195,0.78218,,0.00539087,0.00114351,,0.923077,0.748718,-0.129147,1.10121
ensemble+cal,sparse,C55,True,195,0.945505,0.0897112,,0.177732,1.35675,0.928205,0.810256,0.0634605,1.1066
ensemble+cal,sparse,C56,False,195,0.804811,,0.00532308,0.00108891,,0.917949,0.748718,-0.0304963,1.14376
ensemble+cal,sparse,C66,True,195,0.95077,0.0920085,,0.177692,1.45962,0.923077,0.805128,-0.0326704,1.26937
ensemble+cal,sparse,E_x,True,195,0.962307,0.0936815,,0.173461,1.59429,0.897436,0.764103,-0.0611527,1.23897
ensemble+cal,sparse,E_y,True,195,0.95958,0.0991807,,0.180138,1.6164,0.917949,0.753846,-0.0614679,1.31427
ensemble+cal,sparse,E_z,True,195,0.964844,0.0996753,,0.17546,1.28685,0.871795,0.74359,-0.0994391,1.56423
ensemble+cal,sparse,E_axial,True,195,0.95902,0.0970649,,0.177101,1.54768,0.851282,0.646154,-0.0887036,1.99724
ensemble+cal,sparse,a_sf_L,True,195,0.994136,0.00628347,,0.011123,0.0478922,0.866667,0.635897,-0.223644,1.34213
ensemble+cal,sparse,loc_uniaxial_x_p99,True,195,0.975695,0.0586876,,0.109971,0.607909,0.907692,0.723077,0.122286,1.55738
ensemble+cal,sparse,loc_uniaxial_y_p99,True,195,0.976733,0.0579681,,0.108017,0.587655,0.923077,0.758974,0.139367,1.71514
ensemble+cal,sparse,loc_uniaxial_z_p99,True,195,0.972539,0.0631475,,0.122248,0.622767,0.882051,0.661538,0.246026,2.25187
ensemble+cal,sparse,loc_shear_yz_p99,True,195,0.973016,0.0621049,,0.116458,0.598964,0.907692,0.733333,-0.00659238,2.36481
ensemble+cal,sparse,loc_shear_xz_p99,True,195,0.974134,0.0625965,,0.113869,0.594987,0.887179,0.717949,0.0531452,1.98775
ensemble+cal,sparse,loc_shear_xy_p99,True,195,0.972864,0.0641769,,0.117597,0.584909,0.902564,0.707692,0.081132,1.75949
