split,stratum,quantity,none,physical,phase_floor,n,physical+gp
theta,all,k_n,0.04117575087646362,0.04293852989557782,0.041352296162350755,270,0.04293850326995997
theta,all,K_t,0.12892159752911092,0.019084571568435564,0.022288004618259843,270,0.01908397377833932
theta,all,C_nn,0.17585882842713982,0.13807479120245073,0.12797308343371708,270,0.14746847380800476
theta,all,G_t,0.1083922583563052,0.09954616214044895,0.0530902738894699,270,0.09958992643239915
theta,all,G_sz,0.20567288122730304,0.11533607935135078,0.05744639382626369,270,0.11435507791751952
theta,G/D,k_n,0.011547133444726472,0.008516977887715618,0.009608263798294082,192,0.00851691576641874
theta,G/D,K_t,0.12879856084233338,0.004038682774550148,0.0027744906367983624,192,0.004037695090327391
theta,G/D,C_nn,0.027880774656090273,0.011726663101390662,0.013059765810742068,192,0.011634934837888123
theta,G/D,G_t,0.022343097553967094,0.00975090012383331,0.008195548202006136,192,0.010360185936736736
theta,G/D,G_sz,0.042551713082768304,0.017739807435843948,0.006663391272825887,192,0.01946824927442407
theta,blend,k_n,0.07443538726539253,0.07876256214179893,0.07544552718682893,78,0.07876252843168881
theta,blend,K_t,0.12922395798464129,0.034937293898192605,0.04123819383352032,78,0.03493644457076185
theta,blend,C_nn,0.32425179390476083,0.256231369359837,0.23721332727866323,78,0.27376026708515744
theta,blend,G_t,0.19859600022219553,0.1845748057974089,0.0979350761568589,78,0.18457482006406803
theta,blend,G_sz,0.3767900137593893,0.21277255451895877,0.10636770125000918,78,0.21055610721181853
N,all,k_n,0.04304446021975477,0.036871860014096265,0.042679450815125634,225,0.036870075852031725
N,all,K_t,0.13351783779070678,0.017835286657822115,0.02168506093277279,225,0.01783513384155514
N,all,C_nn,0.1870876889820415,0.14667895699228,0.13777110809662974,225,0.14656213829717366
N,all,G_t,0.11039336700379339,0.05702221265858811,0.054885550543975675,225,0.05496134784324393
N,all,G_sz,0.22285030426924982,0.05966540584510647,0.061871424082374685,225,0.054769344408046865
N,G/D,k_n,0.011874415462401358,0.00835037367790797,0.009902719384094615,162,0.008353680719201327
N,G/D,K_t,0.1336122621956633,0.002854317551089891,0.00293196641456494,162,0.0028537595622271906
N,G/D,C_nn,0.028374392176108376,0.011905137894512684,0.013626576659427275,162,0.011969623320772156
N,G/D,G_t,0.022866214456177498,0.008315151605281164,0.008618412592122485,162,0.008275207241929669
N,G/D,G_sz,0.04557755707687146,0.011417941820726881,0.007192339669487266,162,0.010990108906533569
N,blend,k_n,0.07908639717235501,0.06838257316888482,0.0790779350888512,63,0.06837809869219186
N,blend,K_t,0.1332747249882572,0.03339330116287848,0.040710319864766566,63,0.03339313229896355
N,blend,C_nn,0.3506225430474615,0.2765389998482275,0.2594443653569067,63,0.27631054363628493
N,blend,G_t,0.20537625374518603,0.1069337358100751,0.10279911396362026,63,0.10301603268458988
N,blend,G_sz,0.41475721057345477,0.1112605482953957,0.11635579207815464,63,0.10199295653845551
