split,model,quantity,n,R2,MAPE,NMAE,RMSE,max_APE,cov95,cov68,z_mean,z_std
band,gp,K_star,132,0.97934,0.0565678,,0.0837124,0.205547,0.348485,0.143939,1.63762,5.39465
band,gp,E_star,132,0.810674,0.452551,,0.47532,2.45207,0.659091,0.590909,-2.14617,3.20002
band,ensemble,K_star,132,0.979737,0.0554064,,0.0829029,0.235771,0.469697,0.272727,0.371488,4.10094
band,ensemble,E_star,132,0.768034,0.535842,,0.526129,2.58573,0.325758,0.166667,-6.24472,6.82838
band,cnn,K_star,132,0.977232,0.066631,,0.0878784,0.333123,0.44697,0.280303,-0.759364,2.85625
band,cnn,E_star,132,0.46908,1.07205,,0.795967,5.17026,0.19697,0.0757576,-8.37482,7.22455
sparse,gp,K_star,195,0.997237,0.0145456,,0.0290526,0.195584,0.876923,0.774359,-0.216444,1.47305
sparse,gp,E_star,195,0.959886,0.0939338,,0.175218,0.615195,0.887179,0.794872,0.129713,1.36639
sparse,ensemble,K_star,195,0.996938,0.0178914,,0.0305861,0.209948,0.810256,0.558974,0.160545,1.7484
sparse,ensemble,E_star,195,0.94904,0.111256,,0.197492,1.28867,0.702564,0.430769,-0.106494,3.46752
sparse,cnn,K_star,195,0.995701,0.0224695,,0.0362406,0.228481,0.928205,0.789744,-0.202637,1.27321
sparse,cnn,E_star,195,0.98218,0.0734568,,0.116786,0.685414,0.923077,0.728205,0.0373463,1.15976
cv5,gp,K_star,290,0.999498,0.00652896,,0.0126686,0.10489,0.958621,0.875862,-0.032436,1.0549
cv5,gp,E_star,290,0.987045,0.055938,,0.102761,0.731005,0.906897,0.806897,0.0866641,1.33172
cv5,ensemble,K_star,290,0.999255,0.00849661,,0.0154361,0.117735,0.865517,0.603448,-0.0189331,1.37436
cv5,ensemble,E_star,290,0.983783,0.0518861,,0.114974,0.92229,0.848276,0.606897,-0.127286,2.02878
cv5,cnn,K_star,290,0.998764,0.0128857,,0.0198729,0.108026,0.975862,0.841379,-0.0805997,0.769229
cv5,cnn,E_star,290,0.985536,0.0584894,,0.10858,0.95488,0.951724,0.806897,-0.0306222,0.930193
