w,rho,kf_ks,n1,n2,k_mean,k_min,k_max,k_mean_raw_n2,k_mean_raw_n1,solid_fraction,correction,time_s,kxx,kxy,kxz,kyy,kyz,kzz
0.0,0.15,0.0,32,64,0.07006239981516194,0.069980746278307,0.0701153688825076,0.0655637661616697,0.061065132508177446,0.1500244140625,0.06450463261225393,0.5821213940000689,0.07008454391895956,-2.0083214698993763e-05,-2.61511123165547e-05,0.0700352368311894,-5.8600385672116145e-05,0.07006741869533688
0.0,0.2,0.0,32,64,0.10040521338204685,0.10034837157494528,0.10044072984779429,0.09407394883159619,0.08774268428114551,0.20002365112304688,0.06308697611160041,0.9468631059999097,0.10041207229331481,-2.7648793578403254e-05,-3.24750983502808e-05,0.1004076877076403,-2.4173629206098743e-05,0.10039588014518544
0.0,0.25,0.0,32,64,0.13174452002105141,0.13171318673402913,0.13176508430199654,0.12495077695454693,0.11815703388804243,0.2500419616699219,0.05170901328600504,1.043782500999896,0.13174736536613718,-1.650672804163562e-05,4.98164487316724e-06,0.13172257853160638,5.994607101957359e-06,0.13176361616541066
0.0,0.3,0.0,32,64,0.16447179755623736,0.16437129951617205,0.16452204657627006,0.1584164292277249,0.1523610608992124,0.29999542236328125,0.03681706176064642,1.3117364999998244,0.1644717975562374,-5.024902003266354e-05,-5.024902003266426e-05,0.16447179755623742,-5.024902003266449e-05,0.1644717975562374
0.0,0.35,0.0,32,64,0.20461285678611044,0.20459525780805357,0.20462200337947115,0.19539050186040724,0.18616814693470415,0.3500022888183594,0.04509190530408616,1.6387827859998652,0.20462171272106006,-7.836694757766923e-10,-6.795577194732793e-07,0.20461501955690797,1.1388291563898449e-05,0.20460183808036322
0.0,0.4,0.0,32,64,0.24259190442875156,0.2425242003252176,0.24264806978387543,0.23416209562284504,0.2257322868169385,0.4000053405761719,0.03477778527749587,1.9671262419999493,0.242569870181948,-3.491892916563716e-05,-2.2115921276099107e-05,0.24260695176775182,-4.297613853421414e-05,0.24259889133655493
0.0,0.45,0.0,32,64,0.2881785358852341,0.2881248191223585,0.28823464244436386,0.2770616025253721,0.26594466916551013,0.45000457763671875,0.03859610377903443,2.432855249000113,0.2881747255037766,-3.6202965837455075e-05,-4.0973496789161046e-05,0.28818077651248664,4.369200306416119e-06,0.288180105639439
0.0,0.5,0.0,32,64,0.3318554388876431,0.33185543888764274,0.331855438887643,0.3223777025397412,0.3128999661918393,0.5,0.02855983430517395,1.6932316539998737,0.331855438887643,1.3897627925694376e-18,-3.175878363711385e-18,0.331855438887643,-1.4945309946877108e-18,0.331855438887643
0.0,0.55,0.0,32,64,0.384099390187955,0.38378074344696084,0.3842825068338354,0.37091920997893163,0.35773902976990823,0.5499916076660156,0.034368557150674016,2.876839734999976,0.3840642405400658,-0.0001549555179182007,-0.0001908383695548831,0.3841208907659904,-0.00012387654511731102,0.38411303925780876
0.5,0.15,0.0,32,64,0.03136080863284896,0.024065985061714514,0.04595045577511779,0.028142582065106427,0.024924355497363892,0.15000152587890625,0.10261937456458285,0.8427414020000015,0.03136080863284896,0.007294823571134428,0.007294823571134428,0.03136080863284896,0.007294823571134429,0.03136080863284896
0.5,0.2,0.0,32,64,0.05221278530219474,0.03669278978654669,0.08324621291602854,0.048753915826500197,0.04529504635080563,0.20000076293945312,0.06626364693006448,1.3926161849999517,0.05221495273593343,0.01551602655654703,0.015515343003804367,0.052210742967556595,0.015518771852033306,0.0522126602030942
0.5,0.25,0.0,32,64,0.07207052730307505,0.04833330023378368,0.11954498144165776,0.06798540806916174,0.06390028883524844,0.25,0.056682244279056396,1.9758711769998172,0.07207052730307505,0.023737227069291367,0.023737227069291367,0.07207052730307505,0.023737227069291367,0.07207052730307505
0.5,0.3,0.0,32,64,0.09114314578002708,0.05921616548553695,0.15499710636900724,0.08696601495168284,0.08278888412333858,0.3000030517578125,0.04583044388686885,2.0632665610000913,0.09114314578002708,0.03192698029449009,0.0319269802944901,0.09114314578002708,0.0319269802944901,0.09114314578002705
0.5,0.35,0.0,32,64,0.11090873178794516,0.07151278918620002,0.189693196477293,0.106104036931674,0.10129934207540284,0.34999847412109375,0.04334768205405405,3.012727213000062,0.11091517342017923,0.03939442770699764,0.03939040876503371,0.1109054124913012,0.03939186023644168,0.11090560945235507
0.5,0.4,0.0,32,64,0.1861797102027757,0.1658827849405783,0.22619291426870672,0.17963862549850762,0.1730975407942395,0.3999977111816406,0.035652412695132994,3.28858163100017,0.186048952953929,0.020222318046475913,0.019959409832969385,0.1862102223111626,0.019837904009068517,0.18627995534323555
0.5,0.45,0.0,32,64,0.2462762630215016,0.23817330601320016,0.2624821770381044,0.23543559770973263,0.22459493239796366,0.45000457763671875,0.04401831170721688,3.236701929999981,0.2462762630215016,0.008102957008301414,0.00810295700830141,0.2462762630215016,0.008102957008301406,0.2462762630215016
0.5,0.5,0.0,32,64,0.3040442234580438,0.297897356102961,0.3071176571355853,0.2939450045013316,0.2838457855446194,0.5,0.03321628295334424,3.7850296999999955,0.3040442234580439,-0.003073433677541455,-0.003073433677541453,0.3040442234580439,-0.003073433677541456,0.3040442234580437
0.5,0.55,0.0,32,64,0.375883029880235,0.3723052629077597,0.38303856382518553,0.36410330198371693,0.352323574087199,0.5499954223632812,0.03133881276915127,4.841190516999859,0.3758830298802349,0.003577766972475263,0.003577766972475267,0.3758830298802349,0.003577766972475263,0.3758830298802349
1.0,0.15,0.0,32,64,0.06207484191145855,0.062028551160558526,0.062124356340171,0.054013045191051434,0.045951248470644315,0.150054931640625,0.1299410011013037,0.7470620139999937,0.06207840958671199,-4.570099311276145e-05,8.351023964767081e-06,0.062070744990020514,-1.136816716167751e-05,0.06207537115764317
1.0,0.2,0.0,32,64,0.09389474028538454,0.09386772492185047,0.09393189869580426,0.08502742499086535,0.07616010969634618,0.20004653930664062,0.09457300101411513,0.7423619759999838,0.09388882403062469,3.5673311515729116e-06,-1.9673758334434916e-05,0.09388685699809152,-2.3730969691871042e-05,0.09390853982743741
1.0,0.25,0.0,32,64,0.12691861575521957,0.12691861575521957,0.12691861575521957,0.1183147157946863,0.10971081583415307,0.25,0.0677906854667174,0.4968077239998365,0.12691861575521957,1.2760225568483245e-19,-9.174018382569653e-21,0.12691861575521957,2.9890619893754216e-18,0.12691861575521957
1.0,0.3,0.0,32,64,0.15991541262787515,0.1598438878315393,0.16004360013346872,0.15242097362880078,0.14492653462972635,0.2999725341796875,0.046915577972834924,1.6115132769998581,0.15991080467450816,5.227409903931931e-05,6.465345865932e-05,0.15990217620007674,7.217456343257289e-05,0.15993325700904054
1.0,0.35,0.0,32,64,0.20197866238187273,0.20167978805051773,0.2023294688827242,0.19023603132621372,0.17849340027055474,0.35004425048828125,0.058167452604335264,1.5440868779999164,0.20198537965863073,0.0002937971950245327,0.00013038131485880236,0.20197772768171285,6.47164021344135e-05,0.20197287980527456
1.0,0.4,0.0,32,64,0.242862564207197,0.2426268238263725,0.24306433155731502,0.2301887126255058,0.2175148610438146,0.3999786376953125,0.05235149410063506,1.7604880110000067,0.24284860198760977,-0.00015401625982996775,-5.5486859961848846e-05,0.2429043599836143,-0.00014339041165909748,0.24283473065036695
1.0,0.45,0.0,32,64,0.2861580769118901,0.28609319329054017,0.28620785470639454,0.27255314456733876,0.2589482122227875,0.45001220703125,0.04755026377467936,1.8954155760000049,0.2861555023736964,-1.927847367638359e-05,-3.0426795776614292e-05,0.2861563201537935,-4.632777611411385e-05,0.28616240820818034
1.0,0.5,0.0,32,64,0.33311769854361467,0.33311769854361456,0.3331176985436147,0.319204678422794,0.30529165830197336,0.5,0.04176607902146357,1.377672812000128,0.3331176985436146,4.724619467023371e-19,-3.436086885107906e-19,0.3331176985436146,2.1350442781253012e-19,0.33311769854361467
1.0,0.55,0.0,32,64,0.3867903333035886,0.38670183240407285,0.3869562602367492,0.36945531058941694,0.3521202878752453,0.550018310546875,0.04483465011273598,3.0340473340002063,0.38680480397119305,9.184228768986303e-05,8.34406659646916e-05,0.3867954452713818,7.051678493433266e-05,0.3867707506681908
0.0,0.15,0.003076923076923077,32,64,0.07339502758415248,0.07331448291227649,0.07344756562283904,0.06894646464266008,0.06449790170116768,0.1500244140625,0.0608908177280148,4.024275986000021,0.07341687840369956,-1.9424068802936973e-05,-2.5727691496351068e-05,0.07336810178664625,-5.798892900607789e-05,0.0734001025621116
0.0,0.2,0.003076923076923077,32,64,0.10374073372357627,0.10368478040359909,0.10377576383981849,0.09749544313012859,0.09125015253668091,0.20002365112304688,0.06022963173856847,5.6520090209999125,0.10374749997075197,-2.7215555299383962e-05,-3.2027282584983425e-05,0.10374321033940596,-2.3721832892268028e-05,0.10373149086057086
0.0,0.25,0.003076923076923077,32,64,0.13510991961477462,0.13507881338707584,0.13513011707991213,0.1283988187833928,0.12168771795201093,0.2500419616699219,0.04980749936680777,5.516459536999946,0.1351128428055645,-1.6579640743561238e-05,4.838246005178541e-06,0.13508819274813647,5.646674833621212e-06,0.13512872329062295
0.0,0.3,0.003076923076923077,32,64,0.16785703139907657,0.16775772266006264,0.1679066857685836,0.16187296658928146,0.15588890177948636,0.29999542236328125,0.035649771474679307,5.426261883000052,0.16785703139907654,-4.965436950697618e-05,-4.965436950697732e-05,0.16785703139907662,-4.9654369506974845e-05,0.1678570313990766
0.0,0.35,0.003076923076923077,32,64,0.20791338676218118,0.20789602626151027,0.20792241912063486,0.1988171199239873,0.18972085308579337,0.3500022888183594,0.04376937354996623,5.859975419999955,0.2079220925631694,-1.3695051938759784e-08,-6.773123294151313e-07,0.2079155478108412,1.1244132537571514e-05,0.20790251991253295
0.0,0.4,0.003076923076923077,32,64,0.2458713830084806,0.24580482577038967,0.24592662591833098,0.237557527207372,0.22924367140626337,0.4000053405761719,0.03384191911519074,5.9722054909998405,0.24584962229746704,-3.433367506520858e-05,-2.1721269829194515e-05,0.24588619269576817,-4.2233028126061376e-05,0.2458783340322066
0.0,0.45,0.003076923076923077,32,64,0.2913267596281744,0.2912731394944551,0.29138243741231856,0.28038158662900253,0.2694364136298306,0.45000457763671875,0.037589461466722596,5.957241559999829,0.2913230807219228,-3.583003111302675e-05,-4.0987660881221384e-05,0.29132882565566137,3.962648464799468e-06,0.2913283725069389
0.0,0.5,0.003076923076923077,32,64,0.3349582308412077,0.3349582308412077,0.3349582308412077,0.32560684397461714,0.31625545710802666,0.5,0.027918068599495513,3.71953722000012,0.3349582308412077,4.5468594987127275e-18,5.938091898535994e-19,0.3349582308412077,-1.0675221390626506e-18,0.3349582308412077
0.0,0.55,0.003076923076923077,32,64,0.3869962663418151,0.3866816826083139,0.3871770042074272,0.3740295516201432,0.3610628368984711,0.5499916076660156,0.033559331201220205,5.574343425000052,0.38696146180238433,-0.00015300956147342582,-0.00018839558152434853,0.38701760355867104,-0.00012224192029478958,0.3870097336643899
0.5,0.15,0.003076923076923077,32,64,0.03606330676375211,0.02916836048300716,0.04985319932524201,0.03295956317173606,0.02985581957972001,0.15000152587890625,0.08606375483946688,9.351629554000056,0.036063306763752113,0.006894946280744946,0.006894946280744947,0.036063306763752113,0.006894946280744946,0.0360633067637521
0.5,0.2,0.003076923076923077,32,64,0.05705903894884381,0.04203564894014,0.08709906879597462,0.05366738434197733,0.05027572973511083,0.20000076293945312,0.05945830624321139,10.253744471000118,0.05706126167806801,0.015019206780012301,0.015018672252379807,0.05705696270347048,0.015022165727418352,0.05705889246499296
0.5,0.25,0.003076923076923077,32,64,0.07722897283570886,0.054129826949164496,0.12342726460879751,0.07321688605742825,0.06920479927914765,0.25,0.05195053916896736,9.002801901999874,0.07722897283570887,0.023099145886544332,0.023099145886544336,0.07722897283570884,0.02309914588654433,0.07722897283570884
0.5,0.3,0.003076923076923077,32,64,0.09677361703117456,0.06567923863559595,0.1589623738223318,0.09267071597991379,0.08856781492865305,0.3000030517578125,0.04239689676928214,9.953056425000113,0.09677361703117456,0.031094378395578593,0.0310943783955786,0.09677361703117454,0.0310943783955786,0.09677361703117456
0.5,0.35,0.003076923076923077,32,64,0.11730064239436695,0.07909788709152754,0.19369860996162278,0.11261031307372492,0.1079199837530829,0.34999847412109375,0.04001065382663316,9.976047561999849,0.1173070470553992,0.03820123635853909,0.03819707929227245,0.11729732639403102,0.03819863536791812,0.11729755373367065
0.5,0.4,0.003076923076923077,32,64,0.19093709223383462,0.17101049153650386,0.2302298751861541,0.18451123484500517,0.17808537745617561,0.3999977111816406,0.03414423308825764,9.028059532000043,0.1908115563094304,0.019854966172997292,0.019600177576340437,0.19096577809345555,0.01948386479924601,0.1910339422986179
0.5,0.45,0.003076923076923077,32,64,0.25049740382287927,0.24244623962678602,0.26659973221506567,0.23986116575572375,0.22922492768856828,0.45000457763671875,0.042460472263721245,8.666079271999934,0.25049740382287927,0.008051164196093225,0.008051164196093223,0.2504974038228792,0.008051164196093225,0.2504974038228792
0.5,0.5,0.003076923076923077,32,64,0.3080340080469901,0.3025722513099714,0.31076488641549954,0.29808609417298265,0.28813818029897514,0.5,0.032294855808550765,8.580306444999906,0.30803400804699016,-0.0027308783685093137,-0.0027308783685093077,0.30803400804699005,-0.002730878368509307,0.30803400804699016
0.5,0.55,0.003076923076923077,32,64,0.3790729285235277,0.37546596806139787,0.3862868494477874,0.3674889434341159,0.3559049583447041,0.5499954223632812,0.03055872423950439,8.882380542999954,0.37907292852352775,0.00360696046212981,0.0036069604621298064,0.3790729285235277,0.003606960462129801,0.37907292852352764
1.0,0.15,0.003076923076923077,32,64,0.06552290384172729,0.0654760035751975,0.06557283511844399,0.05761762510860805,0.04971234637548881,0.150054931640625,0.12071061220163538,5.491355197999837,0.06552619369268264,-4.617849042019029e-05,7.813862816229279e-06,0.06551899273214436,-1.2008948724217026e-05,0.06552352510035489
1.0,0.2,0.003076923076923077,32,64,0.09734411028203427,0.09731764385746008,0.09738092982018305,0.08861222807041554,0.07988034585879676,0.20004653930664062,0.08982802809692395,4.87971831599998,0.09733834076756127,3.9621644483211125e-06,-1.942532925232479e-05,0.09733641550514699,-2.3489025332327942e-05,0.09735757457339457
1.0,0.25,0.003076923076923077,32,64,0.13035810301065576,0.13035810301065578,0.13035810301065578,0.12187491790282089,0.11339173279498602,0.25,0.06507600917713147,2.805369004999875,0.13035810301065578,-4.838526564162819e-19,-3.310986634436502e-19,0.13035810301065573,-2.5620531337503614e-18,0.13035810301065578
1.0,0.3,0.003076923076923077,32,64,0.16337578849817988,0.16330513068939098,0.16350230377094255,0.1559739610674714,0.14857213363676294,0.2999725341796875,0.04535410117457594,5.289166669999986,0.16337129419156005,5.149276071764197e-05,6.385693057356583e-05,0.1633628305186697,7.130070887899503e-05,0.16339324078430983
1.0,0.35,0.003076923076923077,32,64,0.2053260238834747,0.20503090585927025,0.20567253052190598,0.19374720267428977,0.18216838146510483,0.35004425048828125,0.056420920830361224,5.62180857400017,0.2053326252316265,0.00029012840316350243,0.00012876336451489386,0.2053250983214612,6.409621916263955e-05,0.20532034809733632
1.0,0.4,0.003076923076923077,32,64,0.2461379249430379,0.2459060069687483,0.24633726846216342,0.23364668990820414,0.22115545487337038,0.3999786376953125,0.05091080137722404,4.722591343999966,0.24612416399100262,-0.00015207858064763668,-5.379947477247191e-05,0.2461791191443319,-0.0001412469734258839,0.24611049169377922
1.0,0.45,0.003076923076923077,32,64,0.28933024268448154,0.289266955492844,0.2893790014692206,0.275943753752733,0.26255726482098446,0.45001220703125,0.046273849862363055,4.830099034999876,0.28932770922156653,-1.8620740729658462e-05,-2.967251871112436e-05,0.28932851084579647,-4.5341874246355246e-05,0.28933450798608173
1.0,0.5,0.003076923076923077,32,64,0.3361928602724067,0.3361928602724066,0.3361928602724068,0.3224823776786828,0.30877189508495895,0.5,0.04078159953371609,3.1778202899999997,0.3361928602724066,-1.3302326654725998e-19,9.07393818203253e-19,0.3361928602724067,5.551115123125783e-18,0.3361928602724067
1.0,0.55,0.003076923076923077,32,64,0.3896349363663804,0.3895477167943542,0.38979838032204417,0.37258641562646455,0.35553789488654863,0.550018310546875,0.043771799258580414,5.309845168000038,0.3896491868639001,9.047927075609909e-05,8.222109069670455e-05,0.38963996881654284,6.94171821634585e-05,0.3896156534186984
