thermal_resistance,R_active,delta_p,pump_power,mass,min_structural_margin,manufacturable,T_wall_max,T_out,energy_balance_error,flow_lpm,lattice_margin,outer_wall_margin,reynolds,U_eff,design,rho,L
0.023883797985925416,0.01634578874468027,2275.3173343143144,0.37921955571905247,0.29089381670520037,9.023611815407364,True,341.54052444916255,327.42302996667166,7.48310389122684e-12,3.0,9.023611815407364,12.66565915888653,114.39397998712626,14075.238978297963,"{""family"": ""B2"", ""type"": ""uniform_lattice"", ""rho"": 0.2, ""L"": 0.002, ""w"": 0.0, ""a_z"": 1.0}",0.2,0.002
0.024344128122918862,0.01683192435677296,1917.1943209979472,0.31953238683299123,0.29089381670520037,9.035553240410056,True,341.8949786546475,327.42302996665927,1.0383299415078403e-11,3.0,9.035553240410056,12.6881231399203,128.69322748551076,13013.568041207298,"{""family"": ""B2"", ""type"": ""uniform_lattice"", ""rho"": 0.2, ""L"": 0.00225, ""w"": 0.0, ""a_z"": 1.0}",0.2,0.00225
0.02476542319951579,0.017276394943630143,1649.9330830948418,0.2749888471824737,0.29089381670520037,9.044292938179185,True,342.21937586362714,327.4230299667347,7.269756513944066e-12,3.0,9.044292938179185,12.704939627013529,142.9924749839042,12155.354359113202,"{""family"": ""B2"", ""type"": ""uniform_lattice"", ""rho"": 0.2, ""L"": 0.0025, ""w"": 0.0, ""a_z"": 1.0}",0.2,0.0025
0.025153980494799538,0.017685962675312573,1443.9932474265852,0.2406655412377642,0.29089381670520037,9.050864387856807,True,342.5185649809956,327.4230299666891,3.3989411573887314e-12,3.0,9.050864387856807,12.717928116453113,157.29172248230387,11445.303887353051,"{""family"": ""B2"", ""type"": ""uniform_lattice"", ""rho"": 0.2, ""L"": 0.00275, ""w"": 0.0, ""a_z"": 1.0}",0.2,0.00275
0.025514753951321613,0.018065939421441208,1281.1360981016733,0.21352268301694557,0.29089381670520037,9.05590847862138,True,342.7963605425176,327.42302996669156,2.8271111281733818e-12,3.0,9.05590847862138,12.728218228872567,171.59096998069148,10846.557686216871,"{""family"": ""B2"", ""type"": ""uniform_lattice"", ""rho"": 0.2, ""L"": 0.003, ""w"": 0.0, ""a_z"": 1.0}",0.2,0.003
0.025851699405202617,0.0184205615107682,1149.5612923406907,0.19159354872344847,0.29089381670520037,9.059841260489994,True,343.055808542006,327.4230299666964,1.6964438511965824e-12,3.0,9.059841260489994,12.736543938510646,185.89021747908797,10333.612610708873,"{""family"": ""B2"", ""type"": ""uniform_lattice"", ""rho"": 0.2, ""L"": 0.00325, ""w"": 0.0, ""a_z"": 1.0}",0.2,0.00325
0.02616801513323442,0.018753250298517855,1041.3333861099693,0.17355556435166158,0.29089381670520037,9.062943261286161,True,343.2993716525905,327.42302996666905,8.09509342675424e-12,3.0,9.062943261286161,12.743400486166115,200.18946497750366,9888.267927881167,"{""family"": ""B2"", ""type"": ""uniform_lattice"", ""rho"": 0.2, ""L"": 0.0035, ""w"": 0.0, ""a_z"": 1.0}",0.2,0.0035
0.02646631488922984,0.01906679922685364,950.9400655009598,0.15849001091682666,0.29089381670520037,9.065409766095541,True,343.52906246470695,327.42302996668525,4.303858856604036e-12,3.0,9.065409766095541,12.749132822055758,214.4887124758807,9497.189426699477,"{""family"": ""B2"", ""type"": ""uniform_lattice"", ""rho"": 0.2, ""L"": 0.00375, ""w"": 0.0, ""a_z"": 1.0}",0.2,0.00375
0.026748755372820697,0.01936351137160258,874.4449972276161,0.14574083287126935,0.29089381670520037,9.067380473201103,True,343.7465416370719,327.4230299666443,1.3881605821540702e-11,3.0,9.067380473201103,12.753987823823966,228.78795997427662,9150.385472112626,"{""family"": ""B2"", ""type"": ""uniform_lattice"", ""rho"": 0.2, ""L"": 0.004, ""w"": 0.0, ""a_z"": 1.0}",0.2,0.004
0.02701713185887133,0.019645302464249722,808.9695450141221,0.1348282575023537,0.29089381670520037,9.068957693809706,True,343.9531915313309,327.4230299667246,4.901674448727183e-12,3.0,9.068957693809706,12.758146368744454,243.0872074726315,8840.220597076548,"{""family"": ""B2"", ""type"": ""uniform_lattice"", ""rho"": 0.2, ""L"": 0.00425, ""w"": 0.0, ""a_z"": 1.0}",0.2,0.00425
0.027272950987770776,0.01991377919444074,752.3644882783681,0.12539408137972802,0.29089381670520037,9.070217909333449,True,344.1501722605835,327.4230299666722,7.363215953265862e-12,3.0,9.070217909333449,12.761743714164952,257.38645497104613,8560.758109769864,"{""family"": ""B2"", ""type"": ""uniform_lattice"", ""rho"": 0.2, ""L"": 0.0045, ""w"": 0.0, ""a_z"": 1.0}",0.2,0.0045
0.027517486844242534,0.02017029946043114,702.9957247779444,0.1171659541296574,0.29089381670520037,9.071219332032891,True,344.33846487006673,327.42302996672237,4.3829967072777846e-12,3.0,9.071219332032891,12.764882837749044,271.68570246940766,8307.310707953022,"{""family"": ""B2"", ""type"": ""uniform_lattice"", ""rho"": 0.2, ""L"": 0.00475, ""w"": 0.0, ""a_z"": 1.0}",0.2,0.00475
0.02775182460669708,0.020416019212582903,659.6006328918578,0.10993343881530965,0.29089381670520037,9.072006981956548,True,344.5189049471567,327.42302996675454,1.1912313559812241e-11,3.0,9.072006981956548,12.767643399725209,285.9849499677667,8076.126349850308,"{""family"": ""B2"", ""type"": ""uniform_lattice"", ""rho"": 0.2, ""L"": 0.005, ""w"": 0.0, ""a_z"": 1.0}",0.2,0.005
0.02797689483900071,0.020651929218959524,621.1895181530957,0.10353158635884929,0.29089381670520037,9.072616175810124,True,344.6922090260305,327.4230299667578,1.26706195319398e-11,3.0,9.072616175810124,12.770087904299965,300.28419746617664,7864.164276416029,"{""family"": ""B2"", ""type"": ""uniform_lattice"", ""rho"": 0.2, ""L"": 0.00525, ""w"": 0.0, ""a_z"": 1.0}",0.2,0.00525
0.0281935006527911,0.02087888416214836,586.9765707264365,0.09782942845440609,0.29089381670520037,9.07307497442994,True,344.8589955026491,327.4230299666957,1.8559007144944332e-12,3.0,9.07307497442994,12.772266023505773,314.5834449645984,7668.932453307141,"{""family"": ""B2"", ""type"": ""uniform_lattice"", ""rho"": 0.2, ""L"": 0.0055, ""w"": 0.0, ""a_z"": 1.0}",0.2,0.0055
0.02840233939000575,0.021097625848114882,556.3305860151235,0.09272176433585391,0.29089381670520037,9.073405931747173,True,345.0198013303044,327.4230299667089,1.2301801712941622e-12,3.0,9.073405931747173,12.774217687998942,328.88269246297676,7488.367686413881,"{""family"": ""B2"", ""type"": ""uniform_lattice"", ""rho"": 0.2, ""L"": 0.00575, ""w"": 0.0, ""a_z"": 1.0}",0.2,0.00575
0.02860402005432363,0.021308801852502012,528.7391946424744,0.08812319910707908,0.29089381670520037,9.073627365617835,True,345.17509544182917,327.4230299667275,5.5802519892058166e-12,3.0,9.073627365617835,12.775975333517108,343.18193996134613,7320.745914872578,"{""family"": ""B2"", ""type"": ""uniform_lattice"", ""rho"": 0.2, ""L"": 0.006, ""w"": 0.0, ""a_z"": 1.0}",0.2,0.006
0.02350195874793299,0.01593564311013652,2580.714785171847,0.4301191308619745,0.29966671524553257,10.698406222558566,True,341.2465082359084,327.42302996664154,1.4533459572892565e-11,3.0,10.698406222558566,12.646565238595766,110.1363021671544,15015.603913039255,"{""family"": ""B2"", ""type"": ""uniform_lattice"", ""rho"": 0.225, ""L"": 0.002, ""w"": 0.0, ""a_z"": 1.0}",0.225,0.002
0.023944910983950737,0.01640362318849409,2173.9585647071412,0.36232642745119026,0.29966671524553257,10.714881587569955,True,341.58758145764205,327.4230299667454,9.77057165333203e-12,3.0,10.714881587569955,12.672009015404763,123.90333993802311,13869.65819741403,"{""family"": ""B2"", ""type"": ""uniform_lattice"", ""rho"": 0.225, ""L"": 0.00225, ""w"": 0.0, ""a_z"": 1.0}",0.225,0.00225
0.024350975372035774,0.01683217727606857,1870.4663988971838,0.31174439981619734,0.29966671524553257,10.727031448117696,True,341.9002510364675,327.42302996664984,1.2591186390778463e-11,3.0,10.727031448117696,12.691060120451745,137.67037770893873,12942.668775561584,"{""family"": ""B2"", ""type"": ""uniform_lattice"", ""rho"": 0.225, ""L"": 0.0025, ""w"": 0.0, ""a_z"": 1.0}",0.225,0.0025
0.024726163393072126,0.01722777009429388,1636.652953580976,0.272775492263496,0.29966671524553257,10.736251148879852,True,342.1891458126655,327.4230299666342,1.624983553200138e-11,3.0,10.736251148879852,12.705776395732116,151.43741547983765,12175.100912570231,"{""family"": ""B2"", ""type"": ""uniform_lattice"", ""rho"": 0.225, ""L"": 0.00275, ""w"": 0.0, ""a_z"": 1.0}",0.225,0.00275
0.02507519523368458,0.017595470169135444,1451.785342461472,0.2419642237435787,0.29966671524553257,10.743406382197172,True,342.4579003299371,327.4230299667304,6.258681884440655e-12,3.0,10.743406382197172,12.71743619078285,165.20445325071154,11527.293172721244,"{""family"": ""B2"", ""type"": ""uniform_lattice"", ""rho"": 0.225, ""L"": 0.003, ""w"": 0.0, ""a_z"": 1.0}",0.225,0.003
0.025401830629968272,0.017939309591258588,1302.4515036560065,0.21707525060933444,0.29966671524553257,10.749059319068996,True,342.70940958507555,327.4230299666614,9.89090252702439e-12,3.0,10.749059319068996,12.726870470156733,178.97149102162163,10971.820260465121,"{""family"": ""B2"", ""type"": ""uniform_lattice"", ""rho"": 0.225, ""L"": 0.00325, ""w"": 0.0, ""a_z"": 1.0}",0.225,0.00325
0.025709100624733427,0.0182625354489293,1179.6334231037445,0.19660557051729075,0.29966671524553257,10.753589100602941,True,342.9460074810447,327.42302996669036,3.1066035746760043e-12,3.0,10.753589100602941,12.734640092637825,192.73852879250867,10489.12046452881,"{""family"": ""B2"", ""type"": ""uniform_lattice"", ""rho"": 0.225, ""L"": 0.0035, ""w"": 0.0, ""a_z"": 1.0}",0.225,0.0035
0.02599947485563389,0.018567790929262615,1077.0676240135567,0.17951127066892614,0.29966671524553257,10.757259704724726,True,343.1695956388381,327.4230299666819,5.0884456821269814e-12,3.0,10.757259704724726,12.741135803723434,206.50556656339143,10064.868759604626,"{""family"": ""B2"", ""type"": ""uniform_lattice"", ""rho"": 0.225, ""L"": 0.00375, ""w"": 0.0, ""a_z"": 1.0}",0.225,0.00375
0.026274984984781348,0.018857248684431345,990.2819377145938,0.16504698961909897,0.29966671524553257,10.760259992587335,True,343.3817384382816,327.42302996671486,2.627199468075891e-12,3.0,10.760259992587335,12.746637304613397,220.27260433428347,9688.334210365352,"{""family"": ""B2"", ""type"": ""uniform_lattice"", ""rho"": 0.225, ""L"": 0.004, ""w"": 0.0, ""a_z"": 1.0}",0.225,0.004
0.026537317300510156,0.019132710719014397,916.0062669569622,0.1526677111594937,0.29966671524553257,10.762728293010353,True,343.5837343213928,327.42302996669423,2.2016858754606993e-12,3.0,10.762728293010353,12.751349547571516,234.03964210519422,9351.317479465884,"{""family"": ""B2"", ""type"": ""uniform_lattice"", ""rho"": 0.225, ""L"": 0.00425, ""w"": 0.0, ""a_z"": 1.0}",0.225,0.00425
0.026787883123914117,0.01939568422556398,851.7994019513762,0.14196656699189605,0.29966671524553257,10.764768018243165,True,343.77667000541385,327.4230299667411,8.772785095770106e-12,3.0,10.764768018243165,12.755425807687073,247.80667987604113,9047.443273307941,"{""family"": ""B2"", ""type"": ""uniform_lattice"", ""rho"": 0.225, ""L"": 0.0045, ""w"": 0.0, ""a_z"": 1.0}",0.225,0.0045
0.027027872941868897,0.019647439817349285,795.805435822455,0.13263423930374252,0.29966671524553257,10.766457881697164,True,343.961462165239,327.42302996665734,1.0835241506332775e-11,3.0,10.766457881697164,12.758982788765863,261.57371764698894,8771.6770598681,"{""family"": ""B2"", ""type"": ""uniform_lattice"", ""rho"": 0.225, ""L"": 0.00475, ""w"": 0.0, ""a_z"": 1.0}",0.225,0.00475
0.027258298439409294,0.019889056693857834,746.5905123741994,0.12443175206236659,0.29966671524553257,10.767858760213073,True,344.13888979834513,327.4230299666567,1.0981705588176727e-11,3.0,10.767858760213073,12.762110773951681,275.340755417868,8519.98751931069,"{""family"": ""B2"", ""type"": ""uniform_lattice"", ""rho"": 0.225, ""L"": 0.005, ""w"": 0.0, ""a_z"": 1.0}",0.225,0.005
0.027480025421869548,0.02012145798368527,703.0308251374784,0.11717180418957973,0.29966671524553257,10.769018410408181,True,344.30961957483953,327.4230299667181,3.3852101497158606e-12,3.0,10.769018410408181,12.764880605336433,289.10779318876047,8289.10605353403,"{""family"": ""B2"", ""type"": ""uniform_lattice"", ""rho"": 0.225, ""L"": 0.00525, ""w"": 0.0, ""a_z"": 1.0}",0.225,0.00525
0.027693799813818993,0.020345438631214137,664.2341611910156,0.11070569353183594,0.29966671524553257,10.769974777572816,True,344.4742258566406,327.42302996666484,9.079296621887088e-12,3.0,10.769974777572816,12.767348582677947,302.8748309596798,8076.352367209953,"{""family"": ""B2"", ""type"": ""uniform_lattice"", ""rho"": 0.225, ""L"": 0.0055, ""w"": 0.0, ""a_z"": 1.0}",0.225,0.0055
0.027900268346943508,0.020561687570070437,629.4839076137594,0.10491398460229324,0.29966671524553257,10.770758360398075,True,344.6332066271465,327.42302996673305,6.884107137153337e-12,3.0,10.770758360398075,12.769559965532132,316.6418687305258,7879.505916194405,"{""family"": ""B2"", ""type"": ""uniform_lattice"", ""rho"": 0.225, ""L"": 0.00575, ""w"": 0.0, ""a_z"": 1.0}",0.225,0.00575
0.028099995137933383,0.020770805480250537,598.1984113255373,0.0996997352209229,0.29966671524553257,10.771393929341063,True,344.7869962562087,327.4230299666916,2.8139707014756886e-12,3.0,10.771393929341063,12.771551518916297,330.4089065014226,7696.709765573082,"{""family"": ""B2"", ""type"": ""uniform_lattice"", ""rho"": 0.225, ""L"": 0.006, ""w"": 0.0, ""a_z"": 1.0}",0.225,0.006
0.023157651913084453,0.01556484203575541,2921.2971308028564,0.4868828551338094,0.30843961378586476,12.48169994241271,True,340.981391973075,327.4230299667072,8.310950773181516e-13,3.0,12.48169994241271,12.625339290831594,106.54604358791818,15955.42372983709,"{""family"": ""B2"", ""type"": ""uniform_lattice"", ""rho"": 0.25, ""L"": 0.002, ""w"": 0.0, ""a_z"": 1.0}",0.25,0.002
0.023584213758964877,0.016015675689397817,2460.462852222949,0.41007714203715817,0.30843961378586476,12.503814411336757,True,341.30984459440293,327.42302996673817,8.08106712859378e-12,3.0,12.503814411336757,12.654076699814816,119.86429903641108,14725.708757252547,"{""family"": ""B2"", ""type"": ""uniform_lattice"", ""rho"": 0.25, ""L"": 0.00225, ""w"": 0.0, ""a_z"": 1.0}",0.25,0.00225
0.023975821301822582,0.016429100642098352,2116.6619614768492,0.3527769935794749,0.30843961378586476,12.520204564974835,True,341.61138240240336,327.4230299667403,8.573316371403999e-12,3.0,12.520204564974835,12.675601312376424,133.1825544849003,13730.21934025057,"{""family"": ""B2"", ""type"": ""uniform_lattice"", ""rho"": 0.25, ""L"": 0.0025, ""w"": 0.0, ""a_z"": 1.0}",0.25,0.0025
0.024338234946785102,0.0168113204840463,1851.8224119872586,0.3086370686645431,0.30843961378586476,12.532715331536536,True,341.8904409090245,327.42302996664097,1.466663558279503e-11,3.0,12.532715331536536,12.692232326656926,146.50080993341032,12905.25425881241,"{""family"": ""B2"", ""type"": ""uniform_lattice"", ""rho"": 0.25, ""L"": 0.00275, ""w"": 0.0, ""a_z"": 1.0}",0.25,0.00275
0.02467596695213203,0.01716718735216532,1642.4437046404603,0.2737406174400767,0.30843961378586476,12.542492008307015,True,342.15049455314164,327.4230299667267,5.39421898202499e-12,3.0,12.542492008307015,12.70541151229402,159.81906538188073,12208.40215107559,"{""family"": ""B2"", ""type"": ""uniform_lattice"", ""rho"": 0.25, ""L"": 0.003, ""w"": 0.0, ""a_z"": 1.0}",0.25,0.003
0.024992601068772477,0.017500550048986596,1473.3247143670026,0.2455541190611671,0.30843961378586476,12.550278664880741,True,342.3943028229548,327.42302996670105,6.056407900442455e-13,3.0,12.550278664880741,12.716076578595052,173.13732083038778,11610.35283693971,"{""family"": ""B2"", ""type"": ""uniform_lattice"", ""rho"": 0.25, ""L"": 0.00325, ""w"": 0.0, ""a_z"": 1.0}",0.25,0.00325
0.025291017441075873,0.017814498380107284,1334.2453233828078,0.2223742205638013,0.30843961378586476,12.556577286033153,True,342.6240834296284,327.42302996671947,3.704419166799151e-12,3.0,12.556577286033153,12.724860698670692,186.4555762788755,11090.20988798464,"{""family"": ""B2"", ""type"": ""uniform_lattice"", ""rho"": 0.25, ""L"": 0.0035, ""w"": 0.0, ""a_z"": 1.0}",0.25,0.0035
0.02557355531142753,0.018111539524986474,1218.107676987526,0.20301794616458768,0.30843961378586476,12.561737469801072,True,342.8416375897992,327.4230299667349,7.309768375012323e-12,3.0,12.561737469801072,12.732205143906326,199.77383172737208,10632.675784712483,"{""family"": ""B2"", ""type"": ""uniform_lattice"", ""rho"": 0.25, ""L"": 0.00375, ""w"": 0.0, ""a_z"": 1.0}",0.25,0.00375
0.025842133116962533,0.018393727965053144,1119.8442234658385,0.1866407039109731,0.30843961378586476,12.566009384101536,True,343.0484425000611,327.4230299667051,3.388458345079335e-13,3.0,12.566009384101536,12.738425864955596,213.09208717585872,10226.292891147243,"{""family"": ""B2"", ""type"": ""uniform_lattice"", ""rho"": 0.25, ""L"": 0.004, ""w"": 0.0, ""a_z"": 1.0}",0.25,0.004
0.02609833850189499,0.01866276269953895,1035.7497705620597,0.17262496176034328,0.30843961378586476,12.569576290425294,True,343.2457206464591,327.4230299666964,1.6964438511965824e-12,3.0,12.569576290425294,12.743754424454051,226.4103426243372,9862.306494348972,"{""family"": ""B2"", ""type"": ""uniform_lattice"", ""rho"": 0.25, ""L"": 0.00425, ""w"": 0.0, ""a_z"": 1.0}",0.25,0.00425
0.026343496621296713,0.018920060906842232,963.0584792794145,0.1605097465465691,0.30843961378586476,12.572575209540249,True,343.43449239839845,327.42302996673095,6.391562603855531e-12,3.0,12.572575209540249,12.748364027691144,239.7285980728437,9533.908262913665,"{""family"": ""B2"", ""type"": ""uniform_lattice"", ""rho"": 0.25, ""L"": 0.0045, ""w"": 0.0, ""a_z"": 1.0}",0.25,0.0045
0.026578722520665662,0.019166814362244634,899.6677754155818,0.14994462923593033,0.30843961378586476,12.575110447256492,True,343.61561634091254,327.4230299666711,7.61613225588551e-12,3.0,12.575110447256492,12.752386571768874,253.04685352134985,9235.719919693318,"{""family"": ""B2"", ""type"": ""uniform_lattice"", ""rho"": 0.25, ""L"": 0.00475, ""w"": 0.0, ""a_z"": 1.0}",0.25,0.00475
0.02680496168579705,0.019404033066224693,843.9533233230599,0.14065888722050998,0.30843961378586476,12.577262680457551,True,343.7898204980637,327.42302996676744,1.4932101731137193e-11,3.0,12.577262680457551,12.755924105356328,266.3651089697842,8963.432888025078,"{""family"": ""B2"", ""type"": ""uniform_lattice"", ""rho"": 0.25, ""L"": 0.005, ""w"": 0.0, ""a_z"": 1.0}",0.25,0.005
0.027023021701872003,0.019632579275101782,794.6420935083424,0.1324403489180571,0.30843961378586476,12.579095203000888,True,343.9577267104414,327.4230299667309,6.378422177157837e-12,3.0,12.579095203000888,12.759056710382538,279.68336441829376,8713.551732867598,"{""family"": ""B2"", ""type"": ""uniform_lattice"", ""rho"": 0.25, ""L"": 0.00525, ""w"": 0.0, ""a_z"": 1.0}",0.25,0.00525
0.027233597174781993,0.019853194267073986,750.7234516562282,0.12512057527603807,0.30843961378586476,12.580658308419142,True,344.1198698245821,327.4230299667632,1.3934610464062858e-11,3.0,12.580658308419142,12.761848035028343,293.00161986675266,8483.208200603876,"{""family"": ""B2"", ""type"": ""uniform_lattice"", ""rho"": 0.25, ""L"": 0.0055, ""w"": 0.0, ""a_z"": 1.0}",0.25,0.0055
0.027437289493424822,0.020066519552380164,711.3857067417422,0.11856428445695705,0.30843961378586476,12.581992422474018,True,344.2767129099371,327.42302996670355,2.022739839982e-14,3.0,12.581992422474018,12.764349249998645,306.3198753153001,8270.024229617267,"{""family"": ""B2"", ""type"": ""uniform_lattice"", ""rho"": 0.25, ""L"": 0.00575, ""w"": 0.0, ""a_z"": 1.0}",0.25,0.00575
0.02763462261791131,0.020273113807338084,675.9700597920092,0.11266167663200155,0.30843961378586476,12.583130379736714,True,344.4286594157917,327.42302996665825,1.062248471002518e-11,3.0,12.583130379736714,12.76660192472819,319.63813076378983,8072.0095371028565,"{""family"": ""B2"", ""type"": ""uniform_lattice"", ""rho"": 0.25, ""L"": 0.006, ""w"": 0.0, ""a_z"": 1.0}",0.25,0.006
0.02284428997121864,0.015226447743561402,3301.045768480363,0.5501742947467273,0.31721251232619696,12.601756257218625,True,340.74010327783833,327.4230299667205,3.944047397477311e-12,3.0,14.375277864777775,12.601756257218625,103.5642852356025,16896.85926306313,"{""family"": ""B2"", ""type"": ""uniform_lattice"", ""rho"": 0.275, ""L"": 0.002, ""w"": 0.0, ""a_z"": 1.0}",0.275,0.002
0.023255316392342226,0.01566100888482294,2780.1325665251375,0.4633554277541896,0.31721251232619696,12.634128369412869,True,341.0565936221035,327.4230299667151,2.6803517558418413e-12,3.0,14.404346837710323,12.634128369412869,116.50982089004602,15583.778517723653,"{""family"": ""B2"", ""type"": ""uniform_lattice"", ""rho"": 0.275, ""L"": 0.00225, ""w"": 0.0, ""a_z"": 1.0}",0.275,0.00225
0.023633146474362886,0.01605999647654347,2391.5207861292865,0.3985867976882145,0.31721251232619696,12.658387148141923,True,341.3475227852594,327.4230299666581,1.0662348925849642e-11,3.0,14.425967120309966,12.658387148141923,129.45535654451496,14519.967923608641,"{""family"": ""B2"", ""type"": ""uniform_lattice"", ""rho"": 0.275, ""L"": 0.0025, ""w"": 0.0, ""a_z"": 1.0}",0.275,0.0025
0.023983316853482258,0.016429381516755482,2092.1689417967245,0.3486948236327874,0.31721251232619696,12.677137560683454,True,341.6171539771813,327.42302996671873,3.5318218768036072e-12,3.0,14.44253658686961,12.677137560683454,142.40089219894264,13637.636426077976,"{""family"": ""B2"", ""type"": ""uniform_lattice"", ""rho"": 0.275, ""L"": 0.00275, ""w"": 0.0, ""a_z"": 1.0}",0.275,0.00275
0.024310152262306067,0.0167738210254658,1855.509711917074,0.3092516186528457,0.31721251232619696,12.692000477313629,True,341.86881724197565,327.4230299666397,1.4959268455995346e-11,3.0,14.455544874204383,12.692000477313629,155.34642785341543,12891.676194323934,"{""family"": ""B2"", ""type"": ""uniform_lattice"", ""rho"": 0.275, ""L"": 0.003, ""w"": 0.0, ""a_z"": 1.0}",0.275,0.003
0.02461707651383855,0.01709699721418983,1664.3586054065377,0.2773931009010896,0.31721251232619696,12.704030813025147,True,342.10514891565566,327.42302996670657,6.847786407179938e-13,3.0,14.465960297073892,12.704030813025147,168.29196350785222,12250.929358650335,"{""family"": ""B2"", ""type"": ""uniform_lattice"", ""rho"": 0.275, ""L"": 0.00325, ""w"": 0.0, ""a_z"": 1.0}",0.275,0.00325
0.024906832040698067,0.017401856305108723,1507.1622790581714,0.2511937131763619,0.31721251232619696,12.713941264599363,True,342.3282606713375,327.42302996665154,1.2192101296802453e-11,3.0,14.474436410812723,12.713941264599363,181.23749916232993,11693.190439619819,"{""family"": ""B2"", ""type"": ""uniform_lattice"", ""rho"": 0.275, ""L"": 0.0035, ""w"": 0.0, ""a_z"": 1.0}",0.275,0.0035
0.02518163889551141,0.01769078109791595,1375.8971142595412,0.22931618570992357,0.31721251232619696,12.722228739015382,True,342.53986194954376,327.42302996668843,3.558840956417965e-12,3.0,14.481428530539192,12.722228739015382,194.1830348167555,11202.206907966018,"{""family"": ""B2"", ""type"": ""uniform_lattice"", ""rho"": 0.275, ""L"": 0.00375, ""w"": 0.0, ""a_z"": 1.0}",0.275,0.00375
0.02544331203201074,0.01796571800515553,1264.8347110487264,0.21080578517478776,0.31721251232619696,12.7292491472252,True,342.74135026464825,327.42302996665745,1.0808960652937388e-11,3.0,14.487262566573513,12.7292491472252,207.12857047121275,10765.806121806605,"{""family"": ""B2"", ""type"": ""uniform_lattice"", ""rho"": 0.275, ""L"": 0.004, ""w"": 0.0, ""a_z"": 1.0}",0.275,0.004
0.02569334904512278,0.018228271928441255,1169.7867629153106,0.19496446048588512,0.31721251232619696,12.735263415233291,True,342.9338787647445,327.4230299666851,4.3438707176722935e-12,3.0,14.492177322052225,12.735263415233291,220.07410612567045,10374.685609367007,"{""family"": ""B2"", ""type"": ""uniform_lattice"", ""rho"": 0.275, ""L"": 0.00425, ""w"": 0.0, ""a_z"": 1.0}",0.275,0.00425
0.025932996571797113,0.01847977795644292,1087.62684639027,0.181271141065045,0.31721251232619696,12.740466759643532,True,343.11840736028375,327.42302996670657,6.846309954741995e-13,3.0,14.496351380443672,12.740466759643532,233.01964178009706,10021.60876309398,"{""family"": ""B2"", ""type"": ""uniform_lattice"", ""rho"": 0.275, ""L"": 0.0045, ""w"": 0.0, ""a_z"": 1.0}",0.275,0.0045
0.026163301057107298,0.01872135611285023,1015.9783065768914,0.16932971776281527,0.31721251232619696,12.745007870492328,True,343.2957418139726,327.42302996660413,2.3287050786969412e-11,3.0,14.499920709744616,12.745007870492328,245.96517743459773,9700.856338861124,"{""family"": ""B2"", ""type"": ""uniform_lattice"", ""rho"": 0.275, ""L"": 0.00475, ""w"": 0.0, ""a_z"": 1.0}",0.275,0.00475
0.026385147921735394,0.01895395355191417,953.0050904225234,0.15883418173708724,0.31721251232619696,12.749001809946762,True,343.46656389973623,327.42302996671486,2.6270518228320966e-12,3.0,14.502990491767761,12.749001809946762,258.9107130889966,9407.843917443644,"{""family"": ""B2"", ""type"": ""uniform_lattice"", ""rho"": 0.275, ""L"": 0.005, ""w"": 0.0, ""a_z"": 1.0}",0.275,0.005
0.026599292038412308,0.01917837736066975,897.2682553862554,0.14954470923104257,0.31721251232619696,12.752538886468153,True,343.63145486957745,327.4230299666665,8.693499599852565e-12,3.0,14.50564325588386,12.752538886468153,271.85624874346945,9138.849716608913,"{""family"": ""B2"", ""type"": ""uniform_lattice"", ""rho"": 0.275, ""L"": 0.00525, ""w"": 0.0, ""a_z"": 1.0}",0.275,0.00525
0.026806381640931427,0.01939532027213923,847.6254609395864,0.14127091015659776,0.31721251232619696,12.755690886224992,True,343.7909138635172,327.42302996674755,1.0276108968083735e-11,3.0,14.507944587665246,12.755690886224992,284.8017843978883,8890.817400200696,"{""family"": ""B2"", ""type"": ""uniform_lattice"", ""rho"": 0.275, ""L"": 0.0055, ""w"": 0.0, ""a_z"": 1.0}",0.275,0.0055
0.02700697721978211,0.019605380973369512,803.1592409293272,0.13385987348822123,0.31721251232619696,12.758515529818618,True,343.9453724592322,327.4230299667029,1.6639618975618349e-13,3.0,14.509947209945114,12.758515529818618,297.7473200523718,8661.210869435447,"{""family"": ""B2"", ""type"": ""uniform_lattice"", ""rho"": 0.275, ""L"": 0.00575, ""w"": 0.0, ""a_z"": 1.0}",0.275,0.00575
0.027201566570285454,0.019809080267699175,763.1249466835209,0.12718749111392016,0.31721251232619696,12.761059712994667,True,344.0952062591198,327.4230299667131,2.214531011670804e-12,3.0,14.51169394922267,12.761059712994667,310.6928557068255,8447.905731469325,"{""family"": ""B2"", ""type"": ""uniform_lattice"", ""rho"": 0.275, ""L"": 0.006, ""w"": 0.0, ""a_z"": 1.0}",0.275,0.006
0.022553282636591256,0.014911370812935228,3729.148511126037,0.6215247518543396,0.3259854108665292,12.575275773422891,True,340.51602763017524,327.4230299667182,3.411786293598836e-12,3.0,16.388685943650323,12.575275773422891,101.11555427706627,17854.660692531477,"{""family"": ""B2"", ""type"": ""uniform_lattice"", ""rho"": 0.3, ""L"": 0.002, ""w"": 0.0, ""a_z"": 1.0}",0.3,0.002
0.022949375775803818,0.015330273724483895,3140.732055997556,0.5234553426662594,0.3259854108665292,12.611701255983526,True,340.8210193473689,327.4230299667021,3.6616020460988027e-13,3.0,16.426339943051083,12.611701255983526,113.75499856170502,16457.337345910415,"{""family"": ""B2"", ""type"": ""uniform_lattice"", ""rho"": 0.3, ""L"": 0.00225, ""w"": 0.0, ""a_z"": 1.0}",0.3,0.00225
0.023313896420641016,0.015715299253376953,2701.741566801369,0.4502902611335616,0.3259854108665292,12.639014375551056,True,341.10170024389356,327.42302996672277,4.476160856111992e-12,3.0,16.45441900861388,12.639014375551056,126.39444284632913,15324.349324558052,"{""family"": ""B2"", ""type"": ""uniform_lattice"", ""rho"": 0.3, ""L"": 0.0025, ""w"": 0.0, ""a_z"": 1.0}",0.3,0.0025
0.023652176104780306,0.016072205263587092,2363.5676984793004,0.3939279497465501,0.3259854108665292,12.660135689193474,True,341.3621756006808,327.42302996668445,4.490039509028657e-12,3.0,16.47600103699128,12.660135689193474,139.03388713097397,14383.828584691159,"{""family"": ""B2"", ""type"": ""uniform_lattice"", ""rho"": 0.3, ""L"": 0.00275, ""w"": 0.0, ""a_z"": 1.0}",0.3,0.00275
0.023968366227175145,0.01640546841679616,2096.2055020665816,0.34936758367776366,0.3259854108665292,12.676884354396451,True,341.60564199492484,327.4230299666389,1.514559675366376e-11,3.0,16.492999769920136,12.676884354396451,151.6733314156159,13587.98089322284,"{""family"": ""B2"", ""type"": ""uniform_lattice"", ""rho"": 0.3, ""L"": 0.003, ""w"": 0.0, ""a_z"": 1.0}",0.3,0.003
0.02426574214702304,0.01671861625534222,1880.2463955290996,0.31337439925484994,0.3259854108665292,12.690445307821733,True,341.8346214532077,327.4230299667476,1.0289692330512813e-11,3.0,16.50666003969691,12.690445307821733,164.3127757002373,12903.807164932334,"{""family"": ""B2"", ""type"": ""uniform_lattice"", ""rho"": 0.3, ""L"": 0.00325, ""w"": 0.0, ""a_z"": 1.0}",0.3,0.00325
0.02454691833456948,0.017014461529200532,1702.6414065594226,0.2837735677599038,0.3259854108665292,12.70161961066278,True,342.0511271176185,327.42302996675124,1.1141014806230784e-11,3.0,16.517822484335575,12.70161961066278,176.95221998485522,12307.796108291148,"{""family"": ""B2"", ""type"": ""uniform_lattice"", ""rho"": 0.3, ""L"": 0.0035, ""w"": 0.0, ""a_z"": 1.0}",0.3,0.0035
0.02481400418976579,0.017295271507973727,1554.327994274383,0.25905466571239716,0.3259854108665292,12.710966076028969,True,342.25678322611964,327.4230299666739,6.964278504533646e-12,3.0,16.527073010213197,12.710966076028969,189.59166426951552,11782.740903829983,"{""family"": ""B2"", ""type"": ""uniform_lattice"", ""rho"": 0.3, ""L"": 0.00375, ""w"": 0.0, ""a_z"": 1.0}",0.3,0.00375
0.02506871879673418,0.01756289242668606,1428.835868679603,0.2381393114466005,0.3259854108665292,12.718885131631733,True,342.4529134734853,327.42302996668974,3.252920011276162e-12,3.0,16.53483115575586,12.718885131631733,202.23110855414234,11315.752828761375,"{""family"": ""B2"", ""type"": ""uniform_lattice"", ""rho"": 0.3, ""L"": 0.004, ""w"": 0.0, ""a_z"": 1.0}",0.3,0.004
0.025312476551226617,0.017818842189656344,1321.4341783566047,0.2202390297261008,0.3259854108665292,12.72567044869316,True,342.64060694444447,327.4230299667384,8.134367061603526e-12,3.0,16.5414044220716,12.72567044869316,214.87055283875574,10896.97939223762,"{""family"": ""B2"", ""type"": ""uniform_lattice"", ""rho"": 0.3, ""L"": 0.00425, ""w"": 0.0, ""a_z"": 1.0}",0.3,0.00425
0.025546451761270243,0.0180643802107071,1228.5914257157094,0.20476523761928492,0.3259854108665292,12.73154181252514,True,342.82076785617807,327.4230299666984,1.2309183975131336e-12,3.0,16.54702282721258,12.73154181252514,227.50999712341988,10518.75273344999,"{""family"": ""B2"", ""type"": ""uniform_lattice"", ""rho"": 0.3, ""L"": 0.0045, ""w"": 0.0, ""a_z"": 1.0}",0.3,0.0045
0.02577162786696853,0.018300560562083876,1147.6229622988214,0.19127049371647026,0.3259854108665292,12.73666667237835,True,342.99415345756574,327.4230299667593,1.3029988055335142e-11,3.0,16.551861539823765,12.73666667237835,240.1494414080042,10175.009287986859,"{""family"": ""B2"", ""type"": ""uniform_lattice"", ""rho"": 0.3, ""L"": 0.00475, ""w"": 0.0, ""a_z"": 1.0}",0.3,0.00475
0.02598883528041721,0.018528272792938033,1076.4547498433642,0.17940912497389405,0.3259854108665292,12.741174638270437,True,343.16140316592123,327.42302996674647,1.0023635601195471e-11,3.0,16.55605609362395,12.741174638270437,252.78888569265843,9860.885302171515,"{""family"": ""B2"", ""type"": ""uniform_lattice"", ""rho"": 0.3, ""L"": 0.005, ""w"": 0.0, ""a_z"": 1.0}",0.3,0.005
0.026198780728261473,0.018748273554184135,1013.4612941495276,0.16891021569158793,0.3259854108665292,12.745167458526833,True,343.3230611607613,327.42302996672805,5.7131327086206924e-12,3.0,16.559712852123212,12.745167458526833,265.4283299772875,9572.429175380577,"{""family"": ""B2"", ""type"": ""uniform_lattice"", ""rho"": 0.3, ""L"": 0.00525, ""w"": 0.0, ""a_z"": 1.0}",0.3,0.00525
0.026402070188687475,0.01896121130012654,957.3521239049849,0.1595586873174975,0.3259854108665292,12.74872602835853,True,343.47959404528933,327.4230299666773,6.16596067133783e-12,3.0,16.562916355300242,12.74872602835853,278.06777426195396,9306.393140499902,"{""family"": ""B2"", ""type"": ""uniform_lattice"", ""rho"": 0.3, ""L"": 0.0055, ""w"": 0.0, ""a_z"": 1.0}",0.3,0.0055
0.026599226962771397,0.01916764573774567,907.0907751857424,0.1511817958642904,0.3259854108665292,12.751915403915982,True,343.63140476133395,327.4230299667163,2.9595489118568748e-12,3.0,16.565734572968164,12.751915403915982,290.70721854656637,9060.079897301914,"{""family"": ""B2"", ""type"": ""uniform_lattice"", ""rho"": 0.3, ""L"": 0.00575, ""w"": 0.0, ""a_z"": 1.0}",0.3,0.00575
0.02679070601785503,0.01936806325457474,861.8359928258977,0.14363933213764962,0.3259854108665292,12.754788449228064,True,343.77884363374835,327.4230299668043,2.355236929006778e-11,3.0,16.56822272412905,12.754788449228064,303.3466628311596,8831.227995890207,"{""family"": ""B2"", ""type"": ""uniform_lattice"", ""rho"": 0.3, ""L"": 0.006, ""w"": 0.0, ""a_z"": 1.0}",0.3,0.006
0.02227841618054773,0.014613037932327988,4217.85307904045,0.7029755131734085,0.33475830940686135,12.54518244602474,True,340.30438045902173,327.4230299666736,7.0307188642410834e-12,3.0,18.532348189272106,12.54518244602474,99.133903479346,18843.32462623778,"{""family"": ""B2"", ""type"": ""uniform_lattice"", ""rho"": 0.325, ""L"": 0.002, ""w"": 0.0, ""a_z"": 1.0}",0.325,0.002
0.02266000044554372,0.015016715433596893,3552.5959454180465,0.5920993242363412,0.33475830940686135,12.586183014335106,True,340.59820034306864,327.42302996670253,2.595603385903909e-13,3.0,18.580643031003476,12.586183014335106,111.52564141427388,17359.605028918988,"{""family"": ""B2"", ""type"": ""uniform_lattice"", ""rho"": 0.325, ""L"": 0.00225, ""w"": 0.0, ""a_z"": 1.0}",0.325,0.00225
0.023011529252592883,0.015388101129851098,3056.2287411477955,0.5093714568579659,0.33475830940686135,12.616949706467578,True,340.8688775244965,327.42302996672515,5.0347028133858534e-12,3.0,18.616732184454804,12.616949706467578,123.91737934917607,16155.557794469447,"{""family"": ""B2"", ""type"": ""uniform_lattice"", ""rho"": 0.325, ""L"": 0.0025, ""w"": 0.0, ""a_z"": 1.0}",0.325,0.0025
0.023338141566347302,0.015732752747665283,2673.8192984751227,0.44563654974585387,0.33475830940686135,12.640755646091053,True,341.1203690060874,327.4230299667085,1.137163667703749e-12,3.0,18.644532437695425,12.640755646091053,136.30911728409515,15155.184478494188,"{""family"": ""B2"", ""type"": ""uniform_lattice"", ""rho"": 0.325, ""L"": 0.00275, ""w"": 0.0, ""a_z"": 1.0}",0.325,0.00275
0.02364382541420501,0.0160549769040804,2371.457465641938,0.39524291094032304,0.33475830940686135,12.659642114041693,True,341.35574556893783,327.4230299666747,6.778245497352819e-12,3.0,18.66648159716838,12.659642114041693,148.70085521903115,14307.969385793464,"{""family"": ""B2"", ""type"": ""uniform_lattice"", ""rho"": 0.325, ""L"": 0.003, ""w"": 0.0, ""a_z"": 1.0}",0.325,0.003
0.02393171620439337,0.016358155271541067,2127.2071618373116,0.3545345269728853,0.33475830940686135,12.674940012211021,True,341.57742147738287,327.42302996668457,4.4631680746580924e-12,3.0,18.68416664158568,12.674940012211021,161.0925931539268,13579.04678583487,"{""family"": ""B2"", ""type"": ""uniform_lattice"", ""rho"": 0.325, ""L"": 0.00325, ""w"": 0.0, ""a_z"": 1.0}",0.325,0.00325
0.024204308025964755,0.016644974976186007,1926.3191826273924,0.3210531971045654,0.33475830940686135,12.68754977549481,True,341.78731717999284,327.4230299666782,5.9530562297864406e-12,3.0,18.698659944998944,12.68754977549481,173.48433108885155,12943.579612344058,"{""family"": ""B2"", ""type"": ""uniform_lattice"", ""rho"": 0.325, ""L"": 0.0035, ""w"": 0.0, ""a_z"": 1.0}",0.325,0.0035
0.024463606529441784,0.016917594909418382,1758.5495620320787,0.29309159367201315,0.33475830940686135,12.698099937640304,True,341.98697702767015,327.4230299667154,2.746644470305485e-12,3.0,18.710709321067323,12.698099937640304,185.8760690237604,12383.390227482023,"{""family"": ""B2"", ""type"": ""uniform_lattice"", ""rho"": 0.325, ""L"": 0.00375, ""w"": 0.0, ""a_z"": 1.0}",0.325,0.00375
0.024711241260866823,0.01717776769259388,1616.5841023125377,0.2694306837187563,0.33475830940686135,12.707041124711983,True,342.17765577086743,327.4230299667475,1.0262820896142248e-11,3.0,18.72085047759568,12.707041124711983,198.2678069586564,11884.859702369882,"{""family"": ""B2"", ""type"": ""uniform_lattice"", ""rho"": 0.325, ""L"": 0.004, ""w"": 0.0, ""a_z"": 1.0}",0.325,0.004
0.02494854922717988,0.01742693025960676,1495.0746220065284,0.24917910366775478,0.33475830940686135,12.714703971886722,True,342.3603829049285,327.42302996669224,2.6673589743879424e-12,3.0,18.729476209367,12.714703971886722,210.65954489360843,11437.57324647859,"{""family"": ""B2"", ""type"": ""uniform_lattice"", ""rho"": 0.325, ""L"": 0.00425, ""w"": 0.0, ""a_z"": 1.0}",0.325,0.00425
0.025176637725466185,0.017666271868484556,1390.0285852974873,0.2316714308829146,0.33475830940686135,12.721336024474219,True,342.53601104860894,327.42302996669355,2.3615856744899335e-12,3.0,18.736880431307792,12.721336024474219,223.05128282852243,11033.420977055594,"{""family"": ""B2"", ""type"": ""uniform_lattice"", ""rho"": 0.325, ""L"": 0.0045, ""w"": 0.0, ""a_z"": 1.0}",0.325,0.0045
0.02539643203870135,0.0178967856723516,1298.4107052055815,0.21640178420093026,0.33475830940686135,12.727125945191506,True,342.7052526698,327.42302996665853,1.0555896705073947e-11,3.0,18.74328703575756,12.727125945191506,235.44302076346332,10665.985529885244,"{""family"": ""B2"", ""type"": ""uniform_lattice"", ""rho"": 0.325, ""L"": 0.00475, ""w"": 0.0, ""a_z"": 1.0}",0.325,0.00475
0.025608711975799114,0.01811930818949308,1217.8759375664865,0.20297932292774779,0.33475830940686135,12.732219807384084,True,342.8687082213653,327.4230299666999,8.715498741177916e-13,3.0,18.748869299052743,12.732219807384084,247.83475869835723,10330.115459601555,"{""family"": ""B2"", ""type"": ""uniform_lattice"", ""rho"": 0.325, ""L"": 0.005, ""w"": 0.0, ""a_z"": 1.0}",0.325,0.005
0.025814140104572798,0.01833454977463744,1146.5863002647422,0.1910977167107904,0.33475830940686135,12.736732314152455,True,343.02688788052103,327.4230299666501,1.2524893676314819e-11,3.0,18.753763234740866,12.736732314152455,260.22649663328804,10021.621976340315,"{""family"": ""B2"", ""type"": ""uniform_lattice"", ""rho"": 0.325, ""L"": 0.00525, ""w"": 0.0, ""a_z"": 1.0}",0.325,0.00525
0.026013283749516218,0.018543118343378948,1083.082556860914,0.18051375947681902,0.33475830940686135,12.740754682272126,True,343.18022848712747,327.4230299666405,1.477323544881452e-11,3.0,18.758076971262778,12.740754682272126,272.61823456820827,9737.059381029898,"{""family"": ""B2"", ""type"": ""uniform_lattice"", ""rho"": 0.325, ""L"": 0.0055, ""w"": 0.0, ""a_z"": 1.0}",0.325,0.0055
0.026206632266862043,0.018745537991332873,1026.1926387514025,0.1710321064585671,0.33475830940686135,12.744360284512375,True,343.32910684548375,327.42302996669474,2.082093227987311e-12,3.0,18.761897459624375,12.744360284512375,285.00997250310587,9473.56343844279,"{""family"": ""B2"", ""type"": ""uniform_lattice"", ""rho"": 0.325, ""L"": 0.00575, ""w"": 0.0, ""a_z"": 1.0}",0.325,0.00575
0.0263946107157165,0.018942263720996437,974.9651781345742,0.1624941963557624,0.33475830940686135,12.74760875485784,True,343.4738502511017,327.4230299667016,4.72464780141781e-13,3.0,18.765295351377603,12.74760875485784,297.4017104380247,9228.730584543719,"{""family"": ""B2"", ""type"": ""uniform_lattice"", ""rho"": 0.325, ""L"": 0.006, ""w"": 0.0, ""a_z"": 1.0}",0.325,0.006
0.022017640211432408,0.01432932518078599,4780.2870238854175,0.796714503980903,0.3435312079471936,12.510726803079507,True,340.10358296280293,327.42302996672316,4.569472650189993e-12,3.0,20.805981884769263,12.510726803079507,97.56234903279683,19866.702675879136,"{""family"": ""B2"", ""type"": ""uniform_lattice"", ""rho"": 0.35, ""L"": 0.002, ""w"": 0.0, ""a_z"": 1.0}",0.35,0.002
0.022385132211630653,0.01471820537939598,4026.8372583449004,0.6711395430574835,0.3435312079471936,12.55692760834213,True,340.3865518029556,327.42302996669105,2.94670377564677e-12,3.0,20.86746957291744,12.55692760834213,109.75764266191021,18294.117457049644,"{""family"": ""B2"", ""type"": ""uniform_lattice"", ""rho"": 0.35, ""L"": 0.00225, ""w"": 0.0, ""a_z"": 1.0}",0.35,0.00225
0.02272398713820261,0.015076277185175672,3464.584526038043,0.5774307543396738,0.3435312079471936,12.59162734182949,True,340.647470096416,327.4230299667137,2.3608474482709616e-12,3.0,20.913498135707552,12.59162734182949,121.95293629100354,17016.88327760833,"{""family"": ""B2"", ""type"": ""uniform_lattice"", ""rho"": 0.35, ""L"": 0.0025, ""w"": 0.0, ""a_z"": 1.0}",0.35,0.0025
0.023039161541669198,0.015408908650577112,3031.356518136474,0.505226086356079,0.3435312079471936,12.618495337606545,True,340.89015438708526,327.42302996676943,1.5397774830064436e-11,3.0,20.949018284347037,12.618495337606545,134.1482299200962,15954.800448256245,"{""family"": ""B2"", ""type"": ""uniform_lattice"", ""rho"": 0.35, ""L"": 0.00275, ""w"": 0.0, ""a_z"": 1.0}",0.35,0.00275
0.023334488644290895,0.015720245178162756,2688.769700263632,0.448128283377272,0.3435312079471936,12.639823259081657,True,341.11755625610397,327.4230299667181,3.3852101497158606e-12,3.0,20.97711497653733,12.639823259081657,146.3435235492033,15054.584005669189,"{""family"": ""B2"", ""type"": ""uniform_lattice"", ""rho"": 0.35, ""L"": 0.003, ""w"": 0.0, ""a_z"": 1.0}",0.35,0.003
0.02361297158845335,0.016013530505538463,2411.991771445761,0.4019986285742935,0.3435312079471936,12.657106939122821,True,341.33198812310906,327.4230299666794,5.673711428527612e-12,3.0,20.999798343274907,12.657106939122821,158.53881717832488,14279.466623818445,"{""family"": ""B2"", ""type"": ""uniform_lattice"", ""rho"": 0.35, ""L"": 0.00325, ""w"": 0.0, ""a_z"": 1.0}",0.35,0.00325
0.02387699116550096,0.016291333463195386,2184.324627676504,0.3640541046127507,0.3435312079471936,12.671359316949433,True,341.5352831974357,327.42302996672674,5.4075070539664774e-12,3.0,21.018427716790363,12.671359316949433,170.73411080740055,13603.258316046671,"{""family"": ""B2"", ""type"": ""uniform_lattice"", ""rho"": 0.35, ""L"": 0.0035, ""w"": 0.0, ""a_z"": 1.0}",0.35,0.0035
0.024128455850805794,0.01655571137668133,1994.1696715809949,0.33236161193016583,0.3435312079471936,12.683287986863535,True,341.72891100512044,327.4230299666943,2.188545448763006e-12,3.0,21.03395160793731,12.683287986863535,182.92940443651395,13006.788653000409,"{""family"": ""B2"", ""type"": ""uniform_lattice"", ""rho"": 0.35, ""L"": 0.00375, ""w"": 0.0, ""a_z"": 1.0}",0.35,0.00375
0.02436891174130337,0.016808329572263102,1833.244790344269,0.3055407983907115,0.3435312079471936,12.693400575674648,True,341.91406204080357,327.4230299667002,8.051095144103536e-13,3.0,21.04704985249263,12.693400575674648,195.12469806561947,12475.690237786599,"{""family"": ""B2"", ""type"": ""uniform_lattice"", ""rho"": 0.35, ""L"": 0.004, ""w"": 0.0, ""a_z"": 1.0}",0.35,0.004
0.0245996240613183,0.017050549836837,1695.4935613654131,0.2825822602275689,0.3435312079471936,12.702069740752885,True,342.09171052721507,327.42302996670935,1.3367800373136516e-12,3.0,21.058221146816877,12.702069740752885,207.31999169470487,11998.97055343195,"{""family"": ""B2"", ""type"": ""uniform_lattice"", ""rho"": 0.35, ""L"": 0.00425, ""w"": 0.0, ""a_z"": 1.0}",0.35,0.00425
0.024821638225125234,0.017283496603261766,1576.394374508922,0.26273239575148705,0.3435312079471936,12.709574618405906,True,342.2626614333464,327.42302996678205,1.8350827351194363e-11,3.0,21.06783879343259,12.709574618405906,219.51528532377338,11568.064532647273,"{""family"": ""B2"", ""type"": ""uniform_lattice"", ""rho"": 0.35, ""L"": 0.0045, ""w"": 0.0, ""a_z"": 1.0}",0.35,0.0045
0.025035826024985785,0.017508106958984786,1472.5094571952905,0.24541824286588174,0.3435312079471936,12.71612803411449,True,342.42758603923903,327.42302996662465,1.848444629682821e-11,3.0,21.07618725604076,12.71612803411449,231.7105789529516,11176.18971016951,"{""family"": ""B2"", ""type"": ""uniform_lattice"", ""rho"": 0.35, ""L"": 0.00475, ""w"": 0.0, ""a_z"": 1.0}",0.35,0.00475
0.02524292089142777,0.017725168786700118,1381.182610995706,0.23019710183261766,0.3435312079471936,12.721894828480123,True,342.58704908639936,327.4230299667093,1.3233443201283696e-12,3.0,21.083486755623326,12.721894828480123,243.9058725820109,10817.897205748694,"{""family"": ""B2"", ""type"": ""uniform_lattice"", ""rho"": 0.35, ""L"": 0.005, ""w"": 0.0, ""a_z"": 1.0}",0.35,0.005
0.02544354504393123,0.017935350110267027,1300.3318294251917,0.21672197157086528,0.3435312079471936,12.727004482948116,True,342.741529683827,327.4230299667042,1.259413929565435e-13,3.0,21.089910202113618,12.727004482948116,256.1011662110936,10488.752615572786,"{""family"": ""B2"", ""type"": ""uniform_lattice"", ""rho"": 0.35, ""L"": 0.00525, ""w"": 0.0, ""a_z"": 1.0}",0.35,0.00525
0.025638230580996416,0.018139221873291807,1228.3040198916556,0.20471733664860928,0.3435312079471936,12.731559996444565,True,342.8914375473672,327.4230299667224,4.396137133975478e-12,3.0,21.095595089905494,12.731559996444565,268.2964598402059,10185.105007094007,"{""family"": ""B2"", ""type"": ""uniform_lattice"", ""rho"": 0.35, ""L"": 0.0055, ""w"": 0.0, ""a_z"": 1.0}",0.35,0.0055
0.025827435990819974,0.01833727576210753,1163.7713144057527,0.19396188573429213,0.3435312079471936,12.735644240870181,True,343.03712571293136,327.4230299666805,5.421385706883142e-12,3.0,21.100652009502085,12.735644240870181,280.4917534693549,9903.916869318124,"{""family"": ""B2"", ""type"": ""uniform_lattice"", ""rho"": 0.35, ""L"": 0.00575, ""w"": 0.0, ""a_z"": 1.0}",0.35,0.00575
0.02601155918244105,0.01852993826389829,1105.6558077570028,0.18427596795950046,0.3435312079471936,12.739324586977721,True,343.1789005704796,327.4230299667184,3.4516505094232985e-12,3.0,21.105170839366238,12.739324586977721,292.687047098399,9642.637007359388,"{""family"": ""B2"", ""type"": ""uniform_lattice"", ""rho"": 0.35, ""L"": 0.006, ""w"": 0.0, ""a_z"": 1.0}",0.35,0.006
0.0217711982133404,0.014060576573330406,5430.816946310891,0.9051361577184819,0.35230410648752586,12.471109562308758,True,339.9138226242721,327.42302996664085,1.469306408143421e-11,3.0,23.197074173391336,12.471109562308758,96.34514577880547,20919.984288076765,"{""family"": ""B2"", ""type"": ""uniform_lattice"", ""rho"": 0.375, ""L"": 0.002, ""w"": 0.0, ""a_z"": 1.0}",0.375,0.002
0.02212509859644611,0.01443517833998168,4575.660798509018,0.7626101330848364,0.35230410648752586,12.523240622135189,True,340.1863259192635,327.4230299666785,5.8867635153227965e-12,3.0,23.274859458795163,12.523240622135189,108.3882890011506,19256.548587201312,"{""family"": ""B2"", ""type"": ""uniform_lattice"", ""rho"": 0.375, ""L"": 0.00225, ""w"": 0.0, ""a_z"": 1.0}",0.375,0.00225
0.022451680414606875,0.014780351612064027,3937.3867155339026,0.6562311192556505,0.35230410648752586,12.562435298759734,True,340.43779391924727,327.4230299666776,6.099815602117981e-12,3.0,23.33318035516529,12.562435298759734,120.43143222350963,17904.404206256444,"{""family"": ""B2"", ""type"": ""uniform_lattice"", ""rho"": 0.375, ""L"": 0.0025, ""w"": 0.0, ""a_z"": 1.0}",0.375,0.0025
0.022755727705210966,0.015101284923580706,3445.4936966760315,0.5742489494460054,0.35230410648752586,12.592808909455318,True,340.6719103330124,327.42302996664876,1.284410269339811e-11,3.0,23.378255352273133,12.592808909455318,132.47457544586618,16779.101811965134,"{""family"": ""B2"", ""type"": ""uniform_lattice"", ""rho"": 0.375, ""L"": 0.00275, ""w"": 0.0, ""a_z"": 1.0}",0.375,0.00275
0.023040927596757122,0.015401971420144477,3056.450245997559,0.5094083743329265,0.35230410648752586,12.61693594322319,True,340.89151424950296,327.4230299667197,3.757719099808896e-12,3.0,23.41396472142726,12.61693594322319,144.51771866819834,15824.55310929415,"{""family"": ""B2"", ""type"": ""uniform_lattice"", ""rho"": 0.375, ""L"": 0.003, ""w"": 0.0, ""a_z"": 1.0}",0.375,0.003
0.023310158951970493,0.01568552514285449,2742.0898657465195,0.45701497762442,0.35230410648752586,12.636499048167707,True,341.09882239301726,327.4230299666886,3.5188290953497083e-12,3.0,23.44283955284669,12.636499048167707,156.56086189054793,15002.063071737159,"{""family"": ""B2"", ""type"": ""uniform_lattice"", ""rho"": 0.375, ""L"": 0.00325, ""w"": 0.0, ""a_z"": 1.0}",0.375,0.00325
0.02356569667245296,0.015954404289572142,2483.4700468358988,0.4139116744726498,0.35230410648752586,12.652638879704304,True,341.29558643778876,327.4230299666915,2.840251554871075e-12,3.0,23.466592977596896,12.652638879704304,168.60400511290445,14284.067658924652,"{""family"": ""B2"", ""type"": ""uniform_lattice"", ""rho"": 0.375, ""L"": 0.0035, ""w"": 0.0, ""a_z"": 1.0}",0.375,0.0035
0.02380935891939155,0.016210571733904985,2267.431642696833,0.37790527378280553,0.35230410648752586,12.666152948131037,True,341.4832063679315,327.42302996672186,4.263404059804396e-12,3.0,23.486421251325083,12.666152948131037,180.64714833524434,13650.385997711192,"{""family"": ""B2"", ""type"": ""uniform_lattice"", ""rho"": 0.375, ""L"": 0.00375, ""w"": 0.0, ""a_z"": 1.0}",0.375,0.00375
0.024042614650176562,0.016455612060249532,2084.5771392338443,0.34742952320564074,0.35230410648752586,12.677613808434698,True,341.66281328063593,327.4230299666758,6.51189347754789e-12,3.0,23.503182307171866,12.677613808434698,192.69029155759716,13085.88723376944,"{""family"": ""B2"", ""type"": ""uniform_lattice"", ""rho"": 0.375, ""L"": 0.004, ""w"": 0.0, ""a_z"": 1.0}",0.375,0.004
0.024266663068017544,0.016690817900302014,1928.033707919973,0.3213389513199955,0.35230410648752586,12.687442048377426,True,341.8353305623735,327.42302996670924,1.3102038934306764e-12,3.0,23.517505818843617,12.687442048377426,204.73343477994342,12578.988290477126,"{""family"": ""B2"", ""type"": ""uniform_lattice"", ""rho"": 0.375, ""L"": 0.00425, ""w"": 0.0, ""a_z"": 1.0}",0.375,0.00425
0.02448249292912714,0.016917254300801245,1792.669686649921,0.2987782811083202,0.35230410648752586,12.695952878716136,True,342.0015195554279,327.42302996667297,7.177182946085036e-12,3.0,23.529863350149853,12.695952878716136,216.77657800229633,12120.657885094017,"{""family"": ""B2"", ""type"": ""uniform_lattice"", ""rho"": 0.375, ""L"": 0.0045, ""w"": 0.0, ""a_z"": 1.0}",0.375,0.0045
0.02469092724792578,0.017135807192662895,1674.5830868261637,0.279097181137694,0.35230410648752586,12.703386745116271,True,342.1620139809028,327.4230299666671,8.547183163252406e-12,3.0,23.54061438775352,12.703386745116271,228.81972122465268,11703.738950892151,"{""family"": ""B2"", ""type"": ""uniform_lattice"", ""rho"": 0.375, ""L"": 0.00475, ""w"": 0.0, ""a_z"": 1.0}",0.375,0.00475
0.02489265730787766,0.01734722023296671,1570.7587384771766,0.26179312307952946,0.35230410648752586,12.70992996030726,True,342.3173461270658,327.42302996670327,8.666775810725794e-14,3.0,23.550037333240887,12.70992996030726,240.86286444699414,11322.476981202804,"{""family"": ""B2"", ""type"": ""uniform_lattice"", ""rho"": 0.375, ""L"": 0.005, ""w"": 0.0, ""a_z"": 1.0}",0.375,0.005
0.02508826877137577,0.01755212306704192,1478.8330386538728,0.24647217310897881,0.35230410648752586,12.71572892781509,True,342.4679669539593,327.42302996670566,4.721694896541924e-13,3.0,23.55835084906801,12.71572892781509,252.90600766932758,10972.18488901259,"{""family"": ""B2"", ""type"": ""uniform_lattice"", ""rho"": 0.375, ""L"": 0.00525, ""w"": 0.0, ""a_z"": 1.0}",0.375,0.00525
0.025278261897582532,0.017751053198279267,1396.9291366040088,0.2328215227673348,0.35230410648752586,12.720900147759014,True,342.6142616611385,327.4230299666725,7.28363516686073e-12,3.0,23.565728862421565,12.720900147759014,264.9491508916962,10649.000401981695,"{""family"": ""B2"", ""type"": ""uniform_lattice"", ""rho"": 0.375, ""L"": 0.0055, ""w"": 0.0, ""a_z"": 1.0}",0.375,0.0055
0.025463067329792095,0.017944473055995287,1323.5392912417485,0.22058988187362474,0.35230410648752586,12.725537384408039,True,342.7565618439399,327.42302996667195,7.4166635315194e-12,3.0,23.572311305507522,12.725537384408039,276.99229411406316,10349.707453163086,"{""family"": ""B2"", ""type"": ""uniform_lattice"", ""rho"": 0.375, ""L"": 0.00575, ""w"": 0.0, ""a_z"": 1.0}",0.375,0.00575
0.025643058522129794,0.018132783422829975,1257.4394749730313,0.20957324582883857,0.35230410648752586,12.729716885475053,True,342.8951550620399,327.4230299666587,1.0516180134493278e-11,3.0,23.578211931586413,12.729716885475053,289.03543733642385,10071.602645252533,"{""family"": ""B2"", ""type"": ""uniform_lattice"", ""rho"": 0.375, ""L"": 0.006, ""w"": 0.0, ""a_z"": 1.0}",0.375,0.006
0.0215385262134248,0.013806270705703571,6188.413747231059,1.0314022912051766,0.361077005027858,12.425287042329954,True,339.7346651843371,327.4230299667151,2.6803517558418413e-12,3.0,25.694101987955342,12.425287042329954,95.41975456982135,22001.107954058218,"{""family"": ""B2"", ""type"": ""uniform_lattice"", ""rho"": 0.4, ""L"": 0.002, ""w"": 0.0, ""a_z"": 1.0}",0.4,0.002
0.02187936865584059,0.014167150348610274,5215.170151340229,0.8691950252233716,0.361077005027858,12.484214611047877,True,339.99711386499723,327.4230299666936,2.348002312060857e-12,3.0,25.79198202839019,12.484214611047877,107.34722389105605,20245.091497349025,"{""family"": ""B2"", ""type"": ""uniform_lattice"", ""rho"": 0.4, ""L"": 0.00225, ""w"": 0.0, ""a_z"": 1.0}",0.4,0.00225
0.022194113873143805,0.01449988062217712,4488.5826489732435,0.7480971081622073,0.361077005027858,12.528573441236581,True,340.2394676823207,327.42302996670685,7.515142909130204e-13,3.0,25.865480755904134,12.528573441236581,119.27469321228072,18816.5362877794,"{""family"": ""B2"", ""type"": ""uniform_lattice"", ""rho"": 0.4, ""L"": 0.0025, ""w"": 0.0, ""a_z"": 1.0}",0.4,0.0025
0.02248738274611367,0.014809480094451353,3928.5049724616283,0.6547508287436048,0.361077005027858,12.56298243326994,True,340.4652847145075,327.4230299667003,7.783857252835841e-13,3.0,25.922365780905846,12.56298243326994,131.20216253351458,17626.702776236405,"{""family"": ""B2"", ""type"": ""uniform_lattice"", ""rho"": 0.4, ""L"": 0.00275, ""w"": 0.0, ""a_z"": 1.0}",0.4,0.00275
0.022762724862680696,0.01509979842956952,3485.4414881589614,0.5809069146931604,0.361077005027858,12.590336718320563,True,340.6772981442641,327.4230299667308,6.351846033274862e-12,3.0,25.96749172798655,12.590336718320563,143.12963185473848,16616.669498264535,"{""family"": ""B2"", ""type"": ""uniform_lattice"", ""rho"": 0.4, ""L"": 0.003, ""w"": 0.0, ""a_z"": 1.0}",0.4,0.003
0.0230229027862795,0.015373828197097468,3127.3614145857423,0.5212269024309572,0.361077005027858,12.612531407736164,True,340.8776351454352,327.42302996663295,1.65423207599579e-11,3.0,26.004029247343695,12.612531407736164,155.0571011759895,15745.79012992373,"{""family"": ""B2"", ""type"": ""uniform_lattice"", ""rho"": 0.4, ""L"": 0.00325, ""w"": 0.0, ""a_z"": 1.0}",0.4,0.00325
0.02327009296444377,0.0156339246539192,2832.720071975174,0.4721200119958624,0.361077005027858,12.630852777120623,True,341.0679715826217,327.42302996670924,1.3099086029430878e-12,3.0,26.034126546887762,12.630852777120623,166.98457049720096,14985.10714915062,"{""family"": ""B2"", ""type"": ""uniform_lattice"", ""rho"": 0.4, ""L"": 0.0035, ""w"": 0.0, ""a_z"": 1.0}",0.4,0.0035
0.023506030110512808,0.015881963343990453,2586.548387721604,0.4310913979536007,0.361077005027858,12.646201073078316,True,341.24964318509484,327.42302996674346,9.31833427159007e-12,3.0,26.059284969040966,12.646201073078316,178.91203981840633,14313.412922646703,"{""family"": ""B2"", ""type"": ""uniform_lattice"", ""rho"": 0.4, ""L"": 0.00375, ""w"": 0.0, ""a_z"": 1.0}",0.4,0.00375
0.02373211232083072,0.01611945463597005,2378.1547828754533,0.39635913047924226,0.361077005027858,12.65922316744446,True,341.42372648703963,327.42302996673055,6.298841390752706e-12,3.0,26.080582027051317,12.65922316744446,190.83950913963514,13714.799312212748,"{""family"": ""B2"", ""type"": ""uniform_lattice"", ""rho"": 0.4, ""L"": 0.004, ""w"": 0.0, ""a_z"": 1.0}",0.4,0.004
0.023949478466598173,0.016347627929155437,2199.718958049691,0.3666198263416152,0.361077005027858,12.670394592109025,True,341.59109841928057,327.4230299666924,2.627790049051068e-12,3.0,26.098809045004796,12.670394592109025,202.7669784608936,13177.08092127043,"{""family"": ""B2"", ""type"": ""uniform_lattice"", ""rho"": 0.4, ""L"": 0.00425, ""w"": 0.0, ""a_z"": 1.0}",0.4,0.00425
0.024159065767017627,0.016567494221292146,2045.4010524229507,0.3409001754038251,0.361077005027858,12.680071965346597,True,341.75248064060355,327.42302996674465,9.597826718092692e-12,3.0,26.114558967930922,12.680071965346597,214.69444778208705,12690.750233729983,"{""family"": ""B2"", ""type"": ""uniform_lattice"", ""rho"": 0.4, ""L"": 0.0045, ""w"": 0.0, ""a_z"": 1.0}",0.4,0.0045
0.02436165304163175,0.016779893067793514,1910.760024680678,0.3184600041134463,0.361077005027858,12.688527472725458,True,341.9084728420564,327.4230299666774,6.139532172698649e-12,3.0,26.12828403087235,12.688527472725458,226.62191710335998,12248.267041596157,"{""family"": ""B2"", ""type"": ""uniform_lattice"", ""rho"": 0.4, ""L"": 0.00475, ""w"": 0.0, ""a_z"": 1.0}",0.4,0.00475
0.02455789351691159,0.016985528169483257,1792.3637504044052,0.2987272917340676,0.361077005027858,12.695972126977491,True,342.0595780080219,327.4230299667162,2.9329727679738998e-12,3.0,26.14033461285078,12.695972126977491,238.54938642455977,11843.563927393814,"{""family"": ""B2"", ""type"": ""uniform_lattice"", ""rho"": 0.4, ""L"": 0.005, ""w"": 0.0, ""a_z"": 1.0}",0.4,0.005
0.024748339935646093,0.017184994591745897,1687.5214605688814,0.2812535767614803,0.361077005027858,12.702571815346118,True,342.20622175044747,327.42302996676847,1.5171434671327764e-11,3.0,26.150986014407195,12.702571815346118,250.47685574577295,11471.694902292204,"{""family"": ""B2"", ""type"": ""uniform_lattice"", ""rho"": 0.4, ""L"": 0.00525, ""w"": 0.0, ""a_z"": 1.0}",0.4,0.00525
0.024933463950134332,0.017378799774764708,1594.0962718151104,0.2656827119691851,0.361077005027858,12.708458595720417,True,342.3487672416034,327.4230299666816,5.155328977565802e-12,3.0,26.160457289655636,12.708458595720417,262.40432506705923,11128.581039443405,"{""family"": ""B2"", ""type"": ""uniform_lattice"", ""rho"": 0.4, ""L"": 0.0055, ""w"": 0.0, ""a_z"": 1.0}",0.4,0.0055
0.025113671227884587,0.017567379888659272,1510.3713600769834,0.25172856001283056,0.361077005027858,12.713738793295722,True,342.4875268454711,327.42302996664176,1.448045493037041e-11,3.0,26.168924733560296,12.713738793295722,274.3317943882884,10810.823167286222,"{""family"": ""B2"", ""type"": ""uniform_lattice"", ""rho"": 0.4, ""L"": 0.00575, ""w"": 0.0, ""a_z"": 1.0}",0.4,0.00575
0.025289313315605848,0.017751112673887563,1434.9528073985166,0.2391588012330861,0.361077005027858,12.718498899551161,True,342.6227712530165,327.4230299667338,7.056852072392676e-12,3.0,26.17653170138383,12.718498899551161,286.2592637094632,10515.561786437886,"{""family"": ""B2"", ""type"": ""uniform_lattice"", ""rho"": 0.4, ""L"": 0.006, ""w"": 0.0, ""a_z"": 1.0}",0.4,0.006
0.02131730455557115,0.013563973483361792,7079.613418467413,1.1799355697445688,0.36984990356819014,12.371812866169677,True,339.56432450778976,327.4230299667191,3.624690735150226e-12,3.0,28.298250864038586,12.371812866169677,94.72258882559082,23117.394491222953,"{""family"": ""B2"", ""type"": ""uniform_lattice"", ""rho"": 0.425, ""L"": 0.002, ""w"": 0.0, ""a_z"": 1.0}",0.425,0.002
0.02164555681920253,0.01391162099693625,5967.849343550374,0.9946415572583958,0.36984990356819014,12.438592886109884,True,339.8170787507859,327.423029966666,8.813239892569748e-12,3.0,28.42098610116652,12.438592886109884,106.56291242879527,21266.489770246768,"{""family"": ""B2"", ""type"": ""uniform_lattice"", ""rho"": 0.425, ""L"": 0.00225, ""w"": 0.0, ""a_z"": 1.0}",0.425,0.00225
0.021948846823885287,0.01423230866148574,5137.614836111165,0.8562691393518609,0.36984990356819014,12.488934453385522,True,340.05061205439165,327.42302996669963,9.379902338252296e-13,3.0,28.513290156507164,12.488934453385522,118.40323603199181,19759.570567905546,"{""family"": ""B2"", ""type"": ""uniform_lattice"", ""rho"": 0.425, ""L"": 0.0025, ""w"": 0.0, ""a_z"": 1.0}",0.425,0.0025
0.022231640096351663,0.01453089298862839,4497.476643856378,0.7495794406427297,0.36984990356819014,12.528028549094593,True,340.26836287419076,327.42302996667144,7.53625617899279e-12,3.0,28.58482649498028,12.528028549094593,130.2435596351992,18503.53056976636,"{""family"": ""B2"", ""type"": ""uniform_lattice"", ""rho"": 0.425, ""L"": 0.00275, ""w"": 0.0, ""a_z"": 1.0}",0.425,0.00275
0.02249735619305368,0.014811087839165215,3990.957203854909,0.6651595339758182,0.36984990356819014,12.55913625157313,True,340.4729642686513,327.4230299666538,1.1660430773899154e-11,3.0,28.641645789730507,12.55913625157313,142.08388323840703,17436.560856398275,"{""family"": ""B2"", ""type"": ""uniform_lattice"", ""rho"": 0.425, ""L"": 0.003, ""w"": 0.0, ""a_z"": 1.0}",0.425,0.003
0.022748648576333828,0.015075771719406484,3581.500387899408,0.5969167313165681,0.36984990356819014,12.584396031714856,True,340.666459403777,327.42302996670776,9.639757967330274e-13,3.0,28.687705646002843,12.584396031714856,153.92420684158117,16516.023253758973,"{""family"": ""B2"", ""type"": ""uniform_lattice"", ""rho"": 0.425, ""L"": 0.00325, ""w"": 0.0, ""a_z"": 1.0}",0.425,0.00325
0.022987602025079924,0.015327203961972478,3244.51316165968,0.5407521936099468,0.36984990356819014,12.605261444742053,True,340.8504535593115,327.42302996666984,7.908912774329619e-12,3.0,28.725690655415324,12.605261444742053,165.7645304447909,15711.535390424431,"{""family"": ""B2"", ""type"": ""uniform_lattice"", ""rho"": 0.425, ""L"": 0.0035, ""w"": 0.0, ""a_z"": 1.0}",0.425,0.0035
0.023215874094388675,0.015567179307286082,2962.905505358241,0.4938175842263735,0.36984990356819014,12.622751035382677,True,341.02622305267926,327.4230299666704,7.77558911918336e-12,3.0,28.757478891027876,12.622751035382677,177.60485404799505,15000.838044178461,"{""family"": ""B2"", ""type"": ""uniform_lattice"", ""rho"": 0.425, ""L"": 0.00375, ""w"": 0.0, ""a_z"": 1.0}",0.425,0.00375
0.02343479776444197,0.015797139883732762,2724.468938238668,0.4540781563731114,0.36984990356819014,12.637597419937267,True,341.1947942786203,327.42302996670395,7.308439567818174e-14,3.0,28.78441937913731,12.637597419937267,189.44517765119622,14367.22583126718,"{""family"": ""B2"", ""type"": ""uniform_lattice"", ""rho"": 0.425, ""L"": 0.004, ""w"": 0.0, ""a_z"": 1.0}",0.425,0.004
0.02364545676533636,0.01601825726754285,2520.2722139878965,0.42004536899798284,0.36984990356819014,12.65033963071617,True,341.357001709309,327.4230299667128,2.1482382972071603e-12,3.0,28.807503559610495,12.65033963071617,201.28550125437746,13797.89480808448,"{""family"": ""B2"", ""type"": ""uniform_lattice"", ""rho"": 0.425, ""L"": 0.00425, ""w"": 0.0, ""a_z"": 1.0}",0.425,0.00425
0.023848741430622294,0.01623149326154486,2343.644851168703,0.3906074751947839,0.36984990356819014,12.661382211912056,True,341.51353090157914,327.423029966675,6.6983694204601e-12,3.0,28.827474794622717,12.661382211912056,213.12582485759182,13282.8479234003,"{""family"": ""B2"", ""type"": ""uniform_lattice"", ""rho"": 0.425, ""L"": 0.0045, ""w"": 0.0, ""a_z"": 1.0}",0.425,0.0045
0.024045390532275362,0.016437645377852406,2189.513406119492,0.3649189010199154,0.36984990356819014,12.671034132547142,True,341.664950709852,327.42302996670287,1.799795521852597e-13,3.0,28.844900357054552,12.671034132547142,224.96614846078072,12814.150850248465,"{""family"": ""B2"", ""type"": ""uniform_lattice"", ""rho"": 0.425, ""L"": 0.00475, ""w"": 0.0, ""a_z"": 1.0}",0.425,0.00475
0.024236022919897376,0.016637381208611246,2053.9564710960353,0.3423260785160059,0.36984990356819014,12.679535062598621,True,341.81173764832096,327.423029966683,4.835824669994923e-12,3.0,28.860219972173873,12.679535062598621,236.80647206396793,12385.4141480607,"{""family"": ""B2"", ""type"": ""uniform_lattice"", ""rho"": 0.425, ""L"": 0.005, ""w"": 0.0, ""a_z"": 1.0}",0.425,0.005
0.024421161677705996,0.01683126465101345,1933.899264949579,0.32231654415826316,0.36984990356819014,12.687073517312726,True,341.9542944918336,327.42302996669986,8.846903008154849e-13,3.0,28.873779296108186,12.687073517312726,248.64679566718638,11991.425322753037,"{""family"": ""B2"", ""type"": ""uniform_lattice"", ""rho"": 0.425, ""L"": 0.00525, ""w"": 0.0, ""a_z"": 1.0}",0.425,0.00525
0.024601252735656443,0.01701977610064109,1826.899619689527,0.30448326994825453,0.36984990356819014,12.693799639392086,True,342.09296460645544,327.42302996667866,5.846899299498334e-12,3.0,28.885853475657164,12.693799639392086,260.487119270384,11627.88241763455,"{""family"": ""B2"", ""type"": ""uniform_lattice"", ""rho"": 0.425, ""L"": 0.0055, ""w"": 0.0, ""a_z"": 1.0}",0.425,0.0055
0.024776679336202045,0.017203328139395603,1730.995188257492,0.28849919804291535,0.36984990356819014,12.699834367154134,True,342.22804308887555,327.423029966696,1.7896080000307898e-12,3.0,28.896664031218013,12.699834367154134,272.32744287357104,11291.197786113145,"{""family"": ""B2"", ""type"": ""uniform_lattice"", ""rho"": 0.425, ""L"": 0.00575, ""w"": 0.0, ""a_z"": 1.0}",0.425,0.00575
0.024947773373887226,0.017382277827392403,1644.592510492475,0.2740987517487458,0.36984990356819014,12.705276118320542,True,342.35978549789314,327.4230299666961,1.7630318561478146e-12,3.0,28.906391154795603,12.705276118320542,284.16776647677494,10978.35128250339,"{""family"": ""B2"", ""type"": ""uniform_lattice"", ""rho"": 0.425, ""L"": 0.006, ""w"": 0.0, ""a_z"": 1.0}",0.425,0.006
0.021105536057063484,0.013331550910671784,8136.379806722971,1.3560633011204952,0.3786228021085225,12.308997725390844,True,339.40126276393886,327.42302996665694,1.0928553300410777e-11,3.0,31.018067436347692,12.308997725390844,94.20645451190141,24276.62240073762,"{""family"": ""B2"", ""type"": ""uniform_lattice"", ""rho"": 0.45, ""L"": 0.002, ""w"": 0.0, ""a_z"": 1.0}",0.45,0.002
0.021421595373034914,0.013666383399359203,6860.835439633545,1.1434725732722577,0.3786228021085225,12.384897412635993,True,339.64462843723686,327.42302996671464,2.5736042445785576e-12,3.0,31.17166978024944,12.384897412635993,105.98226132588584,22327.922607898534,"{""family"": ""B2"", ""type"": ""uniform_lattice"", ""rho"": 0.45, ""L"": 0.00225, ""w"": 0.0, ""a_z"": 1.0}",0.45,0.00225
0.021713753480865797,0.013975368926304629,5907.989956374808,0.9846649927291348,0.3786228021085225,12.442208901921832,True,339.86959018026664,327.4230299667752,1.674149419383642e-11,3.0,31.28737496919835,12.442208901921832,117.75806813985078,20740.198055114433,"{""family"": ""B2"", ""type"": ""uniform_lattice"", ""rho"": 0.45, ""L"": 0.0025, ""w"": 0.0, ""a_z"": 1.0}",0.45,0.0025
0.021986327120863697,0.014263208562779742,5173.097863572293,0.862182977262049,0.3786228021085225,12.486774593205098,True,340.079471883065,327.4230299667274,5.5671115625081226e-12,3.0,31.377171471330847,12.486774593205098,129.53387495384482,19415.86811785731,"{""family"": ""B2"", ""type"": ""uniform_lattice"", ""rho"": 0.45, ""L"": 0.00275, ""w"": 0.0, ""a_z"": 1.0}",0.45,0.00275
0.022242612292713702,0.014533486962837468,4591.443678618564,0.7652406131030941,0.3786228021085225,12.52227453674194,True,340.2768114653895,327.42302996667524,6.6449218422065605e-12,3.0,31.448581918163914,12.52227453674194,141.3096817678454,18290.16136390633,"{""family"": ""B2"", ""type"": ""uniform_lattice"", ""rho"": 0.45, ""L"": 0.003, ""w"": 0.0, ""a_z"": 1.0}",0.45,0.003
0.022485159618783387,0.014788974999528703,4121.129894016607,0.6868549823361013,0.3786228021085225,12.55112700454994,True,340.4635729064632,327.423029966708,1.0172757297427722e-12,3.0,31.506535098031918,12.55112700454994,153.08548858183372,17318.392920473627,"{""family"": ""B2"", ""type"": ""uniform_lattice"", ""rho"": 0.45, ""L"": 0.00325, ""w"": 0.0, ""a_z"": 1.0}",0.45,0.00325
0.022715968122088124,0.015031842186690689,3733.964176430536,0.6223273627384228,0.3786228021085225,12.574978531284197,True,340.64129545400783,327.42302996669696,1.5631201960503235e-12,3.0,31.554379043888034,12.574978531284197,164.86129539581594,16468.714140052314,"{""family"": ""B2"", ""type"": ""uniform_lattice"", ""rho"": 0.45, ""L"": 0.0035, ""w"": 0.0, ""a_z"": 1.0}",0.45,0.0035
0.022936623665974844,0.015263808128185535,3410.3514044425738,0.568391900740429,0.3786228021085225,12.594984512455268,True,340.8112002228006,327.4230299667859,1.9255597405165874e-11,3.0,31.59445866688604,12.594984512455268,176.63710220976793,15717.78216429993,"{""family"": ""B2"", ""type"": ""uniform_lattice"", ""rho"": 0.45, ""L"": 0.00375, ""w"": 0.0, ""a_z"": 1.0}",0.45,0.00375
0.023148399090069473,0.015486251885366372,3136.2908875731164,0.5227151479288528,0.3786228021085225,12.61197698558926,True,340.97426729935347,327.4230299666507,1.2391717666412355e-11,3.0,31.628459976616757,12.61197698558926,188.41290902381144,15048.069126470431,"{""family"": ""B2"", ""type"": ""uniform_lattice"", ""rho"": 0.45, ""L"": 0.004, ""w"": 0.0, ""a_z"": 1.0}",0.45,0.004
0.02335232746044476,0.01570029187591914,2901.538412225861,0.48358973537097694,0.3786228021085225,12.626568756748604,True,341.13129214454244,327.42302996667945,5.660571001829919e-12,3.0,31.65762311764751,12.626568756748604,200.1887158377789,14446.132384655086,"{""family"": ""B2"", ""type"": ""uniform_lattice"", ""rho"": 0.45, ""L"": 0.00425, ""w"": 0.0, ""a_z"": 1.0}",0.45,0.00425
0.023549256220761573,0.01590684487811567,2698.441553685848,0.44974025894764136,0.3786228021085225,12.639220143848467,True,341.2829272899864,327.4230299667033,7.337968616577035e-14,3.0,31.68287861010219,12.639220143848467,211.96452265175162,13901.469081401454,"{""family"": ""B2"", ""type"": ""uniform_lattice"", ""rho"": 0.45, ""L"": 0.0045, ""w"": 0.0, ""a_z"": 1.0}",0.45,0.0045
0.023739887641001097,0.016106670066019742,2521.179052571334,0.420196508761889,0.3786228021085225,12.650282985696995,True,341.4297134835708,327.42302996671674,3.0658534873887756e-12,3.0,31.70493701108283,12.650282985696995,223.74032946573803,13405.737508239385,"{""family"": ""B2"", ""type"": ""uniform_lattice"", ""rho"": 0.45, ""L"": 0.00475, ""w"": 0.0, ""a_z"": 1.0}",0.45,0.00475
0.023924809331806546,0.01630040220554806,2365.250774203512,0.394208462367252,0.3786228021085225,12.660030394598863,True,341.572103185491,327.42302996674596,9.903747663234495e-12,3.0,31.724349431841343,12.660030394598863,235.51613627973543,12952.215301722403,"{""family"": ""B2"", ""type"": ""uniform_lattice"", ""rho"": 0.45, ""L"": 0.005, ""w"": 0.0, ""a_z"": 1.0}",0.45,0.005
0.02410451748760684,0.016488576924564093,2227.127613650939,0.37118793560848984,0.3786228021085225,12.668677322592297,True,341.71047846545724,327.423029966729,5.939472867357364e-12,3.0,31.741549311013344,12.668677322592297,247.29194309371485,12535.414437875224,"{""family"": ""B2"", ""type"": ""uniform_lattice"", ""rho"": 0.45, ""L"": 0.00525, ""w"": 0.0, ""a_z"": 1.0}",0.45,0.00525
0.02427943475916018,0.016671650133777166,2104.0061360273644,0.3506676893378941,0.3786228021085225,12.67639506308302,True,341.8451647645533,327.4230299666771,6.205824887162293e-12,3.0,31.756881833795703,12.67639506308302,259.0677499077174,12150.802406963965,"{""family"": ""B2"", ""type"": ""uniform_lattice"", ""rho"": 0.45, ""L"": 0.0055, ""w"": 0.0, ""a_z"": 1.0}",0.45,0.0055
0.024449924117897644,0.016850013084623337,1993.6333820748446,0.3322722303458075,0.3786228021085225,12.68332166076769,True,341.97644157078116,327.42302996667405,6.924414288709183e-12,3.0,31.770625027825563,12.68332166076769,270.8435567216887,11794.596775732454,"{""family"": ""B2"", ""type"": ""uniform_lattice"", ""rho"": 0.45, ""L"": 0.00575, ""w"": 0.0, ""a_z"": 1.0}",0.45,0.00575
0.02461629970736954,0.01702400415043284,1894.1796530109095,0.3156966088351516,0.3786228021085225,12.689569506239257,True,342.1045507746745,327.42302996674255,9.105725120526268e-12,3.0,31.783005139297416,12.689569506239257,282.61936353565426,11463.611425079136,"{""family"": ""B2"", ""type"": ""uniform_lattice"", ""rho"": 0.45, ""L"": 0.006, ""w"": 0.0, ""a_z"": 1.0}",0.45,0.006
0.02090387411638251,0.013109688035047373,9389.981103197439,1.5649968505329066,0.38739570064885465,12.235304727160683,True,339.2459830696145,327.4230299667065,6.713429235327119e-13,3.0,33.85420923863512,12.235304727160683,93.84204997122855,25470.965010834454,"{""family"": ""B2"", ""type"": ""uniform_lattice"", ""rho"": 0.475, ""L"": 0.002, ""w"": 0.0, ""a_z"": 1.0}",0.475,0.002
0.021208176836522433,0.013432161562369097,7920.900750527065,1.3201501250878442,0.38739570064885465,12.321754168841265,True,339.48029616412225,327.423029966708,1.0174233749865664e-12,3.0,34.0460769222059,12.321754168841265,105.57230621764737,23422.38034455697,"{""family"": ""B2"", ""type"": ""uniform_lattice"", ""rho"": 0.475, ""L"": 0.00225, ""w"": 0.0, ""a_z"": 1.0}",0.475,0.00225
0.021489572283412348,0.01372983160513441,6823.068246542186,1.1371780410903645,0.38739570064885465,12.387158972799304,True,339.6969706582275,327.42302996672834,5.780016004059513e-12,3.0,34.190863830900405,12.387158972799304,117.30256246404198,21752.037758144423,"{""family"": ""B2"", ""type"": ""uniform_lattice"", ""rho"": 0.475, ""L"": 0.0025, ""w"": 0.0, ""a_z"": 1.0}",0.475,0.0025
0.02175223537597351,0.01400725083466939,5976.059250126817,0.9960098750211362,0.38739570064885465,12.438097101862388,True,339.8992212394996,327.4230299666616,9.837602594014646e-12,3.0,34.30339694891724,12.438097101862388,129.0328187104574,20357.829504760623,"{""family"": ""B2"", ""type"": ""uniform_lattice"", ""rho"": 0.475, ""L"": 0.00275, ""w"": 0.0, ""a_z"": 1.0}",0.475,0.00275
0.021999344944677212,0.014267881199209761,5305.450786077883,0.8842417976796473,0.38739570064885465,12.478724825876702,True,340.08949560740143,327.42302996670963,1.4032203970210895e-12,3.0,34.39300347771313,12.478724825876702,140.7630749568522,19171.982645621538,"{""family"": ""B2"", ""type"": ""uniform_lattice"", ""rho"": 0.475, ""L"": 0.003, ""w"": 0.0, ""a_z"": 1.0}",0.475,0.003
0.022233354646422863,0.014514391952936448,4763.048013932072,0.7938413356553453,0.38739570064885465,12.511780081715342,True,340.2696830777456,327.4230299667016,4.723171348979867e-13,3.0,34.46580676917432,12.511780081715342,152.49333120325923,18147.735360105595,"{""family"": ""B2"", ""type"": ""uniform_lattice"", ""rho"": 0.475, ""L"": 0.00325, ""w"": 0.0, ""a_z"": 1.0}",0.475,0.00325
0.02245618310666609,0.014748868304011746,4316.413155157829,0.7194021925263049,0.38739570064885465,12.539130782735958,True,340.44126099213287,327.42302996671316,2.2279667288560858e-12,3.0,34.52597307900528,12.539130782735958,164.22358744966576,17251.748567980772,"{""family"": ""B2"", ""type"": ""uniform_lattice"", ""rho"": 0.475, ""L"": 0.0035, ""w"": 0.0, ""a_z"": 1.0}",0.475,0.0035
0.0226693493331401,0.014972959713896795,3942.994968100888,0.6571658280168147,0.38739570064885465,12.56208984286397,True,340.60539898651786,327.4230299667335,6.990411712685238e-12,3.0,34.576424349224865,12.56208984286397,175.9538436960449,16459.57615242564,"{""family"": ""B2"", ""type"": ""uniform_lattice"", ""rho"": 0.475, ""L"": 0.00375, ""w"": 0.0, ""a_z"": 1.0}",0.475,0.00375
0.022874070352803928,0.015187986659734766,3626.6769982199526,0.6044461663699922,0.38739570064885465,12.581604057873191,True,340.763034171659,327.4230299667332,6.9239713529778005e-12,3.0,34.619263896880994,12.581604057873191,187.6840999424667,15752.851655957013,"{""family"": ""B2"", ""type"": ""uniform_lattice"", ""rho"": 0.475, ""L"": 0.004, ""w"": 0.0, ""a_z"": 1.0}",0.475,0.004
0.023071332411726188,0.015395018391997348,3355.6644133527584,0.5592774022254597,0.38739570064885465,12.598371591973292,True,340.91492595702914,327.4230299666882,3.6119932441839155e-12,3.0,34.65604034995474,12.598371591973292,199.4143561888813,15117.480420262305,"{""family"": ""B2"", ""type"": ""uniform_lattice"", ""rho"": 0.475, ""L"": 0.00425, ""w"": 0.0, ""a_z"": 1.0}",0.475,0.00425
0.023261943464666722,0.015594930202489605,3121.1446716324176,0.520190778605403,0.38739570064885465,12.61291742794041,True,341.06169646779335,327.42302996679683,2.1809564832319786e-11,3.0,34.68791669776225,12.61291742794041,211.14461243525386,14542.442708557708,"{""family"": ""B2"", ""type"": ""uniform_lattice"", ""rho"": 0.475, ""L"": 0.0045, ""w"": 0.0, ""a_z"": 1.0}",0.475,0.0045
0.023446572278195743,0.015788446051771137,2916.4126877877457,0.4860687812979576,0.38739570064885465,12.625643197989696,True,341.2038606542107,327.42302996670026,7.916737972250718e-13,3.0,34.71578169091092,12.625643197989696,222.874868681686,14018.980179826165,"{""family"": ""B2"", ""type"": ""uniform_lattice"", ""rho"": 0.475, ""L"": 0.00475, ""w"": 0.0, ""a_z"": 1.0}",0.475,0.00475
0.023625777864466072,0.015976170634794118,2736.2841077418652,0.45604735129031093,0.38739570064885465,12.636860919530903,True,341.34184895563885,327.42302996671293,2.17496208633393e-12,3.0,34.740325116522285,12.636860919530903,234.60512492807706,13540.029783967579,"{""family"": ""B2"", ""type"": ""uniform_lattice"", ""rho"": 0.475, ""L"": 0.005, ""w"": 0.0, ""a_z"": 1.0}",0.475,0.005
0.0238000318521714,0.016158613737722115,2576.6925101679417,0.42944875169465696,0.38739570064885465,12.646816343313757,True,341.47602452617195,327.42302996666865,8.188109930344653e-12,3.0,34.76208981036456,12.646816343313757,246.33538117450738,13099.821422686771,"{""family"": ""B2"", ""type"": ""uniform_lattice"", ""rho"": 0.475, ""L"": 0.00525, ""w"": 0.0, ""a_z"": 1.0}",0.475,0.00525
0.023969735658054755,0.016336208924661096,2434.407065042852,0.4057345108404754,0.38739570064885465,12.655705434446599,True,341.60669645670214,327.42302996672595,5.221031111054269e-12,3.0,34.781508319227896,12.655705434446599,258.0656374209012,12693.586492262122,"{""family"": ""B2"", ""type"": ""uniform_lattice"", ""rho"": 0.475, ""L"": 0.0055, ""w"": 0.0, ""a_z"": 1.0}",0.475,0.0055
0.02413523378505671,0.016509328002952208,2306.83090193301,0.384471816988835,0.38739570064885465,12.663686214599085,True,341.73413001449364,327.42302996672004,3.83774282194541e-12,3.0,34.79892921148408,12.663686214599085,269.7958936673115,12317.343060674308,"{""family"": ""B2"", ""type"": ""uniform_lattice"", ""rho"": 0.475, ""L"": 0.00575, ""w"": 0.0, ""a_z"": 1.0}",0.475,0.00575
0.02429682421560617,0.016678292323734332,2191.854675774119,0.3653091126290199,0.38739570064885465,12.670887408992154,True,341.8585546460167,327.42302996669525,1.962205290026334e-12,3.0,34.81463626763009,12.670887408992154,281.52614991370405,11967.7350103347,"{""family"": ""B2"", ""type"": ""uniform_lattice"", ""rho"": 0.475, ""L"": 0.006, ""w"": 0.0, ""a_z"": 1.0}",0.475,0.006
0.020715175228368132,0.012901443771379594,10868.244572978276,1.8113740954963795,0.3961685991891868,12.14953076884645,True,339.10068492584344,327.4230299666791,5.740447078722639e-12,3.0,36.79459843248005,12.14953076884645,93.60188439076572,26673.441086609244,"{""family"": ""B2"", ""type"": ""uniform_lattice"", ""rho"": 0.5, ""L"": 0.002, ""w"": 0.0, ""a_z"": 1.0}",0.5,0.002
0.021008293822169125,0.013212152764511556,9172.244535023858,1.5287074225039763,0.3961685991891868,12.248040992757353,True,339.3263862430702,327.42302996673664,7.721846250442233e-12,3.0,37.03351119056483,12.248040992757353,105.30211993960522,24525.41116394689,"{""family"": ""B2"", ""type"": ""uniform_lattice"", ""rho"": 0.5, ""L"": 0.00225, ""w"": 0.0, ""a_z"": 1.0}",0.5,0.00225
0.021279433768952694,0.013499034499627536,7904.242708916832,1.317373784819472,0.3961685991891868,12.3227414324535,True,339.53516400209355,327.4230299666892,3.3726603039933445e-12,3.0,37.214162081493996,12.3227414324535,117.00235548846125,22772.629179269203,"{""family"": ""B2"", ""type"": ""uniform_lattice"", ""rho"": 0.5, ""L"": 0.0025, ""w"": 0.0, ""a_z"": 1.0}",0.5,0.0025
0.02153263662056411,0.013766501852703478,6925.521324295,1.154253554049167,0.3961685991891868,12.381025835846188,True,339.73013019783434,327.4230299667052,3.65569623634703e-13,3.0,37.35480258818793,12.381025835846188,128.70259103729313,21308.56216832602,"{""family"": ""B2"", ""type"": ""uniform_lattice"", ""rho"": 0.5, ""L"": 0.00275, ""w"": 0.0, ""a_z"": 1.0}",0.5,0.00275
0.021770971006201116,0.014017901159935904,6150.322313554917,1.0250537189258195,0.3961685991891868,12.42758292521759,True,339.91364767477484,327.4230299667034,6.009161422428277e-14,3.0,37.46694789046247,12.42758292521759,140.40282658613847,20062.498558455423,"{""family"": ""B2"", ""type"": ""uniform_lattice"", ""rho"": 0.5, ""L"": 0.003, ""w"": 0.0, ""a_z"": 1.0}",0.5,0.003
0.021996799538194424,0.014255806096192319,5523.092287144293,0.9205153811907156,0.3961685991891868,12.465510308849565,True,340.0875356444097,327.42302996666933,8.028505421803008e-12,3.0,37.55817544547293,12.465510308849565,152.10306213499805,18985.638718346545,"{""family"": ""B2"", ""type"": ""uniform_lattice"", ""rho"": 0.5, ""L"": 0.00325, ""w"": 0.0, ""a_z"": 1.0}",0.5,0.00325
0.022211965548178544,0.014482222782896991,5006.429159415023,0.8344048599025039,0.3961685991891868,12.496926248199953,True,340.25321347209746,327.42302996666507,9.026291979364931e-12,3.0,37.63365072393684,12.496926248199953,163.80329768383726,18043.177620653012,"{""family"": ""B2"", ""type"": ""uniform_lattice"", ""rho"": 0.5, ""L"": 0.0035, ""w"": 0.0, ""a_z"": 1.0}",0.5,0.0035
0.02241792561922026,0.014698735082694762,4574.322762914682,0.7623871271524472,0.3961685991891868,12.523322531445618,True,340.4118027267996,327.42302996672805,5.7131327086206924e-12,3.0,37.69700223718005,12.523322531445618,175.50353323266964,17209.58123032905,"{""family"": ""B2"", ""type"": ""uniform_lattice"", ""rho"": 0.5, ""L"": 0.00375, ""w"": 0.0, ""a_z"": 1.0}",0.5,0.00375
0.022615844821888897,0.014906608852552692,4208.179475631183,0.7013632459385305,0.3961685991891868,12.545776727409509,True,340.5642005128544,327.42302996665927,1.0383151769834608e-11,3.0,37.750845460676345,12.545776727409509,187.20376878153763,16465.654082035468,"{""family"": ""B2"", ""type"": ""uniform_lattice"", ""rho"": 0.5, ""L"": 0.004, ""w"": 0.0, ""a_z"": 1.0}",0.5,0.004
0.022806665946822777,0.015106867642976106,3894.387910559646,0.6490646517599411,0.3961685991891868,12.565084561012357,True,340.7111327790535,327.42302996674965,1.0768505856137749e-11,3.0,37.79710836890527,12.565084561012357,198.9040043303553,15796.655436343282,"{""family"": ""B2"", ""type"": ""uniform_lattice"", ""rho"": 0.5, ""L"": 0.00425, ""w"": 0.0, ""a_z"": 1.0}",0.5,0.00425
0.022991160395599838,0.015300348290532076,3622.775684431059,0.6037959474051765,0.3961685991891868,12.581845115314984,True,340.85319350461185,327.4230299666557,1.1221186173611093e-11,3.0,37.83724031475671,12.581845115314984,210.6042398792233,15191.05229184522,"{""family"": ""B2"", ""type"": ""uniform_lattice"", ""rho"": 0.5, ""L"": 0.0045, ""w"": 0.0, ""a_z"": 1.0}",0.5,0.0045
0.023169966000987467,0.015487742200806688,3385.601175852105,0.5642668626420175,0.3961685991891868,12.596517210659933,True,340.9908738207603,327.4230299667323,6.71106691142641e-12,3.0,37.872349888119054,12.596517210659933,222.304475428042,14639.671810741465,"{""family"": ""B2"", ""type"": ""uniform_lattice"", ""rho"": 0.5, ""L"": 0.00475, ""w"": 0.0, ""a_z"": 1.0}",0.5,0.00475
0.023343615424969343,0.015669626327665845,3176.8771820900133,0.5294795303483356,0.3961685991891868,12.609457636835227,True,341.12458387722637,327.4230299666801,5.514106919985967e-12,3.0,37.90329819454284,12.609457636835227,234.00471097692997,14135.111450662385,"{""family"": ""B2"", ""type"": ""uniform_lattice"", ""rho"": 0.5, ""L"": 0.005, ""w"": 0.0, ""a_z"": 1.0}",0.5,0.005
0.02351255770562855,0.015846486665465474,2991.9065001785825,0.49865108336309716,0.3961685991891868,12.620947651475866,True,341.25466943333396,327.42302996670077,6.720811497516834e-13,3.0,37.93076338285867,12.620947651475866,245.7049465257607,13671.319637097955,"{""family"": ""B2"", ""type"": ""uniform_lattice"", ""rho"": 0.5, ""L"": 0.00525, ""w"": 0.0, ""a_z"": 1.0}",0.5,0.00525
0.02367717476228581,0.01601873623682653,2826.9563276037375,0.47115938793395623,0.3961685991891868,12.631211708733652,True,341.38142456696005,327.4230299667462,9.956899951000445e-12,3.0,37.95528617692695,12.631211708733652,257.40518207458416,13243.291896630077,"{""family"": ""B2"", ""type"": ""uniform_lattice"", ""rho"": 0.5, ""L"": 0.0055, ""w"": 0.0, ""a_z"": 1.0}",0.5,0.0055
0.02383779416094536,0.016186728998051843,2679.025693382766,0.446504282230461,0.3961685991891868,12.640430931850894,True,341.5051015039279,327.4230299667585,1.2843512112422932e-11,3.0,37.97730258174082,12.640430931850894,269.10541762341643,12846.846792538017,"{""family"": ""B2"", ""type"": ""uniform_lattice"", ""rho"": 0.5, ""L"": 0.00575, ""w"": 0.0, ""a_z"": 1.0}",0.5,0.00575
0.02399469907738529,0.016350770689283225,2545.6765242231627,0.4242794207038605,0.3961685991891868,12.648752960696472,True,341.62591828958665,327.42302996670566,4.718741991666037e-13,3.0,37.99716775883325,12.648752960696472,280.805653172295,12478.458065267701,"{""family"": ""B2"", ""type"": ""uniform_lattice"", ""rho"": 0.5, ""L"": 0.006, ""w"": 0.0, ""a_z"": 1.0}",0.5,0.006
