case,R,R_lattice,delta_p,pump_power,lattice_margin,R_change,R_lattice_change,delta_p_change
baseline,0.02436891174130337,0.016808329572263102,1833.244790344269,0.3055407983907115,21.04704985249263,0.0,0.0,0.0
no finite-gap correction,0.024337689456536638,0.01677499143789556,1710.4372112150995,0.28507286853584995,21.063364837540398,-0.0012812342667650745,-0.0019834293600808905,-0.06698918757385752
Nu variant 2 (low-h bound),0.02561488625574886,0.018117032393277516,1833.244790344269,0.3055407983907115,21.04704985249263,0.05112967405654234,0.07786037365509646,0.0
Pr exponent 0.4,0.02361007928712625,0.016009389696583408,1833.244790344269,0.3055407983907115,21.04704985249263,-0.03113936568989084,-0.047532378053682045,0.0
C_F Table-2 plateau,0.024342749385169487,0.016780810276172696,1844.6497748286183,0.3074416291381031,21.04609434471808,-0.0010735955881665538,-0.001637241581448845,0.006221201088048689
isothermal fins (bound),0.020362546443681434,0.012500554739675148,1833.244790344269,0.3055407983907115,21.04704985249263,-0.16440476867218756,-0.25628809894926086,0.0
no exposed-wall convection,0.026309212312284003,0.018854776244924924,1833.244790344269,0.3055407983907115,21.04704985249263,0.07962196225988949,0.12175193637557191,0.0
manifold h_m = 1000 W/m2K,0.02142965480486214,0.01558470965654097,1833.244790344269,0.3055407983907115,21.04704985249263,-0.12061502654053369,-0.07279842476085996,0.0
manifold h_m = 5000 W/m2K,0.014674699007251287,0.012721564233420883,1833.244790344269,0.3055407983907115,21.04704985249263,-0.3978106546966216,-0.24313929122297484,0.0
GP surrogate,0.02435367448542185,0.016791755269714086,1833.8193970389846,0.3056365661731641,21.15084839917138,-0.0006252743677385153,-0.0009860767233149659,0.0003134369712882723
no lattice in-plane conduction,0.024706338466788925,0.01725511642936204,1833.244790344269,0.3055407983907115,21.04704985249263,0.013846606244366733,0.026581276573504287,0.0
