w,quantity,C,m,rho_range
0.0,E_axial,0.9017653860373965,2.1258982873187087,0.20-0.50
0.0,E_axial (m fixed = 2),0.7857440768778383,2.0,0.20-0.50
0.0,E_hill,0.8624661743333946,1.8740720137426121,0.20-0.50
0.0,G_hill,0.35639832790749576,1.9277398127098828,0.20-0.50
0.0,K_hill,0.4638702171707119,1.5423526686526938,0.20-0.50
0.0,C44,0.34846350738910725,1.7457871366741167,0.20-0.50
0.5,E_axial,1.997074019727405,3.7202239802675194,0.20-0.50
0.5,E_axial (m fixed = 2),0.30418708354147084,2.0,0.20-0.50
0.5,E_hill,2.322468614746567,3.7003594846788475,0.20-0.50
0.5,G_hill,0.7850838316763242,3.455734716916448,0.20-0.50
0.5,K_hill,2.590434712776555,4.485779387026716,0.20-0.50
0.5,C44,0.6831076213084163,3.058273397332147,0.20-0.50
1.0,E_axial,0.6713098224105467,1.9338329114398243,0.20-0.50
1.0,E_axial (m fixed = 2),0.7217021898904454,2.0,0.20-0.50
1.0,E_hill,0.797822658717829,1.7600827672142785,0.20-0.50
1.0,G_hill,0.32250819313356777,1.7809890332653004,0.20-0.50
1.0,K_hill,0.5002242540065523,1.6445856822338503,0.20-0.50
1.0,C44,0.37175050843345336,1.655286226173786,0.20-0.50
