id,morphology,w,rho,N,phase,gradient,rho_min,rho_max,delta_k_n,Delta_k_n,pred_k_n,delta_K_t,Delta_K_t,pred_K_t,delta_C_nn,Delta_C_nn,pred_C_nn,delta_G_t,Delta_G_t,pred_G_t,delta_G_sz,Delta_G_sz,pred_G_sz
G-r0.350-N2-p0.0000-g0.075-az1.0000-tw0.500-n32,G,0.0,0.35,2.0,0.0,0.075,0.27499999999999997,0.425,-0.009072637566597264,-0.0002872645845227728,-0.009930614212619981,-0.1388907097890748,-0.009105612766700855,-0.1394390605668555,0.020327630293131005,0.0006112906534343487,0.02446624988811763,0.02396369750007099,0.004834623192967236,0.02414234597325482,0.02287209183231087,-0.0003309593505609332,0.02540087015184156
G-r0.350-N2-p0.0000-g0.150-az1.0000-tw0.500-n32,G,0.0,0.35,2.0,0.0,0.15,0.19999999999999998,0.5,0.00017882021238602164,0.009046214854470547,-0.009165836170114683,-0.1563893012230616,-0.029241565581910933,-0.15826411446542565,0.0513496203681838,0.03103382612737704,0.03892992020612218,0.054608418102839895,0.03490685754552825,0.038067820692222254,0.01636819670643641,-0.006687318716393831,0.013245473948040987
G-r0.350-N2-p0.3333-g0.075-az1.0000-tw0.500-n32,G,0.0,0.35,2.0,0.3333333333333333,0.075,0.27499999999999997,0.425,-0.017801952069174787,-0.007525038330472467,-0.009930614212619981,-0.13642182660256597,-0.003433969246463997,-0.1394390605668555,0.014052657976656446,-0.005244866916010227,0.02446624988811763,0.01461370759031011,-0.001416193643338004,0.02414234597325482,0.01611392095723252,-0.00300254429483382,0.02540087015184156
G-r0.350-N2-p0.3333-g0.150-az1.0000-tw0.500-n32,G,0.0,0.35,2.0,0.3333333333333333,0.15,0.19999999999999998,0.5,-0.016771584287954222,-0.006483889626983652,-0.009165836170114683,-0.15777932873323552,-0.028080448026070903,-0.15826411446542565,0.0265131182941718,0.006978469578338808,0.03892992020612218,0.04471826787773514,0.028212744124422873,0.038067820692222254,0.014423147314089002,-0.004661508890850263,0.013245473948040987
G-r0.350-N2-p0.6667-g0.075-az1.0000-tw0.500-n32,G,0.0,0.35,2.0,0.6666666666666666,0.075,0.27499999999999997,0.425,-0.016948074329060314,-0.006662226314936626,-0.009930614212619981,-0.13871716516372612,-0.006082781490214573,-0.1394390605668555,0.021723307641181577,0.002279809507697683,0.02446624988811763,0.017229526117825023,0.0011582975175865595,0.02414234597325482,0.017731056847624327,-0.0014158320817669878,0.02540087015184156
G-r0.350-N2-p0.6667-g0.150-az1.0000-tw0.500-n32,G,0.0,0.35,2.0,0.6666666666666666,0.15,0.19999999999999998,0.5,-0.01690506894820787,-0.006618770961097309,-0.009165836170114683,-0.15754624215076074,-0.027811466968565735,-0.15826411446542565,0.04200338057311481,0.022173950595608227,0.03892992020612218,0.03986269626750172,0.02343388578226646,0.038067820692222254,0.01449963953024569,-0.004586455746398044,0.013245473948040987
G-r0.350-N4-p0.0000-g0.025-az1.0000-tw0.500-n32,G,0.0,0.35,4.0,0.0,0.025,0.3,0.39999999999999997,-0.006811544873587483,-0.00240883516709145,-0.005090369080226864,-0.06505934977581351,0.0004590768007628476,-0.067332799593671,0.005365795663599515,-0.00434872746745385,0.010257450771796295,0.008476770997284833,-0.0007157673345126181,0.010166889039441518,0.011423583808841231,-0.00018039346052078908,0.014282574698938344
G-r0.350-N4-p0.0000-g0.050-az1.0000-tw0.500-n32,G,0.0,0.35,4.0,0.0,0.05,0.24999999999999997,0.44999999999999996,-0.004046013179438646,0.0003689558653234837,-0.005004958767080514,-0.07181756020802232,-0.006772733013273635,-0.06958513447368597,0.015165379176018012,0.005356165852482775,0.011848893286428908,0.016837484573007044,0.007568736077290694,0.01169922334946838,0.011785139220947816,0.0001770138569092694,0.012951295466091306
G-r0.350-N4-p0.0000-g0.075-az1.0000-tw0.500-n32,G,0.0,0.35,4.0,0.0,0.075,0.19999999999999998,0.5,0.00040524344474301977,0.004839944485627745,-0.00486260824516993,-0.08103350700849621,-0.016634511539681873,-0.07333902594037778,0.02730626680467063,0.017379740027456236,0.014501297477482966,0.024799078138121988,0.015457757565255026,0.014253113866180112,0.00835980146583104,-0.003209025287727596,0.010732496744679576
G-r0.350-N4-p0.3333-g0.025-az1.0000-tw0.500-n32,G,0.0,0.35,4.0,0.3333333333333333,0.025,0.3,0.39999999999999997,-0.007742856055121372,-0.0025505274993107285,-0.005090369080226864,-0.06808450882004147,-0.001458713663335498,-0.067332799593671,0.007202804922997963,-0.002360399647877043,0.010257450771796295,0.008470515978143744,0.0006748617043290661,0.010166889039441518,0.010263323626019227,0.0007157360735483564,0.014282574698938344
G-r0.350-N4-p0.3333-g0.050-az1.0000-tw0.500-n32,G,0.0,0.35,4.0,0.3333333333333333,0.05,0.24999999999999997,0.44999999999999996,-0.008150800842487316,-0.0029606069988140638,-0.005004958767080514,-0.07180137321294078,-0.00544130928187736,-0.06958513447368597,0.010720320320330545,0.001123717590552964,0.011848893286428908,0.010839919769320527,0.0030259495879028098,0.01169922334946838,0.00894734986002077,-0.0005878009599133982,0.012951295466091306
G-r0.350-N4-p0.3333-g0.075-az1.0000-tw0.500-n32,G,0.0,0.35,4.0,0.3333333333333333,0.075,0.19999999999999998,0.5,-0.009899816295799613,-0.0047187747801678,-0.00486260824516993,-0.07968864067700365,-0.013892464213613342,-0.07333902594037778,0.014127118816407824,0.004498169164252275,0.014501297477482966,0.021609498141976324,0.013712277227554637,0.014253113866180112,0.007433109216756328,-0.0020877311310673052,0.010732496744679576
G-r0.350-N4-p0.6667-g0.025-az1.0000-tw0.500-n32,G,0.0,0.35,4.0,0.6666666666666666,0.025,0.3,0.39999999999999997,-0.00987651294129177,-0.004695349482800926,-0.005090369080226864,-0.06828781575514353,-0.0016765556998927789,-0.067332799593671,0.005705412610887084,-0.0038435744965996665,0.010257450771796295,0.007174356397813941,-0.0006112783347134165,0.010166889039441518,0.00797529332829816,-0.0015506709809258723,0.014282574698938344
G-r0.350-N4-p0.6667-g0.050-az1.0000-tw0.500-n32,G,0.0,0.35,4.0,0.6666666666666666,0.05,0.24999999999999997,0.44999999999999996,-0.008378413211086011,-0.0031894104278232804,-0.005004958767080514,-0.07240809932940662,-0.006091412303582455,-0.06958513447368597,0.015299192619999458,0.00565911434359756,0.011848893286428908,0.010157136324767002,0.00234844417933866,0.01169922334946838,0.007876059622880627,-0.0016489668689758652,0.012951295466091306
G-r0.350-N4-p0.6667-g0.075-az1.0000-tw0.500-n32,G,0.0,0.35,4.0,0.6666666666666666,0.075,0.19999999999999998,0.5,-0.011167693070856188,-0.005993286158789135,-0.00486260824516993,-0.07987264082908674,-0.014089619159835531,-0.07333902594037778,0.01890436584490396,0.009230057114719914,0.014501297477482966,0.02139930145109692,0.013503705394026788,0.014253113866180112,0.007525883786946297,-0.0019958333355862834,0.010732496744679576
B0.50-r0.350-N2-p0.0000-g0.075-az1.0000-tw0.500-n32,B0.50,0.5,0.35,2.0,0.0,0.075,0.27499999999999997,0.425,-0.011410340445401568,-0.022565950925370615,0.03145280044263221,-0.09857074681599787,0.002913091978634652,-0.12961886327263727,0.271440303972186,0.12619293040074697,0.14553752584940804,0.18163081739511622,0.059709248639753465,0.12942978035209385,0.14210525769077242,-0.21273104254355868,0.33045531354545843
B0.50-r0.350-N2-p0.0000-g0.150-az1.0000-tw0.500-n32,B0.50,0.5,0.35,2.0,0.0,0.15,0.19999999999999998,0.5,0.006336213281130432,-0.005019655859064054,0.03224954505970956,-0.12001218509561018,-0.020942245626085376,-0.14865873722041856,0.4003463690037541,0.24037296596418356,0.1617105106720882,0.28522917367689726,0.15261824752461406,0.1447868700330166,0.0942070018354515,-0.24574797307362561,0.31468371441935084
B0.50-r0.350-N2-p0.3333-g0.075-az1.0000-tw0.500-n32,B0.50,0.5,0.35,2.0,0.3333333333333333,0.075,0.27499999999999997,0.425,0.0077864744117766005,-0.13155346727867734,0.03145280044263221,-0.09181784734603904,0.012851220996613621,-0.12961886327263727,0.02892659859482416,-0.17028920233352263,0.14553752584940804,0.09646314021453373,-0.1307833010387116,0.12942978035209385,0.17141625730034082,-0.19827599934265316,0.33045531354545843
B0.50-r0.350-N2-p0.3333-g0.150-az1.0000-tw0.500-n32,B0.50,0.5,0.35,2.0,0.3333333333333333,0.15,0.19999999999999998,0.5,-0.0672955251256574,-0.19625437746516017,0.03224954505970956,-0.11304341369472115,-0.010820617003927446,-0.14865873722041856,0.10730861380614853,-0.107083134522165,0.1617105106720882,0.12510934948753638,-0.108074135040517,0.1447868700330166,0.07420276022891126,-0.2648094739331591,0.31468371441935084
B0.50-r0.350-N2-p0.6667-g0.075-az1.0000-tw0.500-n32,B0.50,0.5,0.35,2.0,0.6666666666666666,0.075,0.27499999999999997,0.425,0.08162642058267888,0.07684012485633174,0.03145280044263221,-0.18479708223568148,-0.033474288595852664,-0.12961886327263727,0.15861630121918568,0.06423970221479247,0.14553752584940804,0.23217631273822725,0.09766926498639661,0.12942978035209385,0.24818588358013516,-0.050314060558521057,0.33045531354545843
B0.50-r0.350-N2-p0.6667-g0.150-az1.0000-tw0.500-n32,B0.50,0.5,0.35,2.0,0.6666666666666666,0.15,0.19999999999999998,0.5,0.12620751393666874,0.12122394279938908,0.03224954505970956,-0.2305359570815083,-0.08770348427933627,-0.14865873722041856,0.28831387319114565,0.1833725896324605,0.1617105106720882,0.36327276878189707,0.21445494659716458,0.1447868700330166,0.19532345838208154,-0.0905345938907628,0.31468371441935084
B0.50-r0.350-N4-p0.0000-g0.025-az1.0000-tw0.500-n32,B0.50,0.5,0.35,4.0,0.0,0.025,0.3,0.39999999999999997,-0.023871030413501804,-0.029378530638514033,0.015383238301516888,-0.04753897856959399,0.00393160101111123,-0.062390875754086084,0.014885444113638124,-0.037930141805776585,0.06604432348109657,0.02858734798367668,-0.022011612779176848,0.05905365428761611,0.07622020650669992,-0.12164209041518759,0.1673455301620146
B0.50-r0.350-N4-p0.0000-g0.050-az1.0000-tw0.500-n32,B0.50,0.5,0.35,4.0,0.0,0.05,0.24999999999999997,0.44999999999999996,-0.0056023439663116514,-0.01121291949986758,0.015470406218734523,-0.05499449846808302,-0.003926811941914021,-0.06465514508127956,0.13823571530533751,0.07900086612414836,0.06772364617015425,0.08322123551952543,0.029934687808254257,0.060660145520136544,0.06045098785517067,-0.13451214976438164,0.16581335076681714
B0.50-r0.350-N4-p0.0000-g0.075-az1.0000-tw0.500-n32,B0.50,0.5,0.35,4.0,0.0,0.075,0.19999999999999998,0.5,-0.015359144830232818,-0.02091467068835884,0.015615686080763469,-0.060854552785976734,-0.010103541047888243,-0.06842892729326866,0.15756697663812935,0.09732611057121732,0.07052251731858328,0.115715383177589,0.06083036149558918,0.06333763090767075,0.028172654145983467,-0.16085613545640842,0.16325971844148812
B0.50-r0.350-N4-p0.3333-g0.025-az1.0000-tw0.500-n32,B0.50,0.5,0.35,4.0,0.3333333333333333,0.025,0.3,0.39999999999999997,0.03447130215054606,-0.0370433677975911,0.015383238301516888,-0.04865009782021157,0.003873977269552187,-0.062390875754086084,0.03528274765630557,-0.06327499371931777,0.06604432348109657,0.06280707191318502,-0.04062331721003676,0.05905365428761611,0.1280808791426169,-0.08176820217612768,0.1673455301620146
B0.50-r0.350-N4-p0.3333-g0.050-az1.0000-tw0.500-n32,B0.50,0.5,0.35,4.0,0.3333333333333333,0.05,0.24999999999999997,0.44999999999999996,0.0036204707908085165,-0.06576143141623159,0.015470406218734523,-0.054164367859102835,-0.0019447358905549939,-0.06465514508127956,0.005938710388996071,-0.08982551197700861,0.06772364617015425,0.04985213766902041,-0.05231750157273163,0.060660145520136544,0.09196859698604443,-0.11116276632595612,0.16581335076681714
B0.50-r0.350-N4-p0.3333-g0.075-az1.0000-tw0.500-n32,B0.50,0.5,0.35,4.0,0.3333333333333333,0.075,0.19999999999999998,0.5,-0.029612922617962445,-0.09669734672585761,0.015615686080763469,-0.0639868458825219,-0.012309513410812656,-0.06842892729326866,0.03373519012004467,-0.06467522553633143,0.07052251731858328,0.049600216635391936,-0.05254490612427687,0.06333763090767075,0.05447697154058284,-0.14168008407562893,0.16325971844148812
B0.50-r0.350-N4-p0.6667-g0.025-az1.0000-tw0.500-n32,B0.50,0.5,0.35,4.0,0.6666666666666666,0.025,0.3,0.39999999999999997,0.024097918628062542,0.021832054544035806,0.015383238301516888,-0.08862168811161697,-0.010482986670120154,-0.062390875754086084,0.09485612985260006,0.05173287478204558,0.06604432348109657,0.08958346465247002,0.03178982350044879,0.05905365428761611,0.11390695271779405,-0.035694456348860815,0.1673455301620146
B0.50-r0.350-N4-p0.6667-g0.050-az1.0000-tw0.500-n32,B0.50,0.5,0.35,4.0,0.6666666666666666,0.05,0.24999999999999997,0.44999999999999996,0.04837730291531117,0.04605771956886051,0.015470406218734523,-0.10082572886356678,-0.023733363377465455,-0.06465514508127956,0.12256918686669871,0.07835439365353469,0.06772364617015425,0.1329821853944546,0.07288659108841866,0.060660145520136544,0.10556672703184966,-0.04291456198213217,0.16581335076681714
B0.50-r0.350-N4-p0.6667-g0.075-az1.0000-tw0.500-n32,B0.50,0.5,0.35,4.0,0.6666666666666666,0.075,0.19999999999999998,0.5,0.0702713795657881,0.06790335456055363,0.015615686080763469,-0.12027396187186801,-0.04484902653280587,-0.06842892729326866,0.17518834028606878,0.12890102894688793,0.07052251731858328,0.19528921467271387,0.13188873349185304,0.06333763090767075,0.10158345650243494,-0.04636286602943618,0.16325971844148812
D-r0.350-N2-p0.0000-g0.075-az1.0000-tw0.500-n32,D,1.0,0.35,2.0,0.0,0.075,0.27499999999999997,0.425,0.006509429528730459,0.005524138919869692,-0.0018387656824050413,-0.10634863921704185,-0.007464228401924622,-0.10887081460820258,0.03710571853019262,0.010489911080251213,0.02621947052929463,-0.0055202691288637196,0.009871921005938589,-0.010145529128177677,0.03320427652458302,0.0029708775408812116,0.04002649419336457
D-r0.350-N2-p0.0000-g0.150-az1.0000-tw0.500-n32,D,1.0,0.35,2.0,0.0,0.15,0.19999999999999998,0.5,0.021818644140025434,0.0208183670591624,-0.0010677371001214242,-0.12539468848640611,-0.028617763255719297,-0.12836455895202514,0.059711562508665716,0.03251560900434991,0.04070789325407809,0.006652202083503145,0.022232793233926795,0.0033137262807794166,0.032208409212967526,0.00200415108209695,0.027697721644636353
D-r0.350-N2-p0.3333-g0.075-az1.0000-tw0.500-n32,D,1.0,0.35,2.0,0.3333333333333333,0.075,0.27499999999999997,0.425,-0.003667188095598739,-0.003513172275146692,-0.0018387656824050413,-0.10825894363909438,-0.007585210139942067,-0.10887081460820258,0.022952792836386404,-0.004419198378416644,0.02621947052929463,-0.015692720905195023,0.0020698263144232065,-0.010145529128177677,0.032630568767890944,-0.007681155006619589,0.04002649419336457
D-r0.350-N2-p0.3333-g0.150-az1.0000-tw0.500-n32,D,1.0,0.35,2.0,0.3333333333333333,0.15,0.19999999999999998,0.5,-0.006676555171684528,-0.006523004547333455,-0.0010677371001214242,-0.12839585814547183,-0.029995495766836577,-0.12836455895202514,0.022047165820109127,-0.005300592786007585,0.04070789325407809,-0.012006958552084002,0.005822100954121723,0.0033137262807794166,0.0281332076440457,-0.012002948618886178,0.027697721644636353
D-r0.350-N2-p0.6667-g0.075-az1.0000-tw0.500-n32,D,1.0,0.35,2.0,0.6666666666666666,0.075,0.27499999999999997,0.425,-0.002707762055143781,-0.002553597924019879,-0.0018387656824050413,-0.11175056332701716,-0.011471018687326806,-0.10887081460820258,0.030470663007099663,0.0028975099422994255,0.02621947052929463,-0.014371184130513082,0.0034152111900602744,-0.010145529128177677,0.03457887826854544,-0.005808903407787058,0.04002649419336457
D-r0.350-N2-p0.6667-g0.150-az1.0000-tw0.500-n32,D,1.0,0.35,2.0,0.6666666666666666,0.15,0.19999999999999998,0.5,-0.009313540016135047,-0.009160397024032374,-0.0010677371001214242,-0.12500954997236868,-0.026226887951776523,-0.12836455895202514,0.031806755183465985,0.0041978511988092215,0.04070789325407809,-0.008629493037412783,0.009260515312676576,0.0033137262807794166,0.0346690679233852,-0.0057222345672279795,0.027697721644636353
D-r0.350-N4-p0.0000-g0.025-az1.0000-tw0.500-n32,D,1.0,0.35,4.0,0.0,0.025,0.3,0.39999999999999997,0.0003493717861122736,-0.00014025842127218802,-0.0010204002555376235,-0.05041278330774457,-0.0006301656753916474,-0.05194961136319609,0.015019825623613148,0.001995323118388237,0.011112755493539517,-0.0067793445143646824,0.001377367727358969,-0.006867726968401433,0.01689065184503158,0.002045326105904355,0.021621072104133665
D-r0.350-N4-p0.0000-g0.050-az1.0000-tw0.500-n32,D,1.0,0.35,4.0,0.0,0.05,0.24999999999999997,0.44999999999999996,0.002066416820761141,0.0015759461898805505,-0.0009346405465255891,-0.05588174476189234,-0.006385840358331896,-0.05423909571239183,0.015365570756049163,0.0023366317282758065,0.012705545356114012,-0.004834818496000315,0.003337862945609338,-0.005361232672386307,0.014007533934931482,-0.000795701905501045,0.02028016085212414
D-r0.350-N4-p0.0000-g0.075-az1.0000-tw0.500-n32,D,1.0,0.35,4.0,0.0,0.075,0.19999999999999998,0.5,0.012805127852794529,0.012309401060958569,-0.0007917076981721616,-0.060969607746807375,-0.011740437280995275,-0.058054902961051424,0.03349273779910367,0.02023119510526894,0.01536019512707143,0.004324898707866565,0.012572803290512358,-0.002850408845694097,0.014631504982015153,-0.00018084005165164285,0.018045308765441304
D-r0.350-N4-p0.3333-g0.025-az1.0000-tw0.500-n32,D,1.0,0.35,4.0,0.3333333333333333,0.025,0.3,0.39999999999999997,-7.311051521119438e-05,-3.380583078504973e-05,-0.0010204002555376235,-0.05311773203452341,-0.0024385269452521507,-0.05194961136319609,0.014688404658851573,0.001096138341618147,0.011112755493539517,-0.0071465790898370685,0.001955919253459948,-0.006867726968401433,0.011671098930538637,-0.008491857538552083,0.021621072104133665
D-r0.350-N4-p0.3333-g0.050-az1.0000-tw0.500-n32,D,1.0,0.35,4.0,0.3333333333333333,0.05,0.24999999999999997,0.44999999999999996,-0.004862747761275044,-0.004823631345793777,-0.0009346405465255891,-0.057140640633907114,-0.0066767503909066495,-0.05423909571239183,0.003298422846665927,-0.010141268881729393,0.012705545356114012,-0.012906382904283809,-0.003856690547826891,-0.005361232672386307,0.016837068498092078,-0.0034288475392034723,0.02028016085212414
D-r0.350-N4-p0.3333-g0.075-az1.0000-tw0.500-n32,D,1.0,0.35,4.0,0.3333333333333333,0.075,0.19999999999999998,0.5,-0.002350449584759051,-0.0023112344169710086,-0.0007917076981721616,-0.06541490593276988,-0.015393872423104527,-0.058054902961051424,0.010521696921336199,-0.0030147542303998742,0.01536019512707143,-0.007147910837009164,0.0019545752968053165,-0.002850408845694097,0.01418992335806335,-0.006023234156939505,0.018045308765441304
D-r0.350-N4-p0.6667-g0.025-az1.0000-tw0.500-n32,D,1.0,0.35,4.0,0.6666666666666666,0.025,0.3,0.39999999999999997,0.0032326559454711745,0.0032720905715049042,-0.0010204002555376235,-0.05300637852296408,-0.0023212135507795217,-0.05194961136319609,0.022285775379892625,0.008591738424819084,0.011112755493539517,-0.002930650525974965,0.0062104995275944486,-0.006867726968401433,0.015602095627067047,-0.0046392069718637075,0.021621072104133665
D-r0.350-N4-p0.6667-g0.050-az1.0000-tw0.500-n32,D,1.0,0.35,4.0,0.6666666666666666,0.05,0.24999999999999997,0.44999999999999996,-0.003516286247415068,-0.003477116905819533,-0.0009346405465255891,-0.05523392045039699,-0.004667978382690174,-0.05423909571239183,0.013926512877588504,0.0003444524875622079,0.012705545356114012,-0.010472611408921195,-0.0014006061908293788,-0.005361232672386307,0.016855416171305704,-0.0034108655414911704,0.02028016085212414
D-r0.350-N4-p0.6667-g0.075-az1.0000-tw0.500-n32,D,1.0,0.35,4.0,0.6666666666666666,0.075,0.19999999999999998,0.5,-0.00583627174760637,-0.005797193598975903,-0.0007917076981721616,-0.06614937161192458,-0.016167648308019866,-0.058054902961051424,0.011553882776993651,-0.0019963950282988474,0.01536019512707143,-0.00541343890436885,0.003704948899884375,-0.002850408845694097,0.01833410905454924,-0.0019616435211273764,0.018045308765441304
