w,rho,n1,n2,solid_fraction,correction,E_axial_raw_n2,E_axial_raw_n1,E_axial,E_x,E_z,E_111,E_min,E_max,E_hill,K_hill,G_hill,A_U,C11,C12,C44,zener,cubic_dev,time_s,iters_n2,loc_uniaxial_z_max,loc_uniaxial_z_p99,loc_uniaxial_z_p999,loc_uniaxial_z_mean,loc_shear_xz_max,loc_shear_xz_p99,loc_shear_xz_p999,loc_shear_xz_mean
0.0,0.15,32,64,0.1500244140625,0.01730993291842319,0.015449061129808903,0.015458527135228821,0.015439132183499595,0.015454219816553818,0.015443429478757854,0.031812735553213504,0.015419747255187109,0.03200167283968463,0.024015916059959605,0.026948244289529192,0.0088851161369296,0.8147288288920027,0.034276695384763654,0.023284116484709228,0.012259929866419711,2.2305830102086435,0.001969981783962231,13.295152331000281,203,69.04809518488007,53.780523003845616,64.38573864275156,18.217527804697504,31.948116485510997,27.237112904420233,30.44248591616495,12.646037409299453
0.0,0.2,32,64,0.20002365112304688,0.027286431332145797,0.02875642706496168,0.027539938550051227,0.029970837816255525,0.029968807731929375,0.02996895499842878,0.05297172105160523,0.02996880773192938,0.05305684175613607,0.042389188417210164,0.04009157830057257,0.016010639969847928,0.5134151749621374,0.054618618754699255,0.03282807329131953,0.02072399732299042,1.9021090920205095,0.0006847154532754235,44.16648288499982,618,45.532792141021915,36.1911043791505,41.68789643028163,11.381770858699577,20.787715135095628,17.345341413548848,19.247518998389143,8.465011284519619
0.0,0.25,32,64,0.2500419616699219,0.017525702734897636,0.04624884920120599,0.045231086603085,0.04726615577889838,0.0472827574628899,0.04727660742061909,0.07904080877329954,0.04723910245318616,0.0790408087732995,0.06458469667266496,0.054305150331224156,0.024806214397813674,0.42733117117379216,0.07756143582910846,0.04267701805816002,0.03140989075936366,1.8007977639530308,0.00043856760041050165,49.024588328999926,548,32.053186763451784,26.259781538595334,30.601595033987792,7.925723861571318,15.019439740225636,12.030062709628222,13.720063401242678,6.255769656870536
0.0,0.3,32,64,0.29999542236328125,0.007882924514487155,0.06834529311778499,0.07006347780194173,0.06661436465499293,0.06661436465499448,0.06661436465499529,0.1059345923914884,0.06661436465498899,0.1061586826485227,0.08839141512574653,0.06994008216988418,0.03427713912903376,0.3561056272054195,0.10305048649185387,0.053384893254717826,0.04253779216233892,1.7129682498399106,0.0007553837830131306,56.85529481100002,534,25.826759369837607,19.338197024343142,24.545959241744615,5.897759891526108,11.329207859389985,9.128578862753953,10.771812957357755,4.923292484756715
0.0,0.35,32,64,0.3500022888183594,0.024757139055071063,0.0963918526628536,0.09295361852369907,0.09982227932500447,0.0998291751459022,0.09980470690218446,0.1397534619347295,0.09980470690218445,0.13975923098598475,0.12240775784997732,0.09062453090790747,0.04800751850925887,0.18860597235175014,0.14117701481601327,0.0653482903013793,0.056217437958826166,1.4827478193432337,0.00016780028621320235,61.01480137800081,493,19.805667361988974,15.359665351703816,18.268900582313684,4.577986286266567,8.177547411517486,7.028232396045729,7.884901246182204,4.021487647916574
0.0,0.4,32,64,0.4000053405761719,0.004967338375151435,0.12743135609674727,0.1284062818558439,0.1264503209523552,0.1264187351026369,0.12646924825432798,0.17382509612579103,0.12641873510263688,0.17382509612579095,0.15332650147723415,0.1106408840421763,0.06041077242276101,0.16981444454549166,0.17501586522427384,0.07845339656227773,0.07017835152296813,1.4535326715520909,0.00018983836711540533,67.74476956599938,474,16.614070648750523,12.289246886739276,14.830205912870397,3.7303042805625046,7.048524691930538,5.7819127729438256,6.5481542551106235,3.386786492272288
0.0,0.45,32,64,0.45000457763671875,0.010761694164663367,0.16495976030379686,0.1628465646648791,0.1670722666008456,0.16708867347390882,0.16706684350057796,0.21458421000280511,0.16706128282804997,0.21458421000280495,0.1943144070771875,0.1365783936139574,0.07693316330268257,0.10541092539272157,0.22251287316443338,0.09361118067584955,0.08659220532384819,1.3435386867634374,0.00039483599612377197,72.68186790299933,453,12.883524541779352,10.09001424868227,12.246118868554792,3.1098697974450813,5.810515291388689,4.759893588642224,5.310464913748602,2.899530891666979
0.0,0.5,32,64,0.5,0.005549165924856147,0.20653746122258682,0.20562977571918914,0.20744482179132503,0.2074448217913327,0.20744482179132642,0.2559611245451266,0.20744482179131588,0.25596112454512643,0.23553639459618067,0.1645759862488846,0.09335779586778349,0.07478292826090183,0.2717892683392568,0.11096934520369843,0.1031446431804733,1.282734640950308,2.6485442573200164e-14,44.76065064300019,238,10.340172646261408,8.332344744872563,9.905008563560264,2.664624276746175,5.22172432629814,4.0609744727176995,4.766589382428906,2.5291643748187114
0.0,0.55,32,64,0.5499916076660156,0.011276408357471037,0.2527079557646036,0.2501137806423647,0.25530160555454684,0.2552760531551524,0.25529758322710866,0.30257242091044206,0.2552760531551524,0.30380403582814997,0.28332813918849137,0.1986004988320005,0.11223321827666213,0.05035234759510221,0.33097568798928684,0.13241312858341428,0.12180496500712597,1.2268673950575955,0.0012227074077291746,84.31799254500038,436,8.941708246387247,7.035465194838099,8.43905660452229,2.3262686246800124,4.636982652476342,3.5500163389976525,4.1854586040428945,2.2316710103023123
0.5,0.15,32,64,0.15000152587890625,0.04504245580422192,0.0031157691760140727,0.002979341162106966,0.003251235098323723,0.0032512350983251405,0.003251235098322631,0.01104432106198796,0.002278892221571142,0.011044321061987954,0.0038309396980299275,0.001218326298704798,0.001962715118551151,3.834567524282285,0.003577731885132681,0.0002581323340088163,0.0030237416931354136,1.821750874807603,0.6754215249543225,50.781690433999756,990,482.82912801806305,154.78248608386394,274.50668908716165,32.47318854740117,251.97646732827656,108.63846212866733,166.53394261144325,34.78520058917533
0.5,0.2,32,64,0.20000076293945312,0.0068376484605247355,0.0067390137981011705,0.006690011437127475,0.0067867675720489715,0.00678815525106225,0.006787902597756071,0.024391204241751216,0.0047869945273233926,0.024391204241751202,0.008065129998352336,0.0027946780834155927,0.003957302859830961,3.7876753653820607,0.007564470523366856,0.0009140457362569809,0.006093773898605174,1.8325968922816407,0.6724172728032536,69.43510938100007,1034,213.9466055797489,95.35074776718056,147.3310585406017,19.962198226646358,134.95311266677106,61.93152780259971,88.85267310025601,21.444749842266305
0.5,0.25,32,64,0.25,0.01634486086170279,0.01135932648761312,0.011162772353959663,0.011554359128347888,0.011554359128343007,0.01155435912835344,0.04351539637452244,0.00828555951780052,0.04351539637452243,0.013749383887893617,0.005166587828901614,0.006507261261350502,3.501581255989514,0.01316414673510012,0.002187907224197624,0.009814902910477262,1.7883908055629252,0.6630183414322797,78.97907099500026,933,150.0822085434866,68.0239584918232,100.41131739162438,13.714592761421034,90.98863400935878,42.749761717948815,59.70786873649256,14.998545809493027
0.5,0.3,32,64,0.3000030517578125,0.013491108236711725,0.016888514922899528,0.016849228292365934,0.016924983974237147,0.016924983974235468,0.016924983974240478,0.06576307917500679,0.012207531319460297,0.06576307917500676,0.020257294908493775,0.007936384293707844,0.009425590934851728,3.479904426190723,0.019583081046220543,0.0037460105084239238,0.014204205347772175,1.7937920165061507,0.6621862908425608,94.81332276000012,918,101.00694219469226,52.19246038588339,76.63285556309559,10.106849777899065,65.25906619898274,32.20853067700247,44.24065387726534,11.294886160056818
0.5,0.35,32,64,0.34999847412109375,0.018758855764471682,0.023429705196154935,0.022838676917456883,0.02401731927152812,0.02401914603600689,0.024016611371137087,0.0886034231128952,0.016921165402758936,0.08860342311289517,0.027802834973649354,0.011204285131668542,0.01279555439564117,3.1653674163818835,0.027677331556485895,0.005209407463941193,0.01857623563894189,1.6535782800784742,0.6457466724106288,115.82124111699977,980,95.08152046238004,42.28628743659433,61.69648365171359,7.777346079261778,54.815882331739026,25.883081084996228,36.08343804522903,8.925850084634169
0.5,0.4,32,64,0.3999977111816406,0.03354255721377927,0.07828695429407563,0.08100391154878386,0.07556657781940067,0.0755360460981618,0.07559403499321742,0.14801632442435922,0.07457467493828837,0.1480163244243591,0.09736850186747521,0.05934782931666245,0.039691706691356216,0.45510807944802156,0.09896574102453608,0.03975972553880417,0.049267004710492696,1.6642567248041065,0.14749895244613026,107.01711064600022,789,56.28753048367109,18.517489689612642,30.38323894689829,4.38082400594518,31.08941219480395,11.82483154729313,20.263831541793408,3.6008990876449656
0.5,0.45,32,64,0.45000457763671875,0.014988283740994902,0.12330580779096505,0.12089651266907746,0.12571036879173747,0.1257103687917327,0.12571036879174563,0.18102349038059862,0.12445671693866599,0.18102349038059853,0.14910264948563187,0.09490843837580493,0.060211185288393185,0.17243684681068672,0.16072062094320058,0.062002405914610224,0.06914700030286873,1.4008964866887568,0.06006232047024335,109.36832451200007,724,31.102346593648367,12.10331646365572,17.676444008376382,3.467046493922779,16.542343503502543,7.442980386002836,11.04555203446895,3.0089195915184512
0.5,0.5,32,64,0.5,0.003073385727601744,0.17836564632725188,0.17905397019568883,0.1776750792777044,0.17767507927770712,0.17767507927770493,0.21033847834262515,0.17667930846199212,0.21664499874142323,0.19873355035897247,0.13075450081956108,0.07970488626512426,0.07116425375284585,0.22409272081636952,0.08437269979000854,0.08716837449387656,1.2477578210130742,0.04515323135366663,117.13316643000053,690,26.76390109379889,8.452392907754936,11.846823755010293,2.7948209983587864,26.624433632344527,5.688532489744692,7.79910526757198,2.5949374379537034
0.5,0.55,32,64,0.5499954223632812,0.006163171188220832,0.24533384436515734,0.2431993475711091,0.24746473749076325,0.24746473749077005,0.24746473749076098,0.29612491543811886,0.2469009375512696,0.2961249154381188,0.2682449718300735,0.18591738846721795,0.10648611153769354,0.03472980509919488,0.3151354752432525,0.12143660010499176,0.1135085807983789,1.1720107379803557,0.02603910267240066,114.96681239899954,628,13.727678695026055,6.250997383342462,8.164598883488326,2.361525822036527,11.47399572108913,4.520572385120126,6.198600571116795,2.2262740383623685
1.0,0.15,32,64,0.150054931640625,0.05277059692653775,0.016858115279127863,0.017227495500780007,0.016460269440896076,0.01645936120798343,0.016451560546090056,0.035877787585119565,0.016451560546090056,0.03604934924505628,0.026574822254252492,0.022921660757670298,0.010168127724412937,1.018088051025586,0.030871991203398067,0.018946624322705344,0.014537664168174097,2.438107659683109,0.003160266373428953,31.09089155499987,534,49.860318480107175,37.577832503305544,41.58778522097744,18.420699277990646,33.58740108311697,27.087341830376594,32.37480052936778,10.234534821004269
1.0,0.2,32,64,0.20004653930664062,0.04225684534763424,0.029828343819911975,0.0289212331864487,0.03073281604567803,0.03073812172512376,0.030722524126939318,0.06274843227588459,0.03072252412693931,0.06274843227588457,0.04756992717826978,0.03664228571984027,0.018529466182892116,0.8673529883784781,0.05170510093602249,0.029110922422548008,0.02581585837460511,2.285177870858134,0.0013222976846500008,34.04549764100011,457,31.305709836135343,22.520595627624765,25.5300071568148,12.34511224050988,21.359125297575552,16.86307800762082,19.79947768995124,7.025502532922406
1.0,0.25,32,64,0.25,0.010151516087222968,0.04561302197592316,0.04589631016518078,0.04532598063838578,0.0453259806383873,0.04532598063838063,0.09017939301458128,0.04532598063838063,0.09017939301458122,0.06908302699986635,0.050962776732552034,0.027111082211292013,0.8157967652518341,0.07331670680764313,0.039785811695006466,0.037416324835610755,2.2317522219387342,4.0277252623386396e-14,14.273428325000168,142,21.875032591451625,15.932403403807843,17.794075125284024,9.019150052511101,16.35974164847482,12.212058289456179,13.698715439296235,5.297181694572801
1.0,0.3,32,64,0.2999725341796875,0.009085150355076193,0.06429370329121654,0.06443452825824617,0.0641511277257539,0.06415119767536799,0.0641504167673623,0.12077668269669652,0.06415041676736229,0.12077668269669643,0.09447728422053672,0.06589566814261733,0.03745996954039384,0.6979987321660612,0.097865493934568,0.04991078959054605,0.050521882398657035,2.107066786866974,0.000795108318959705,46.55702710600053,431,15.605429426160931,12.270784463150752,14.254412800773462,6.953672658373335,12.478222457005812,9.311666837174716,11.644084884128933,4.238958232440314
1.0,0.35,32,64,0.35004425048828125,0.014478380792101599,0.08714638604492993,0.08790199680992895,0.08637402893498937,0.08637863917409502,0.08637994560970877,0.15853424068879124,0.08636350202116434,0.15853424068879113,0.12510573165291278,0.08818620999683818,0.04950535191892549,0.6362196026670555,0.13126269285813397,0.06664811668474327,0.06590609210465351,2.0399759932742443,0.001177382884834431,55.4894785409997,436,11.687693955474684,9.739452535591047,10.947989585426251,5.525610319213075,9.908333650659364,7.371237087373108,9.234611113061593,3.5135637834943085
1.0,0.4,32,64,0.3999786376953125,0.01823467364149777,0.11332648549306613,0.1121132006788392,0.11453538156628953,0.11452474659046614,0.11451240660089729,0.19851620683928486,0.11451240660089729,0.19880634122382645,0.16034733340669918,0.11118645789810164,0.0636479787353676,0.5262481174446814,0.16867064958462671,0.08244443869463991,0.08264123581434056,1.9168472083223,0.0007381419255163805,52.26796736000051,363,9.769517381431234,8.216246615273358,8.97930482069245,4.528155310909076,7.539031624324022,6.076388004529053,7.168894391643678,3.003684123944969
1.0,0.45,32,64,0.45001220703125,0.001896207335823904,0.14345973987601648,0.14296533203722936,0.14395383165512152,0.14395025060067015,0.14395470616117603,0.23770576465778648,0.14395025060067013,0.23779500769513956,0.19550390067853782,0.13342249712179072,0.07784140746436562,0.4371239266199698,0.20611668426796634,0.09707542715722628,0.09882213434337468,1.8125641057680206,0.00043635884112842724,60.09529945600025,375,8.961878860585317,7.144479810638394,8.154391340092408,3.7898413501827006,6.077219642417791,5.066828973727504,6.021933248759687,2.621460350066691
1.0,0.5,32,64,0.5,0.00925808716281489,0.17931845111330705,0.17972500281441597,0.17889979905262499,0.17889979905262737,0.17889979905262404,0.2836386346530164,0.1788997990526235,0.2836386346530163,0.23685954077697952,0.16525245112162917,0.09390889585693979,0.36439865136128624,0.2556353831934773,0.12006098508570517,0.11682621623440866,1.7234259250266415,1.7793080945263327e-14,30.656719013999464,156,7.417214671439383,6.238387857013153,7.319015505214725,3.204749709621398,4.973721501935421,4.37300944313263,4.919529887238553,2.3219588237446938
1.0,0.55,32,64,0.550018310546875,0.013023841527125383,0.22177613840057023,0.21951171183418516,0.22403888364262792,0.22405417244738127,0.22402151274621152,0.3341280755062011,0.22402151274621154,0.3341280755062009,0.2855984214217247,0.2004429151454583,0.11310584737857009,0.271913908797063,0.3141353917266955,0.143596725073729,0.13665367066065692,1.6026121623049505,0.0004932824689276039,66.46525507600018,341,6.6006919886147175,5.627864675481635,6.501859389988626,2.737332494971612,4.296675492217335,3.7040570300348263,4.140988980884799,2.0791550642973298
