design,w,rho,L_mm,flow_lpm,R,R_lattice,T_wall_max_C,T_out_C,delta_p,pump_power,mass,min_structural_margin,lattice_margin,Re_median,Fo_max,h_sf_mean,U_eff_mean,fin_eta,fgK,picard_iterations,time_s
gyroid,0.0,0.35,4.0,1.0,0.03808016271708849,0.03079838310224154,79.32172529215813,62.81908990014068,357.3984952755115,0.01985547195975064,0.3435312079471936,12.786901032119607,21.17143238198601,65.04156602186981,0.5501528093876731,2624.0434481888055,8356.83178828198,0.5687734315087286,0.8224479431991126,3,0.22523659999933443
gyroid,0.0,0.35,4.0,2.0,0.028217347672320658,0.02077070274085304,71.7273577076869,56.409544950018756,968.4800920570011,0.10760889911744459,0.3435312079471936,12.748020109613673,21.119753266673452,130.08313204375253,1.1003056187753935,3675.7876442020224,10539.602161679006,0.4975484839440718,0.8224479431991126,3,0.2230357999978878
gyroid,0.0,0.35,4.0,3.0,0.02436891174130337,0.016808329572263102,68.7640620408036,54.27302996670022,1833.244790344269,0.3055407983907115,0.3435312079471936,12.693400575674648,21.04704985249263,195.12469806561947,1.6504584281630874,4727.5318402150415,12475.690237786599,0.4463058386725965,0.8224479431991126,3,0.22475190000113798
gyroid,0.0,0.35,4.0,4.0,0.022192753075808532,0.014547263876497251,67.08841986837257,53.20477247499599,2951.692590137645,0.6559316866972545,0.3435312079471936,12.623448432065624,20.95375758515578,260.16626408750705,2.200611237550802,5779.276036228288,14250.581633125028,0.407455201905697,0.8224479431991126,3,0.2229339000004984
gyroid,0.0,0.35,4.0,5.0,0.020748235815267215,0.01303578605639864,65.97614157775575,52.56381797999819,4323.82349143694,1.2010620809547055,0.3435312079471936,12.538676018459524,20.840428628419144,325.20783010938857,2.7507640469385306,6831.02023224151,15911.976044585537,0.3768396291749713,0.8224479431991126,3,0.2146995999974024
blend w=0.5,0.5,0.35,4.0,1.0,0.039324589507699716,0.03221933211545042,80.27993392092878,62.81908990018724,392.26059808920854,0.021792255449400475,0.3435312079471936,8.361498854726948,8.361498854726948,59.20951402942304,0.4424230443354377,2618.7814926736246,7540.542903074811,0.45540813965621724,0.8356370151688313,5,0.3290193000029831
blend w=0.5,0.5,0.35,4.0,2.0,0.02952955215967039,0.022235725612660923,72.7377551629462,56.40954495008742,1017.8649174508131,0.11309610193897923,0.3435312079471936,8.34200049621187,8.34200049621187,118.41900786963328,0.8740932030633796,3499.4925472078326,9116.070249525714,0.39934757970685436,0.8356370151688313,6,0.36268240000208607
blend w=0.5,0.5,0.35,4.0,3.0,0.025660140458226257,0.018239627165697752,69.75830815283422,54.27302996670511,1876.8077400243294,0.31280129000405493,0.3435312079471936,8.315377287779281,8.315377287779281,177.62850018236125,1.3021508270586124,4380.176690998936,10550.016223985058,0.3592309644251318,0.8356370151688313,8,0.4340792999973928
blend w=0.5,0.5,0.35,4.0,4.0,0.02343823497764209,0.01592374995219097,68.04744093278441,53.20477247505704,2969.088620051628,0.659797471122584,0.3435312079471936,8.281766149491297,8.281766149491297,236.83799252935245,1.7285400251610619,5260.849124630591,11889.154786387557,0.32886537662982984,0.8356370151688313,8,0.41889739999896847
blend w=0.5,0.5,0.35,4.0,5.0,0.021942635403172813,0.014354056270064955,66.89582926044307,52.5638179800909,4294.707559123605,1.1929743219787792,0.3435312079471936,8.241338046909288,8.241338046909288,296.0474837748259,2.154003832198404,6141.515531388657,13159.681063975158,0.30492674040140844,0.8356370151688313,9,0.4485686000007263
diamond,1.0,0.35,4.0,1.0,0.03713387279057545,0.029821126444632192,78.5930820487431,62.8190899001288,456.73236490522885,0.025374020272512714,0.3435312079471936,12.780564640494802,29.452810278523835,52.48922748065322,0.32058262767177453,2740.3561970766227,9562.020881010707,0.5141690333982168,0.8635028002307622,3,0.2192998999998963
diamond,1.0,0.35,4.0,2.0,0.027843952899385245,0.02038312605272307,71.43984373252664,56.40954494998465,1135.2160365686277,0.126135115174292,0.3435312079471936,12.737452327325148,29.38216836709849,104.97845496131892,0.6411652553435997,3482.2879612160837,11198.696766463867,0.46465363477550164,0.8635028002307622,3,0.21306020000338322
diamond,1.0,0.35,4.0,3.0,0.024281541197232085,0.01671843274154685,68.6967867218687,54.273029966687545,2035.4510149895789,0.3392418358315965,0.3435312079471936,12.680696445803264,29.288959735551053,157.4676824419553,0.9617478830153036,4224.2197253551785,12692.006253326132,0.42638580055251885,0.8635028002307622,3,0.2078908000003139
diamond,1.0,0.35,4.0,4.0,0.022270285594464298,0.014630971382986632,67.14811990773751,53.204772475021,3157.437300168826,0.7016527333708503,0.3435312079471936,12.610664220117668,29.173615946156986,209.95690992261117,1.2823305106870662,4966.151489494525,14082.49117003898,0.3958027831976559,0.8635028002307622,3,0.21844179999970947
diamond,1.0,0.35,4.0,5.0,0.02093013292548326,0.0132305163200186,66.11620235262211,52.56381798006407,4501.174892105676,1.2503263589182432,0.3435312079471936,12.527801989224347,29.03666535026314,262.4461374032488,1.6029131383588124,5708.083253633654,15395.542850414904,0.3707135201441672,0.8635028002307622,3,0.22244359999967855
