w,n,rho,c,a_sf_L,seconds,exact,a_inf,rel_err
0.0,16,0.3,-0.41154768807662634,2.880183696746826,0.001216326000076151,,2.8620948791503906,0.0063201320571892395
0.0,24,0.3,-0.41154768807662634,2.870910220675998,0.0020749339998928917,,2.8620948791503906,0.0030800312001621737
0.0,32,0.3,-0.41154768807662634,2.8667383193969727,0.0034433000000717584,,2.8620948791503906,0.0016223921437434775
0.0,48,0.3,-0.41154768807662634,2.8642684088812933,0.008210141000063231,,2.8620948791503906,0.0007594191746528992
0.0,64,0.3,-0.41154768807662634,2.8633601665496826,0.01419971399991482,,2.8620948791503906,0.0004420843657243086
0.0,96,0.3,-0.41154768807662634,2.8626522488064237,0.03761782599985963,,2.8620948791503906,0.00019474185153445716
0.0,128,0.3,-0.41154768807662634,2.862408399581909,0.07960229700006494,,2.8620948791503906,0.00010954229148812245
1.0,16,0.3,-0.3443855422661304,3.5926461219787598,0.0013094959999762068,,3.5405774797712053,0.014706256960917909
1.0,24,0.3,-0.3443855422661304,3.5629247029622397,0.002825138000162042,,3.5405774797712053,0.0063117452784788464
1.0,32,0.3,-0.3443855422661304,3.552379608154297,0.004759735000106957,,3.5405774797712053,0.003333390795858037
1.0,48,0.3,-0.3443855422661304,3.5460817548963757,0.01031240199995409,,3.5405774797712053,0.0015546263728497948
1.0,64,0.3,-0.3443855422661304,3.5436761379241943,0.020022739000069123,,3.5405774797712053,0.0008751843931372686
1.0,96,0.3,-0.3443855422661304,3.5419625176323786,0.05328336699994907,,3.5405774797712053,0.00039118981835211227
1.0,128,0.3,-0.3443855422661304,3.5413565635681152,0.10895934299992405,,3.5405774797712053,0.0002200442728230553
0.5,16,0.3,-0.2071078753911843,3.0264580249786377,0.001280854000015097,,3.0270543779645647,0.00019700768848690778
0.5,24,0.3,-0.2071078753911843,3.0262302822536893,0.0023168689999693015,,3.0270543779645647,0.00027224344460885345
0.5,32,0.3,-0.2071078753911843,3.0266499519348145,0.0038917960000617313,,3.0270543779645647,0.00013360382049765407
0.5,48,0.3,-0.2071078753911843,3.026861826578776,0.008879138000111197,,3.0270543779645647,6.361015090790982e-05
0.5,64,0.3,-0.2071078753911843,3.0269370079040527,0.01982449499996619,,3.0270543779645647,3.87736875050311e-05
0.5,96,0.3,-0.2071078753911843,3.0270008511013455,0.054783189999852766,,3.0270543779645647,1.768282182466953e-05
0.5,128,0.3,-0.2071078753911843,3.027024269104004,0.10773370800006887,,3.0270543779645647,9.94658727637661e-06
0.0,16,0.5,0.0,3.1182875633239746,,3.0915,3.0916590009416853,0.008613033447148767
0.0,24,0.5,0.0,3.1033842298719616,,3.0915,3.0916590009416853,0.003792536281234412
0.0,32,0.5,0.0,3.0979793071746826,,3.0915,3.0916590009416853,0.002044308971679021
0.0,48,0.5,0.0,3.09452141655816,,3.0915,3.0916590009416853,0.0009258510125478357
0.0,64,0.5,0.0,3.093299388885498,,3.0915,3.0916590009416853,0.0005305850170775856
0.0,96,0.5,0.0,3.092363569471571,,3.0915,3.0916590009416853,0.000227893351003797
0.0,128,0.5,0.0,3.092055320739746,,3.0915,3.0916590009416853,0.00012819000993966276
1.0,16,0.5,0.0,3.9010071754455566,,3.8377,3.8380508422851562,0.016403204581551742
1.0,24,0.5,0.0,3.8651741875542536,,3.8377,3.8380508422851562,0.007066958303488293
1.0,32,0.5,0.0,3.853890895843506,,3.8377,3.8380508422851562,0.004127108839683458
1.0,48,0.5,0.0,3.8449529012044272,,3.8377,3.8380508422851562,0.0017983239938430648
1.0,64,0.5,0.0,3.8419110774993896,,3.8377,3.8380508422851562,0.0010057801141412275
1.0,96,0.5,0.0,3.839768303765191,,3.8377,3.8380508422851562,0.000447482732931243
1.0,128,0.5,0.0,3.839016914367676,,3.8377,3.8380508422851562,0.0002517090372738097
