c,n,c_voxel,K_l2,K_ref_target_c,K_ref_voxel_c,err_vs_target,err_vs_voxel_c,tortuosity,iters,time_s
0.027,16,0.021484375,0.1663252320195313,0.14196352794714717,0.1635315272309974,0.17160537234221152,0.017083585262355205,1.0046435742836015,154,0.06377546700014136
0.027,24,0.026041666666666668,0.1457059902874654,0.14196352794714717,0.1452679581369981,0.026362139589201528,0.003015339074665002,1.005135699440325,257,0.2835258899999644
0.027,32,0.02783203125,0.1390226997790771,0.14196352794714717,0.1394363613490214,-0.0207153781720959,-0.0029666692815432105,1.0055362507428853,349,1.1825697630001741
0.027,48,0.02727141203703704,0.1404505206717999,0.14196352794714717,0.1411314905444481,-0.01065771819865291,-0.004825073908177435,1.0055664462501808,569,13.314321073999963
0.027,64,0.02703857421875,0.14103851169596732,0.14196352794714717,0.14184482138907015,-0.006515872524133326,-0.0056844492820162795,1.0055563380999142,788,30.59124375400006
0.064,16,0.068359375,0.07339050650195317,0.07608436764711873,0.07201463054719441,-0.03540623689822542,0.019105505982663917,1.007616326367989,153,0.05747682099990925
0.064,24,0.06597222222222222,0.07416317635678184,0.07608436764711873,0.07419906325699284,-0.025250801836816605,-0.0004836570522016581,1.0077908111596974,251,0.3404139459998987
0.064,32,0.06640625,0.07335884105782058,0.07608436764711873,0.07379412918692248,-0.0358224254677284,-0.00589868237348945,1.007886119457059,345,1.0585666550000496
0.064,48,0.06409143518518519,0.07545696705466971,0.07608436764711873,0.07599528480668272,-0.008246116933755987,-0.007083567794796464,1.0079204826812955,559,13.751554420000048
0.064,64,0.06353759765625,0.0760828651281805,0.07608436764711873,0.07653800685585002,-1.9748063691760187e-05,-0.005946610662683316,1.0078996681874912,771,28.49674769000012
0.125,16,0.1171875,0.04321722125758008,0.03985033981144523,0.042786077748222955,0.084488148960975,0.010076724300231765,1.0095553450134531,150,0.057809820999864314
0.125,24,0.1255787037037037,0.03967278099202993,0.03985033981144523,0.039645066781694535,-0.004455641288265921,0.0006990582330961281,1.0091120049498645,246,0.32246514400003434
0.125,32,0.123046875,0.040231574226572704,0.03985033981144523,0.040554745554087404,0.009566654059446345,-0.00796876723301565,1.009603811671589,347,1.092691463000392
0.125,48,0.12456597222222222,0.039706374789830585,0.03985033981144523,0.040005252306293176,-0.0036126422584054074,-0.0074709569177139334,1.009600887175685,562,7.229629165000006
0.125,64,0.12493896484375,0.03960544795689759,0.03985033981144523,0.039872069039295514,-0.006145288991420417,-0.006686913642107606,1.0096985667677896,775,24.323998528000175
0.216,16,0.22265625,0.01853710431877623,0.01915229535863152,0.018248356004754912,-0.03212100838754228,0.015823250814817502,1.0112472662038534,138,0.04875722999986465
0.216,24,0.2181712962962963,0.018777760185708127,0.01915229535863152,0.018852692044958187,-0.019555628498314603,-0.00397459731858818,1.0118360444730097,232,0.23107598699971277
0.216,32,0.21630859375,0.01895600026686449,0.01915229535863152,0.01910943415149916,-0.010249167950439175,-0.008029221766497563,1.0117550038343337,330,1.0007740579999336
0.216,48,0.21686921296296297,0.018863909013062855,0.01915229535863152,0.019031806376029983,-0.015057534366954894,-0.00882193521990593,1.011798022366891,535,5.193685988999732
0.216,64,0.215576171875,0.01907288709026457,0.01915229535863152,0.019211342688592623,-0.004146148901737923,-0.007206971452873301,1.0117966409600934,751,21.63717337700018
0.343,16,0.3359375,0.00863629239416201,0.007933101042241321,0.008302699074989189,0.08864016078660941,0.04017890039851357,1.0148369497875582,129,0.03844523999987359
0.343,24,0.3454861111111111,0.007890695241732491,0.007933101042241321,0.007807350366081213,-0.005345425487842892,0.010675180662234274,1.0147565617791956,212,0.18221465399983572
0.343,32,0.3447265625,0.007814212467991626,0.007933101042241321,0.007845608479201136,-0.01498639354480058,-0.004001730559553329,1.0157723745041656,292,0.7854265020000639
0.343,48,0.3413628472222222,0.007958930304942652,0.007933101042241321,0.008016947384627202,0.003255884749708615,-0.007236804347225623,1.0158642081933875,469,3.738347100000283
0.343,64,0.342620849609375,0.007890411987120375,0.007933101042241321,0.007952422773174816,-0.005381130896182973,-0.007797722508367744,1.0159212602246384,659,15.009259877999739
0.45,16,0.453125,0.004076343021530699,0.003971469718673337,0.003895557343867019,0.02640667316793599,0.046408167485533225,1.0176530187659156,122,0.03889357400021254
0.45,24,0.4537037037037037,0.0038725384974622056,0.003971469718673337,0.003881640092598198,-0.024910481060945733,-0.0023447807933940634,1.0186947656293575,203,0.1635095450001245
0.45,32,0.45263671875,0.003891375985573004,0.003971469718673337,0.003907334282361195,-0.020167277802407124,-0.004084190303407453,1.0199009350898425,289,0.5280962050001108
0.45,48,0.44972511574074076,0.003944356551660891,0.003971469718673337,0.003978210529965244,-0.006826985708833,-0.008509850861173174,1.0201721666603036,461,3.0261990559997685
0.45,64,0.4500732421875,0.00395218983012524,0.003971469718673337,0.003969675912235078,-0.004854597897963386,-0.0044049142792597085,1.0200140771008064,648,11.914261403999717
