morphology,N,n,wall,delta_k_n,delta_K_t,delta_C_nn,delta_G_t,delta_G_sz
G,1.0,24,0.5,-0.018578690441448664,-0.26242503704659914,0.035102085646021575,0.0411704624993845,0.05265464433895217
G,1.0,32,0.5,-0.01742412535096549,-0.2623415703042704,0.04133772154817095,0.04136577070366432,0.046983943223948055
G,1.0,48,0.5,-0.02331814724598036,-0.2663670219130271,0.0277343526863727,0.031862580481613056,0.043690225987692344
G,2.0,24,0.5,-0.009375735791014805,-0.13101557622122872,0.016718528240231345,0.018847020537463566,0.02607273145095146
G,2.0,32,0.5,-0.008787897433779612,-0.13097772950833853,0.01970429458858214,0.019037037404542323,0.023210732991988836
G,2.0,48,0.5,-0.01179590717798018,-0.13296789095404715,0.013196154144014205,0.014474469601598816,0.021598149249540954
G,4.0,24,0.5,-0.004709947517094748,-0.065507523019396,0.008290774681199986,0.009083575600209004,0.013036851443598119
G,4.0,32,0.5,-0.004413340716819092,-0.06548836238868372,0.009756953462574769,0.009199122763377643,0.01160607092865984
G,4.0,48,0.5,-0.005932945835242398,-0.06648344902567349,0.006555657550720184,0.006947598832096391,0.010799683639659552
D,1.0,24,0.5,0.011014804347360352,-0.19465184113758416,0.07052272736155807,-0.02176229653336692,0.06814336295481627
D,1.0,32,0.5,0.0019618164987547093,-0.19923780088983822,0.05410429003249728,-0.02687051825460085,0.06242613292042365
D,1.0,48,0.5,-0.004968603723199516,-0.20098280231965004,0.046781058138361864,-0.028179676116445895,0.061195000076899264
D,2.0,24,0.5,0.005477142513118594,-0.09734044846631096,0.034059409465535095,-0.012677088037505446,0.03292437808926052
D,2.0,32,0.5,0.00097987762871532,-0.09962805739072167,0.026339508349457974,-0.015241725029318531,0.0301438453106726
D,2.0,48,0.5,-0.0024905450594506773,-0.10050070264527367,0.02285577354166901,-0.01590691905215058,0.029522398812694473
D,4.0,24,0.5,0.002731091966579946,-0.04867578666753969,0.01674453370268858,-0.0068615015075995656,0.016189688615238174
D,4.0,32,0.5,0.0004896988917779677,-0.04981400871079611,0.01299856616564865,-0.008145492902676077,0.014815024183405301
D,4.0,48,0.5,-0.0012468251669526254,-0.05025038147200023,0.011298765534052846,-0.008476658248729119,0.0145015300777942
