w,rho,quantity,ref,ref_std,p_fit,slope_C_rel,noise_n32,noise_n48,err raw n=24,err raw n=32,err raw n=40,err raw n=48,err raw n=64,"err R(24,48)","err R(32,64)","err R(16,32)",avg_err n=16,avg_err n=24,avg_err n=32,avg_err n=40,avg_err n=48,avg_err n=64,avg n=16,sd n=16,avg n=24,sd n=24,avg n=32,sd n=32,avg n=40,sd n=40,avg n=48,sd n=48,avg n=64,sd n=64
0.0,0.2,E_axial,0.0295815772979227,0.0001513507331121,1.505566394429484,-1.6155598442196928,0.0147985128013339,0.0083879798634918,-0.0631078678434792,-0.0690172375634249,-0.0578220728852759,-0.0214921799125227,-0.0278940580027503,0.0201235080184338,0.0132291215579241,-0.0897502462341026,-0.0375275293000473,-0.0593237757414834,-0.0504404305756188,-0.0420246385144679,-0.0308507840871609,-0.0264600073806201,,,,,,,,,,,,
0.0,0.2,C11c,0.0542821828966395,0.0001398009244286,1.5697810755030943,-1.2598884489494373,0.0072279450152,0.0041511257877026,-0.0425547164798961,-0.0486321899256104,-0.0383118255820763,-0.0196684200668719,-0.0212171420457829,0.0032178763461518,0.0061979058340444,-0.0250523310834823,-0.0547141110995745,-0.0475426999081016,-0.0395561793263841,-0.0320051563791113,-0.0247793788499602,-0.0204614437325643,,,,,,,,,,,,
0.0,0.2,C12c,0.0327946803398665,3.977340388963224e-05,1.6608036164580469,-1.000088136136801,0.0016960702513537,0.0013886512615318,-0.0274872756120102,-0.0336867139486166,-0.0240067002562489,-0.018360330059595,-0.0163342355084648,-0.0092333845071796,0.0010182429316871,0.0226202172433862,-0.0678066973927435,-0.0389821258051923,-0.0316100832021436,-0.0246767144526222,-0.0203490627706809,-0.0160806438622365,,,,,,,,,,,,
0.0,0.2,C44c,0.02060906078285,2.6491825333414727e-05,0.5766239105681413,-1.238589947144949,0.008050444605601,0.0032233130802822,0.0249448153627163,-0.0470189344894089,-0.0382289819914862,-0.0249573348621303,-0.0207209718991027,-0.074859485086977,0.0055769906912035,-0.0498275452400805,-0.0581870654467312,-0.0312421608582036,-0.0382912461900729,-0.0316867490858917,-0.0257484254737232,-0.0191011889335414,,,,,,,,,,,,
0.0,0.2,zener,1.917226884389382,0.0102410033563325,3.406738297590331,0.4614542545948754,0.0112942370512603,0.0091008596047006,0.0974218585967081,0.0268431637695683,0.0238572117208517,-0.0028403223506905,0.0087143258516459,-0.1031025032980893,-0.0094145120662765,0.0522551947851162,-0.0234180321216809,0.0325032716789321,0.0147825297171078,0.0126237978419252,0.0065699828623098,0.0088043444317233,,,,,,,,,,,,
0.0,0.2,K_bulk,0.0399595771412629,6.813029643389139e-05,1.6248077167277861,-1.1212215024737755,0.0041387784981252,0.0025242398874823,-0.0343702620888413,-0.040512512433922,-0.0305443411560633,-0.0190115415469275,-0.0186042434748565,-0.0036528210050135,0.0033040254842089,0.000982346123401,-0.0627499147141682,-0.0429988139082254,-0.0353270175162411,-0.0280703025491892,-0.022420667632508,-0.0181285890939005,,,,,,,,,,,,
0.0,0.2,loc_uniaxial_z_max,,,,,,,,,,,,,,,,,,,,,35.01676047552933,1.3918672478116765,41.31167313599649,2.0562302964665813,44.94472788031962,2.3869436040447387,44.09219797652269,1.3555025558642375,46.58534202346169,1.5328762910785552,47.61200844237629,1.7099423307977757
0.0,0.2,loc_uniaxial_z_p99,,,,,,,,,,,,,,,,,,,,,32.835896972707545,1.5223030119334706,35.23349191116394,0.6425597163142974,35.647157006800285,0.5097198694786025,36.36713312386898,0.2918105157216162,35.961216758875615,0.1035513415886414,36.04195429197023,0.3017983918856298
0.0,0.2,loc_uniaxial_z_mean,,,,,,,,,,,,,,,,,,,,,11.00103905251316,0.0467721679556317,11.395656652637818,0.1405298185370103,11.410754748934178,0.1171405593581162,11.392353169464585,0.0696133890587019,11.370716076168504,0.0696562613886729,11.37564540902895,0.0127420484362221
0.0,0.2,loc_shear_xz_max,,,,,,,,,,,,,,,,,,,,,17.118602558672464,1.3750127916450523,17.79459733945829,1.6775967093023756,19.365327662524983,0.5172109714551271,20.910707753537643,0.609229645290637,22.46183908192331,1.4855060143272272,22.459114347966207,1.1629312015408944
0.0,0.2,loc_shear_xz_p99,,,,,,,,,,,,,,,,,,,,,15.325264399364364,0.9053262649838124,16.315684303970084,1.086521577145145,17.046236413559992,0.3040624412693376,17.0300579733414,0.1378450758216741,17.117719330398764,0.0055391627144486,17.2895364458999,0.0525040998465836
0.0,0.2,loc_shear_xz_mean,,,,,,,,,,,,,,,,,,,,,8.450580522076947,0.0739221480832356,8.427509818514475,0.1258249931303745,8.49415887451006,0.0295673998112814,8.483287141958034,0.0112962533331423,8.473624064470973,0.0111107716602685,8.461351929002863,0.0078029822657097
0.0,0.35,E_axial,0.0973138265069995,0.0005114407537591,1.9664265065525381,-0.9699257026521404,0.0095578568376057,0.0041605105275028,0.0197541865887211,-0.044805636976847,-0.0265337035905596,-0.0212478179738667,-0.0094742327708144,-0.0622498225364548,0.0258571714352182,-0.0182573439180858,-0.0423139592524061,-0.0177161433061822,-0.0313208985393528,-0.0214665613298176,-0.022181470703175,-0.0149512647776971,,,,,,,,,,,,
0.0,0.35,C11c,0.1391351109928748,0.0003277305827345,1.5916807414030938,-0.8796792475914643,0.0052058680772729,0.0026603360150074,0.0002346589570751,-0.035492891277289,-0.0242106392973766,-0.0173450499255843,-0.0104086004011362,-0.034924758808244,0.0146756904750167,-0.0032503153157991,-0.0471710395374692,-0.0234066980792406,-0.0280179297729954,-0.0206900455446155,-0.0190862752955115,-0.0137593462990036,,,,,,,,,,,,
0.0,0.35,C12c,0.065401351305468,0.0001186139034552,1.1738545522151345,-0.7574738579945103,0.0012182553452155,0.0019087190339696,-0.0270539134508444,-0.0226904555463455,-0.0210440686952135,-0.0119963118663747,-0.0117508845603002,0.003061289718095,-0.000811313574255,0.0174274420951185,-0.0541989088973319,-0.0314686919618415,-0.0235401676136157,-0.0196686637586991,-0.014856105565118,-0.0121592019808082,,,,,,,,,,,,
0.0,0.35,C44c,0.0562112288345495,0.0002604142748688,0.25000000000003514,-0.7303569720114201,0.0024842953038506,0.0044300771612855,-0.0100080698902869,-0.0209679881786059,-0.024791455985237,-0.0074843494088225,-0.0104287638052001,-0.0049606289273579,0.0001104605682056,0.0482219759724313,-0.0553849386198002,-0.0259136416871778,-0.021763471041403,-0.0208333843108543,-0.0137622952330741,-0.0113510270282265,,,,,,,,,,,,
0.0,0.35,zener,1.5243137499059234,0.0165377758501766,3.9999999999999996,0.2771503499858865,0.012613539488886,0.0058955798009212,-0.0333757343283944,0.0274183442271864,0.0025490511488843,0.0151974410564954,-0.0009636609929603,0.0637706164413856,-0.0293456662131069,0.0740380257041959,-0.014621641691013,-0.0090752083934887,0.0109272685423735,0.0010466805490272,0.0095627460698779,0.0041574518686628,,,,,,,,,,,,
0.0,0.35,K_bulk,0.0899875775915981,5.986267594649383e-05,1.4104218999815241,-0.8254210911380297,0.002296197332396,0.0019707652988846,-0.0130815310163251,-0.0293788891165669,-0.0227666115438646,-0.0148441847575495,-0.0111503267997963,-0.0166068384987739,0.0070782355169742,0.0067207953951005,-0.05112254466613,-0.0275743456054117,-0.0260203666015518,-0.0202948724487814,-0.0171315789149822,-0.0130765956922731,,,,,,,,,,,,
0.0,0.35,loc_uniaxial_z_max,,,,,,,,,,,,,,,,,,,,,16.201394202397047,0.6914646630623846,17.45244535322328,1.0061449161282996,18.68439677966237,0.9066105212440566,19.22190312906737,0.474157281159631,19.770119957625685,0.7393082309272299,20.57141231373628,0.5335743680146436
0.0,0.35,loc_uniaxial_z_p99,,,,,,,,,,,,,,,,,,,,,15.00748269254438,0.5912085261209971,14.936294820498215,0.175745220364234,15.6368917260822,0.2941258374258302,15.303110264456004,0.1281271265743219,15.388821545339257,0.0969343762622513,15.343484850749828,0.0263445320091073
0.0,0.35,loc_uniaxial_z_mean,,,,,,,,,,,,,,,,,,,,,4.546750556166931,0.0839731543969141,4.558683924785903,0.0783358351186362,4.613185509689614,0.0180719041191821,4.586528011899936,0.0124243480116543,4.599827713438463,0.0103597218149088,4.590110242040375,0.008413036044511
0.0,0.35,loc_shear_xz_max,,,,,,,,,,,,,,,,,,,,,7.285178338292808,0.5608318877407756,7.360333392537319,0.0619564659492125,7.75090550121536,0.3816131290566374,8.44624344634074,0.2969559142640985,9.232863920039543,0.448967608350981,8.619334809402599,0.2995814796058402
0.0,0.35,loc_shear_xz_p99,,,,,,,,,,,,,,,,,,,,,6.636777062381867,0.1646564922957061,6.698578961863181,0.160659396529002,6.87057637084366,0.0592586551537613,6.903213705781177,0.0719346106189321,6.9393440620237605,0.0402705743767806,7.0371579134005335,0.0174691912125831
0.0,0.35,loc_shear_xz_mean,,,,,,,,,,,,,,,,,,,,,4.034743613693622,0.0362893876062898,4.023569859766956,0.0203027963425881,4.02418654777367,0.0064335234949612,4.02849611584333,0.0034928664294292,4.023063521618074,0.0044085102039785,4.023114128460901,0.0016224102859451
0.0,0.5,E_axial,0.2075969340214488,0.0003662247115116,0.25000118830798757,-0.4078690757305409,0.0020703176777997,0.0021916418883121,0.0170806508423726,-0.0094758543112993,-0.0145396933115996,-0.0056786076097371,-0.005103508892634,-0.0284378660618468,-0.0007311634739685,0.0091355231823859,-0.0195270831972298,-0.005014775703554,-0.01232512985854,-0.0111870510643479,-0.0079770251772199,-0.0063236561290782,,,,,,,,,,,,
0.0,0.5,C11c,0.2721830625024329,0.0002085860619174,0.6902301127616964,-0.4847734362444325,0.0017518538116365,0.001471719780949,-0.0007760728911175,-0.0125290737235306,-0.0137855177800908,-0.0082893304520773,-0.006987936326,-0.0158025880130371,-0.0014467989284693,0.002847905899572,-0.0261353654878372,-0.0133210781647687,-0.0149704627570773,-0.0125472105452014,-0.0098653936147454,-0.0075594704014696,,,,,,,,,,,,
0.0,0.5,C12c,0.1112811720608686,0.000124258904843,1.4714667626019624,-0.630208706309348,0.0011667027240167,0.0006456363225276,-0.0346995327911716,-0.0182909589149973,-0.0123806589483079,-0.0132167349313235,-0.0105465558992514,0.0082660629285244,-0.0028021528835056,-0.0090042981838915,-0.0388714025370934,-0.0290745608399712,-0.0199722419881414,-0.0151223014578703,-0.0134339374599428,-0.0098971179081416,,,,,,,,,,,,
0.0,0.5,C44c,0.1032375900792252,8.886007420491419e-05,1.4976660111019107,-0.4613630799714328,0.0007205947803269,0.0005136525058506,-0.0194526113686336,-0.0151176181646838,-0.0090179844581654,-0.0102484996857751,-0.0080089692356376,-0.0010443880029167,-0.0009003203065915,-0.0032095519762475,-0.0229584084836667,-0.0185668293593379,-0.0146318070794302,-0.0110463196269725,-0.0098470616119331,-0.007247013887349,,,,,,,,,,,,
0.0,0.5,zener,1.2832603424038416,0.0037992898764522,3.9999719629465273,-0.0784820634484475,0.0023579911440816,0.0027217176434069,-0.0412213795362191,-0.006648613572426,0.005806427167905,-0.005411805806717,-0.0035165482015747,0.0303977679227851,-0.0003844828307234,-0.0144182099131979,-0.0056551764775297,-0.0159772418425926,-0.0031717908220005,-0.0002930368548449,-0.0024815904872591,-0.001329523134762,,,,,,,,,,,,
0.0,0.5,K_bulk,0.1649168491240667,1.4811710760143537e-05,1.0655977559149168,-0.5507871020676398,0.0014967033411658,0.0009277040858641,-0.0160468422811443,-0.0151313043240428,-0.0131637927587868,-0.0105162159640987,-0.0085990907615113,-0.0049855896470534,-0.0020668771989797,-0.0024941997863324,-0.0321205532654607,-0.0204419537279534,-0.0172403481512317,-0.0137185469629237,-0.0114820127180015,-0.0086216464220298,,,,,,,,,,,,
0.0,0.5,loc_uniaxial_z_max,,,,,,,,,,,,,,,,,,,,,8.858322975489727,0.3953295956449222,9.321093087224854,0.6772052785804439,10.229993129387422,0.5694653805594092,10.664246306749751,0.1521356803695878,11.01169178405559,0.6726316470866146,11.024885418192198,0.4726632378145822
0.0,0.5,loc_uniaxial_z_p99,,,,,,,,,,,,,,,,,,,,,7.979416016327502,0.2235163300674632,8.22145341770222,0.2245008606453181,8.33063489243284,0.0537790345265564,8.35962325958199,0.0173111561440904,8.346434467365905,0.0400444738085874,8.331684364881113,0.0231084338109938
0.0,0.5,loc_uniaxial_z_mean,,,,,,,,,,,,,,,,,,,,,2.63579317045882,0.0282913664360201,2.648043799080173,0.0200122671603589,2.662861989121506,0.0040287246571735,2.6654578332229737,0.0038166466466316,2.6636122261996578,0.0017908665963095,2.666175374226655,0.0015309807460661
0.0,0.5,loc_shear_xz_max,,,,,,,,,,,,,,,,,,,,,4.245343901936477,0.2263637039722706,4.648633592230756,0.0595410704457842,4.795577441680908,0.1934696913222022,4.955851392454114,0.1834089335514734,5.182920739514357,0.0252120514879425,5.309605172362939,0.0788580178550602
0.0,0.5,loc_shear_xz_p99,,,,,,,,,,,,,,,,,,,,,3.775904079096271,0.0871158843766951,3.928740762957452,0.0620663084254755,4.022796971838395,0.0307738439726891,4.032896006417307,0.0047742645266674,4.0425803637747295,0.0190417135058677,4.064115003927348,0.0064071250758484
0.0,0.5,loc_shear_xz_mean,,,,,,,,,,,,,,,,,,,,,2.5195469430918034,0.0063492659057355,2.526449112615704,0.0027884308686689,2.529344291856056,0.0012380121330106,2.5287886504202923,0.0010517071548889,2.5296838755692788,0.0008252000809973,2.5287788636933937,0.0004006307413658
1.0,0.2,E_axial,0.030169879333056,6.359793152918259e-05,1.347649543211625,-0.7372951982334373,0.0140294598376015,0.0057744520855255,0.0087769057082147,-0.04138717735073,-0.0156251161170304,-0.0163138338326145,-0.011320413627569,-0.0414045733734438,0.018746350095592,-0.0876292590655946,-0.0095202921558494,-0.0022176985619601,-0.0234174070388701,-0.0173408771948876,-0.0161942253173434,-0.0114008994517899,,,,,,,,,,,,
1.0,0.2,C11c,0.0505737705834415,0.0003244990890781,1.1514859489026026,-1.280515315014356,0.0151807539054406,0.0075229582269836,-0.0737800736570597,-0.0634371113983864,-0.029868637167035,-0.0408219581196489,-0.0205336040975085,-0.007863842582238,0.0223699032033692,-0.0712375560713599,-0.0530020196266605,-0.0489507065957013,-0.0408723929338568,-0.028972407147557,-0.0295813906872012,-0.0192882498941741,,,,,,,,,,,,
1.0,0.2,C12c,0.0284104932518091,0.0003012907532755,1.2824944078695795,-1.8253926913067853,0.0197733456853172,0.0149131367072054,-0.150811309963242,-0.0843644622311013,-0.0437359992996924,-0.0640059942835917,-0.0298552861989183,0.0227993213960584,0.0246538898332646,-0.0560560035267202,-0.0955985554458173,-0.0929005622201665,-0.0585320195119211,-0.0405334329948324,-0.0427460123945784,-0.0274176491885675,,,,,,,,,,,,
1.0,0.2,C44c,0.0254196760573106,9.338919446942826e-05,0.6123533653334198,-0.8948261323071143,0.0100174502723005,0.0040537617112286,-0.0308290994934102,-0.0426558686978822,-0.0191549812047601,-0.0259156194315232,-0.0135351065331735,-0.0210021393696363,0.015585655631535,-0.0576859123665054,-0.026849696353262,-0.0250919364182508,-0.0282346322647125,-0.0208805714955517,-0.0205104114612124,-0.0133322241278287,,,,,,,,,,,,
1.0,0.2,zener,2.293940616370912,0.0059424125154396,0.2723140808008616,-0.3178814360484637,0.0066558510949872,0.0067187310003916,-0.0544694843174506,-0.0063116122770712,-0.0071858891215913,-0.0150155648291908,-0.0050305640764201,0.0244383546590687,-0.0037495158757689,0.0317399650145602,-0.02811279243511,-0.0321360223948223,-0.0101569910701607,-0.0068575657349275,-0.0079139876360487,-0.0045417136925228,,,,,,,,,,,,
1.0,0.2,K_bulk,0.0358215299239252,0.0003143248087622,1.3736418373213815,-1.6035509180475072,0.0168735479462672,0.0112336192203486,-0.1152182428072129,-0.0751125354830395,-0.0378320280962274,-0.0537036570496024,-0.0260988424423675,0.0078109287080079,0.0229148505983041,-0.0623035681468554,-0.0785560328127614,-0.073027551832806,-0.051417797506068,-0.0357916426676669,-0.0372216513517439,-0.0242314415018424,,,,,,,,,,,,
1.0,0.2,loc_uniaxial_z_max,,,,,,,,,,,,,,,,,,,,,19.821515300151564,1.303172277692783,22.3524482015414,1.0073183870718767,24.04307907906575,1.1899546854224303,25.64006531013721,2.27045150826517,24.36118809905692,1.1322404362093204,28.00659624853628,2.278776210345612
1.0,0.2,loc_uniaxial_z_p99,,,,,,,,,,,,,,,,,,,,,19.05394489189483,1.02048988845905,20.77643606496222,1.0601000471550932,21.353452692073084,0.5937369722804446,21.85997109104261,0.3912907211084505,22.23121809068736,0.3865203351377184,22.672218672562437,0.1824275441359742
1.0,0.2,loc_uniaxial_z_mean,,,,,,,,,,,,,,,,,,,,,11.869506844440766,0.1320409120949832,11.996680613610303,0.077243742507955,12.2734228531482,0.1247455687585945,12.313097909606787,0.0157481728440472,12.31188176549646,0.039012434919607,12.348811223064066,0.0084142450416213
1.0,0.2,loc_shear_xz_max,,,,,,,,,,,,,,,,,,,,,15.577382071544204,1.1741147773215008,17.596564613003586,1.2536324684705036,17.795532006262707,0.7032484998225803,19.475997867444136,0.634974586467679,19.898246016527327,0.7034669744883442,20.813520666952265,0.4125084142478777
1.0,0.2,loc_shear_xz_p99,,,,,,,,,,,,,,,,,,,,,14.778200087882167,1.0458873430183149,16.144126550086433,0.379640828973979,16.630391526657114,0.3539249934709918,16.679880515838583,0.503324444194206,16.997219775353127,0.1216965081232306,16.92497847525174,0.0751293902065399
1.0,0.2,loc_shear_xz_mean,,,,,,,,,,,,,,,,,,,,,6.887685735666539,0.0501432523392283,6.912938809564245,0.0819360088489115,6.995025996249623,0.1360517467189152,7.024925890135318,0.0107466667872834,7.044098691732278,0.0479392170205778,7.026999914683688,0.003311243948535
1.0,0.35,E_axial,0.0872345270977989,0.0009041074359864,0.25000000000000006,-0.1541975108534012,0.0064585204848667,0.0036433083740366,-0.0055513083351532,0.0076514395656854,-0.0195070999546363,0.0001497775530756,-0.0010103918230707,0.0058508634413043,-0.009672223211827,0.0896722542117334,-0.0045851413578182,-0.0028017318973313,-0.0015864620370316,-0.0097738024481878,-0.0022551222558552,-0.0006800074942926,,,,,,,,,,,,
1.0,0.35,C11c,0.1313178023043306,0.0006345011073183,0.25000229745174146,-0.6331756387893087,0.0017247370604866,0.002098314441012,-0.0341619819085589,-0.0170818435801095,-0.0238434676024112,-0.0108596026235172,-0.00875075414039,0.0124427766615244,-0.0004196647006704,0.0284679374447001,-0.0279632202273774,-0.0246365572266118,-0.0182943264372291,-0.018596788217979,-0.0126870809194088,-0.0091224626048077,,,,,,,,,,,,
1.0,0.35,C12c,0.0659595292275389,0.0001246464602666,1.739926579898347,-1.221657149965488,0.0059467959010085,0.0009320290897882,-0.0687860788882431,-0.0470132039213874,-0.0293164876301459,-0.0243011062725925,-0.018286829584598,0.0201838663430582,0.0104395447521912,-0.044865352792306,-0.058554047408589,-0.0511780004134441,-0.0388008409095623,-0.0295030345547232,-0.0254481352548034,-0.0195057875589613,,,,,,,,,,,,
1.0,0.35,C44c,0.0660950899100916,0.0003690917714315,0.250000070099276,-0.3322943611469913,0.0025923457506232,0.0021000594216482,-0.0162141243059718,-0.0050961648121822,-0.0167239546230195,-0.0049254510584721,-0.0039778240532784,0.0063632221890275,-0.0028594832943746,0.0361945243323962,-0.0084624509705821,-0.0112079561129326,-0.0086155850270018,-0.0114770814090213,-0.00652314018246,-0.0041906497795173,,,,,,,,,,,,
1.0,0.35,zener,2.022466999319519,0.0120547115355465,3.9999999999999996,-0.2905849116981883,0.0049186719298992,0.0018722404253292,-0.0169426141820838,-0.0179461316482127,0.0016655572273558,-0.0075711552224314,-0.0048072706538186,0.0018003037372209,0.0083315903405754,-0.0682345796772184,-0.0101112037363328,-0.01328277238297,-0.0109236433615551,-0.0038517574775519,-0.0066684152809095,-0.0054958267353358,,,,,,,,,,,,
1.0,0.35,K_bulk,0.0877590165329667,0.00012886655679,0.5305378019946031,-0.9367280018341052,0.0028188821830386,0.0013008063762277,-0.0516595538098954,-0.0322299863374231,-0.0267348984219798,-0.0177458181594896,-0.0136805031351231,0.0161679174909159,0.0048689800671768,-0.0081279702655173,-0.0449563833088119,-0.0381807475030073,-0.0288564830288785,-0.0242654627772137,-0.0192388948737395,-0.0144816511568721,,,,,,,,,,,,
1.0,0.35,loc_uniaxial_z_max,,,,,,,,,,,,,,,,,,,,,9.34668206971797,0.5155212224726055,10.424606950474692,0.3267508424680718,10.85032100822079,0.3033780776494131,11.531130058811817,0.6368762686113335,11.146616890346586,0.4426876985612398,12.030407122179568,0.5319972359598529
1.0,0.35,loc_uniaxial_z_p99,,,,,,,,,,,,,,,,,,,,,8.741036767955368,0.3630450180553511,9.413251333907052,0.3356528789325062,9.498121483589864,0.136888685206681,9.487176089742077,0.0520902874014764,9.581731848353504,0.0443080431503078,9.771411431563148,0.0403550845147922
1.0,0.35,loc_uniaxial_z_mean,,,,,,,,,,,,,,,,,,,,,5.433289245539699,0.0957928021345138,5.48112593251224,0.0218122661089667,5.499187703115696,0.0155760808190486,5.531877549340111,0.0234037421492711,5.518479917827094,0.0082120360957219,5.524155732047138,0.0081065435896556
1.0,0.35,loc_shear_xz_max,,,,,,,,,,,,,,,,,,,,,7.161771806666812,0.7987252137032534,7.54104198389701,0.4881213358845064,8.032121567378297,0.1246848095688204,9.03974331705707,0.6200566815446418,9.31655214147317,1.013145736845868,9.802380829243566,0.8787686639747299
1.0,0.35,loc_shear_xz_p99,,,,,,,,,,,,,,,,,,,,,6.513079424908067,0.154827283862813,6.902381149190365,0.1642004057583996,7.34195695378298,0.1499212903674316,7.5121546102914625,0.1047525537989764,7.570045872144498,0.083618082500228,7.47283741377945,0.1299715939282127
1.0,0.35,loc_shear_xz_mean,,,,,,,,,,,,,,,,,,,,,3.455930504911593,0.0482157265970943,3.481964738481624,0.0091399622799217,3.499117622282184,0.0193174690598047,3.512498700872305,0.0119181630590142,3.510923591599572,0.0067814653306348,3.5123720872015776,0.003301104624031
1.0,0.5,E_axial,0.1798475233767547,0.0002607210414887,0.25000000590412513,-0.2245666290356204,0.0040307577051624,0.0012994945581994,-0.0061781443203264,-0.0006812468697834,-0.0059098333826173,-0.0040492135124393,-0.0029417823137842,-0.0019202827045523,-0.0052023177577851,-0.0151811333863873,-0.0015834617796391,-0.0069490552593727,-0.0065581077285108,-0.0061102170935323,-0.0051643772630434,-0.0029864958150905,,,,,,,,,,,,
1.0,0.5,C11c,0.2556580838938944,0.0002890168510985,0.2500000082208234,-0.4921852852798368,0.0012000176736631,0.0012821271770469,-0.0174327940638938,-0.0138432054682191,-0.0118363602836579,-0.009990464890321,-0.006965999336148,-0.0025481357167482,-8.879320407706448e-05,-0.0192437506445276,-0.0179100903229617,-0.0174964297498895,-0.0152426538833481,-0.012178851822,-0.0108946735129294,-0.0073134982712071,,,,,,,,,,,,
1.0,0.5,C12c,0.1192103920028592,0.0002426560694147,1.1879071315990546,-0.8740048997277368,0.0033280871668319,0.0013067013684465,-0.0334440679629258,-0.0325709543515713,-0.0202814378120529,-0.0184564951215406,-0.0127178641994543,-0.0034689222801552,0.0071352259526626,-0.0249536537353689,-0.0414152399934284,-0.0325475142500796,-0.0276398950269933,-0.0208298089542061,-0.0190632740496654,-0.01349455954806,,,,,,,,,,,,
1.0,0.5,C44c,0.1170106232218325,0.0001202113144513,0.2500000139466096,-0.2182436909340392,0.001693879196499,0.000970626866707,-0.0063935329878318,-0.0040956746427135,-0.0053414085150733,-0.0042935837446361,-0.0028358298230047,-0.0021936345014402,-0.001575985003296,-0.0178080790275655,-0.0014522289808557,-0.0068341100885973,-0.0065535073288476,-0.0056341272404079,-0.0050261046589462,-0.0030192696188078,,,,,,,,,,,,
1.0,0.5,zener,1.7150860492953173,0.0014582356369642,3.999999995155459,-0.0594338768023222,0.0030201883071217,0.0003770960834452,-0.0029522169748923,-0.0065904684578627,-0.0008799068952641,-0.0016967541434146,-0.000889492533847,-0.000441291311937,0.0048114833901684,-0.0036955123341849,-0.0040277427294814,-0.0024881356143189,-0.0021334167884357,-0.0010106536523948,-0.0012652292334197,-0.0011007159876318,,,,,,,,,,,,
1.0,0.5,K_bulk,0.1646969195430519,0.0002362284655421,0.7778560525184919,-0.677749819926182,0.0012756594018427,0.0012873033017224,-0.0251825927597137,-0.0229039106463173,-0.0159352671272341,-0.0140995267687564,-0.0097654283980691,-0.0030164607777992,0.003373053850179,-0.0220226358085272,-0.0294404810292597,-0.0248115683804086,-0.0212698167104949,-0.0163817405894607,-0.0148609922373706,-0.010320506684996,,,,,,,,,,,,
1.0,0.5,loc_uniaxial_z_max,,,,,,,,,,,,,,,,,,,,,5.963989063488033,0.4842009373927038,6.702628890338349,0.3527047730686689,7.214618485835082,0.2368268028187686,7.763475916796997,0.5758355526512833,7.543946809305357,0.3403379431880967,7.745319343944327,0.2697482569029418
1.0,0.5,loc_uniaxial_z_p99,,,,,,,,,,,,,,,,,,,,,5.709401583388956,0.3157395515817044,5.867372293614723,0.1463977945811117,6.158645700240761,0.0816871117965167,6.138819831576433,0.092735565455316,6.259333817507319,0.0588375443665009,6.284418018821989,0.0427498579793112
1.0,0.5,loc_uniaxial_z_mean,,,,,,,,,,,,,,,,,,,,,3.160652289915594,0.0088097157373949,3.1874202819397315,0.0062003227185336,3.200474692433149,0.0034414652735362,3.2037204045490424,0.0008073227666426,3.205684473505023,0.0018774603558742,3.205307268457942,0.0007644339594372
1.0,0.5,loc_shear_xz_max,,,,,,,,,,,,,,,,,,,,,3.906930565892888,0.2258883424817723,4.420732498390759,0.2248427868080401,4.710149958744641,0.3117828590738504,4.777580056156356,0.054976544934679,5.300685318662769,0.4082469931862763,5.271166759431355,0.2334135476281194
1.0,0.5,loc_shear_xz_p99,,,,,,,,,,,,,,,,,,,,,3.763323137764772,0.1139503220970916,4.003019807674494,0.0715538535559469,4.1155324227045496,0.1243844536914747,4.241382752441464,0.0298154806343293,4.318466682100655,0.0875693771030383,4.29705856209441,0.0530647759455878
1.0,0.5,loc_shear_xz_mean,,,,,,,,,,,,,,,,,,,,,2.2899713237232464,0.0084966894798105,2.308022584774723,0.0030449074585896,2.3148204571704727,0.0032566219528952,2.318582803281033,0.00070774308426,2.321157869140434,0.0013189915903239,2.3220241492006823,0.0002633184410386
