family,thermal_resistance,R_active,pump_power,mass,min_structural_margin,design
B1,0.02359821001330147,0.02359821001330147,0.4684950579086877,0.23758319575514067,1.3947084580111078,"{""family"": ""B1"", ""type"": ""channel"", ""channel_width"": 0.015916666666666666, ""rib_thickness"": 0.00075, ""n_starts"": 1, ""layout"": ""helical""}"
B1,0.0309791854152251,0.0309791854152251,0.08652688580120713,0.23758319575514067,1.3976686982411854,"{""family"": ""B1"", ""type"": ""channel"", ""channel_width"": 0.015916666666666666, ""rib_thickness"": 0.00075, ""n_starts"": 2, ""layout"": ""helical""}"
B1,0.03651910056397826,0.03651910056397826,0.03321469833292376,0.23758319575514067,1.3980828609112017,"{""family"": ""B1"", ""type"": ""channel"", ""channel_width"": 0.015916666666666666, ""rib_thickness"": 0.00075, ""n_starts"": 3, ""layout"": ""helical""}"
B1,0.036022732429411355,0.036022732429411355,0.034052405461935345,0.24320738487934002,2.32776886404894,"{""family"": ""B1"", ""type"": ""channel"", ""channel_width"": 0.015666666666666666, ""rib_thickness"": 0.001, ""n_starts"": 3, ""layout"": ""helical""}"
B1,0.03546105623865549,0.03546105623865549,0.03584439479959812,0.25445576312773865,4.641464081321406,"{""family"": ""B1"", ""type"": ""channel"", ""channel_width"": 0.015166666666666667, ""rib_thickness"": 0.0015, ""n_starts"": 3, ""layout"": ""helical""}"
B1,0.0196715573336544,0.0196715573336544,1.0259037792903187,0.24320738487934,1.8501987479248683,"{""family"": ""B1"", ""type"": ""channel"", ""channel_width"": 0.01175, ""rib_thickness"": 0.00075, ""n_starts"": 1, ""layout"": ""helical""}"
B1,0.0252181441373387,0.0252181441373387,0.18563983128758021,0.24320738487934,1.858906520799314,"{""family"": ""B1"", ""type"": ""channel"", ""channel_width"": 0.01175, ""rib_thickness"": 0.00075, ""n_starts"": 2, ""layout"": ""helical""}"
B1,0.03279066898844805,0.03279066898844805,0.03588023158090107,0.24320738487934,1.8604670744138518,"{""family"": ""B1"", ""type"": ""channel"", ""channel_width"": 0.01175, ""rib_thickness"": 0.00075, ""n_starts"": 4, ""layout"": ""helical""}"
B1,0.03222389891519173,0.03222389891519173,0.03718845627384746,0.25070630371160574,3.0978953825969673,"{""family"": ""B1"", ""type"": ""channel"", ""channel_width"": 0.0115, ""rib_thickness"": 0.001, ""n_starts"": 4, ""layout"": ""helical""}"
B1,0.031539753545082816,0.031539753545082816,0.04007380140142575,0.2657041413761373,6.1781175402810975,"{""family"": ""B1"", ""type"": ""channel"", ""channel_width"": 0.011000000000000001, ""rib_thickness"": 0.0015, ""n_starts"": 4, ""layout"": ""helical""}"
B1,0.0178019065956102,0.0178019065956102,1.8576696048145451,0.2394579254632071,1.098421627748399,"{""family"": ""B1"", ""type"": ""channel"", ""channel_width"": 0.0095, ""rib_thickness"": 0.0005, ""n_starts"": 1, ""layout"": ""helical""}"
B1,0.022346440447169297,0.022346440447169297,0.3315224503174782,0.2394579254632071,1.1050928698671014,"{""family"": ""B1"", ""type"": ""channel"", ""channel_width"": 0.0095, ""rib_thickness"": 0.0005, ""n_starts"": 2, ""layout"": ""helical""}"
B1,0.025703725162159723,0.025703725162159723,0.1246474733000536,0.2394579254632071,1.1060034092971094,"{""family"": ""B1"", ""type"": ""channel"", ""channel_width"": 0.0095, ""rib_thickness"": 0.0005, ""n_starts"": 3, ""layout"": ""helical""}"
B1,0.02844820154519964,0.02844820154519964,0.06316490035128536,0.2394579254632071,1.106274307300018,"{""family"": ""B1"", ""type"": ""channel"", ""channel_width"": 0.0095, ""rib_thickness"": 0.0005, ""n_starts"": 4, ""layout"": ""helical""}"
B1,0.016018297425109986,0.016018297425109986,3.195111364743204,0.24320738487934002,1.3099853821640641,"{""family"": ""B1"", ""type"": ""channel"", ""channel_width"": 0.007833333333333333, ""rib_thickness"": 0.0005, ""n_starts"": 1, ""layout"": ""helical""}"
B1,0.01975843218992702,0.01975843218992702,0.5637036146684621,0.24320738487934002,1.323765619233339,"{""family"": ""B1"", ""type"": ""channel"", ""channel_width"": 0.007833333333333333, ""rib_thickness"": 0.0005, ""n_starts"": 2, ""layout"": ""helical""}"
B1,0.022506707819260122,0.022506707819260122,0.21050172525549582,0.24320738487934002,1.3256373268397996,"{""family"": ""B1"", ""type"": ""channel"", ""channel_width"": 0.007833333333333333, ""rib_thickness"": 0.0005, ""n_starts"": 3, ""layout"": ""helical""}"
B1,0.024747551192896785,0.024747551192896785,0.1061595623971214,0.24320738487934002,1.3261912736358723,"{""family"": ""B1"", ""type"": ""channel"", ""channel_width"": 0.007833333333333333, ""rib_thickness"": 0.0005, ""n_starts"": 4, ""layout"": ""helical""}"
B1,0.028355016457963053,0.028355016457963053,0.04130203050571816,0.24320738487934002,1.3265358315413867,"{""family"": ""B1"", ""type"": ""channel"", ""channel_width"": 0.007833333333333333, ""rib_thickness"": 0.0005, ""n_starts"": 6, ""layout"": ""helical""}"
B1,0.027294572794991097,0.027294572794991097,0.04389290482225128,0.25445576312773865,2.7850574619610455,"{""family"": ""B1"", ""type"": ""channel"", ""channel_width"": 0.007583333333333333, ""rib_thickness"": 0.00075, ""n_starts"": 6, ""layout"": ""helical""}"
B1,0.026636083002060107,0.026636083002060107,0.046777385441454634,0.2657041413761373,4.637830624110971,"{""family"": ""B1"", ""type"": ""channel"", ""channel_width"": 0.007333333333333333, ""rib_thickness"": 0.001, ""n_starts"": 6, ""layout"": ""helical""}"
B1,0.014692285434786116,0.014692285434786116,5.1718757142817635,0.24695684429547288,1.5154236361682714,"{""family"": ""B1"", ""type"": ""channel"", ""channel_width"": 0.006642857142857143, ""rib_thickness"": 0.0005, ""n_starts"": 1, ""layout"": ""helical""}"
B1,0.025033815326984326,0.025033815326984326,0.06529564763421179,0.24695684429547288,1.5465431015889042,"{""family"": ""B1"", ""type"": ""channel"", ""channel_width"": 0.006642857142857143, ""rib_thickness"": 0.0005, ""n_starts"": 6, ""layout"": ""helical""}"
B1,0.023982212174136274,0.023982212174136274,0.07048829916040726,0.260079952251938,3.246884639816886,"{""family"": ""B1"", ""type"": ""channel"", ""channel_width"": 0.006392857142857144, ""rib_thickness"": 0.00075, ""n_starts"": 6, ""layout"": ""helical""}"
B1,0.013666596429246206,0.013666596429246206,8.001026749499177,0.25070630371160574,1.7118807642347271,"{""family"": ""B1"", ""type"": ""channel"", ""channel_width"": 0.00575, ""rib_thickness"": 0.0005, ""n_starts"": 1, ""layout"": ""helical""}"
B1,0.016372936521530428,0.016372936521530428,1.388262122745073,0.25070630371160574,1.7572962862283497,"{""family"": ""B1"", ""type"": ""channel"", ""channel_width"": 0.00575, ""rib_thickness"": 0.0005, ""n_starts"": 2, ""layout"": ""helical""}"
B1,0.022496697914436124,0.022496697914436124,0.09911327737143398,0.25070630371160574,1.7664314599466215,"{""family"": ""B1"", ""type"": ""channel"", ""channel_width"": 0.00575, ""rib_thickness"": 0.0005, ""n_starts"": 6, ""layout"": ""helical""}"
B1,0.024544190698627472,0.024544190698627472,0.05115554909875477,0.25070630371160574,1.7667731267367437,"{""family"": ""B1"", ""type"": ""channel"", ""channel_width"": 0.00575, ""rib_thickness"": 0.0005, ""n_starts"": 8, ""layout"": ""helical""}"
B1,0.02344549901329853,0.02344549901329853,0.056144364731479615,0.2657041413761373,3.709425705363469,"{""family"": ""B1"", ""type"": ""channel"", ""channel_width"": 0.0055000000000000005, ""rib_thickness"": 0.00075, ""n_starts"": 8, ""layout"": ""helical""}"
B1,0.022730369643920396,0.022730369643920396,0.061984063286886354,0.28070197904066885,6.177254439027456,"{""family"": ""B1"", ""type"": ""channel"", ""channel_width"": 0.00525, ""rib_thickness"": 0.001, ""n_starts"": 8, ""layout"": ""helical""}"
B1,0.012691895260078443,0.012691895260078443,16.032107871022077,0.24695684429547288,1.0788200505949614,"{""family"": ""B1"", ""type"": ""channel"", ""channel_width"": 0.0046500000000000005, ""rib_thickness"": 0.00035, ""n_starts"": 1, ""layout"": ""helical""}"
B1,0.014950404282050439,0.014950404282050439,2.7534243520209434,0.24695684429547288,1.1206067936268727,"{""family"": ""B1"", ""type"": ""channel"", ""channel_width"": 0.0046500000000000005, ""rib_thickness"": 0.00035, ""n_starts"": 2, ""layout"": ""helical""}"
B1,0.01655625089132193,0.01655625089132193,1.0122163420509351,0.24695684429547288,1.1263272074401824,"{""family"": ""B1"", ""type"": ""channel"", ""channel_width"": 0.0046500000000000005, ""rib_thickness"": 0.00035, ""n_starts"": 3, ""layout"": ""helical""}"
B1,0.017840359569713686,0.017840359569713686,0.5049822316520383,0.24695684429547288,1.1280046180326286,"{""family"": ""B1"", ""type"": ""channel"", ""channel_width"": 0.0046500000000000005, ""rib_thickness"": 0.00035, ""n_starts"": 4, ""layout"": ""helical""}"
B1,0.019871718030833343,0.019871718030833343,0.19358817614360282,0.24695684429547288,1.129036864763115,"{""family"": ""B1"", ""type"": ""channel"", ""channel_width"": 0.0046500000000000005, ""rib_thickness"": 0.00035, ""n_starts"": 6, ""layout"": ""helical""}"
B1,0.02147847940368526,0.02147847940368526,0.09954602553657238,0.24695684429547288,1.1293489781532497,"{""family"": ""B1"", ""type"": ""channel"", ""channel_width"": 0.0046500000000000005, ""rib_thickness"": 0.00035, ""n_starts"": 8, ""layout"": ""helical""}"
B1,0.012182296398172384,0.012182296398172384,17.30444711228984,0.2582052225438715,2.0628853455952476,"{""family"": ""B1"", ""type"": ""channel"", ""channel_width"": 0.0045000000000000005, ""rib_thickness"": 0.0005, ""n_starts"": 1, ""layout"": ""helical""}"
B1,0.014259046131396438,0.014259046131396438,2.9686843694300826,0.2582052225438715,2.181273704717613,"{""family"": ""B1"", ""type"": ""channel"", ""channel_width"": 0.0045000000000000005, ""rib_thickness"": 0.0005, ""n_starts"": 2, ""layout"": ""helical""}"
B1,0.020426917230114354,0.020426917230114354,0.10715090891642097,0.2582052225438715,2.2065469330811363,"{""family"": ""B1"", ""type"": ""channel"", ""channel_width"": 0.0045000000000000005, ""rib_thickness"": 0.0005, ""n_starts"": 8, ""layout"": ""helical""}"
B1,0.011628888309112441,0.011628888309112441,30.657203024274153,0.25220608747805895,1.2425361936880055,"{""family"": ""B1"", ""type"": ""channel"", ""channel_width"": 0.0038166666666666666, ""rib_thickness"": 0.00035, ""n_starts"": 1, ""layout"": ""helical""}"
B1,0.013455980519641095,0.013455980519641095,5.223988032827302,0.25220608747805895,1.334431696324483,"{""family"": ""B1"", ""type"": ""channel"", ""channel_width"": 0.0038166666666666666, ""rib_thickness"": 0.00035, ""n_starts"": 2, ""layout"": ""helical""}"
B1,0.014744036640351694,0.014744036640351694,1.9121617497594794,0.25220608747805895,1.3474067616901992,"{""family"": ""B1"", ""type"": ""channel"", ""channel_width"": 0.0038166666666666666, ""rib_thickness"": 0.00035, ""n_starts"": 3, ""layout"": ""helical""}"
B1,0.015768583718659617,0.015768583718659617,0.9512254812906178,0.25220608747805895,1.3512188184085359,"{""family"": ""B1"", ""type"": ""channel"", ""channel_width"": 0.0038166666666666666, ""rib_thickness"": 0.00035, ""n_starts"": 4, ""layout"": ""helical""}"
B1,0.017381278353879485,0.017381278353879485,0.36330789361799454,0.25220608747805895,1.3535617421445265,"{""family"": ""B1"", ""type"": ""channel"", ""channel_width"": 0.0038166666666666666, ""rib_thickness"": 0.00035, ""n_starts"": 6, ""layout"": ""helical""}"
B1,0.018651158375915324,0.018651158375915324,0.18636436789373914,0.25220608747805895,1.3542684733375545,"{""family"": ""B1"", ""type"": ""channel"", ""channel_width"": 0.0038166666666666666, ""rib_thickness"": 0.00035, ""n_starts"": 8, ""layout"": ""helical""}"
B1,0.020621918072165884,0.020621918072165884,0.0742978525286795,0.25220608747805895,1.3547164602576696,"{""family"": ""B1"", ""type"": ""channel"", ""channel_width"": 0.0038166666666666666, ""rib_thickness"": 0.00035, ""n_starts"": 12, ""layout"": ""helical""}"
B1,0.011159981507070408,0.011159981507070408,33.81077041919215,0.2657041413761373,2.3280517231203506,"{""family"": ""B1"", ""type"": ""channel"", ""channel_width"": 0.0036666666666666666, ""rib_thickness"": 0.0005, ""n_starts"": 1, ""layout"": ""helical""}"
B1,0.014001784199446579,0.014001784199446579,2.1053032108580663,0.2657041413761373,2.6254121674342303,"{""family"": ""B1"", ""type"": ""channel"", ""channel_width"": 0.0036666666666666666, ""rib_thickness"": 0.0005, ""n_starts"": 3, ""layout"": ""helical""}"
B1,0.014953022175019781,0.014953022175019781,1.0469547041644254,0.2657041413761373,2.636651025694083,"{""family"": ""B1"", ""type"": ""channel"", ""channel_width"": 0.0036666666666666666, ""rib_thickness"": 0.0005, ""n_starts"": 4, ""layout"": ""helical""}"
B1,0.019543908861082367,0.019543908861082367,0.08171042155480311,0.2657041413761373,2.6469852203135305,"{""family"": ""B1"", ""type"": ""channel"", ""channel_width"": 0.0036666666666666666, ""rib_thickness"": 0.0005, ""n_starts"": 12, ""layout"": ""helical""}"
B1,0.018433227783521994,0.018433227783521994,0.09683142022876573,0.28820089787293457,5.557210148719295,"{""family"": ""B1"", ""type"": ""channel"", ""channel_width"": 0.003416666666666667, ""rib_thickness"": 0.00075, ""n_starts"": 12, ""layout"": ""helical""}"
B1,0.010847039702100249,0.010847039702100249,54.260278688102474,0.25745533066064497,1.3615488087316445,"{""family"": ""B1"", ""type"": ""channel"", ""channel_width"": 0.0032214285714285717, ""rib_thickness"": 0.00035, ""n_starts"": 1, ""layout"": ""helical""}"
B1,0.012365884625066942,0.012365884625066942,9.19460716765135,0.25745533066064497,1.5384569484294905,"{""family"": ""B1"", ""type"": ""channel"", ""channel_width"": 0.0032214285714285717, ""rib_thickness"": 0.00035, ""n_starts"": 2, ""layout"": ""helical""}"
B1,0.013428809810253139,0.013428809810253139,3.3558408015171945,0.25745533066064497,1.564794809592123,"{""family"": ""B1"", ""type"": ""channel"", ""channel_width"": 0.0032214285714285717, ""rib_thickness"": 0.00035, ""n_starts"": 3, ""layout"": ""helical""}"
B1,0.014270323724291559,0.014270323724291559,1.6663476559922938,0.25745533066064497,1.572584732253641,"{""family"": ""B1"", ""type"": ""channel"", ""channel_width"": 0.0032214285714285717, ""rib_thickness"": 0.00035, ""n_starts"": 4, ""layout"": ""helical""}"
B1,0.015588935394733083,0.015588935394733083,0.6350071912984224,0.25745533066064497,1.5773782351222068,"{""family"": ""B1"", ""type"": ""channel"", ""channel_width"": 0.0032214285714285717, ""rib_thickness"": 0.00035, ""n_starts"": 6, ""layout"": ""helical""}"
B1,0.016622945049178862,0.016622945049178862,0.3252814378054139,0.25745533066064497,1.5788234941018682,"{""family"": ""B1"", ""type"": ""channel"", ""channel_width"": 0.0032214285714285717, ""rib_thickness"": 0.00035, ""n_starts"": 8, ""layout"": ""helical""}"
B1,0.018221526818457994,0.018221526818457994,0.12944009508266782,0.25745533066064497,1.5797387053635763,"{""family"": ""B1"", ""type"": ""channel"", ""channel_width"": 0.0032214285714285717, ""rib_thickness"": 0.00035, ""n_starts"": 12, ""layout"": ""helical""}"
B1,0.01720674181821369,0.01720674181821369,0.14562176402331944,0.273203060208403,3.086389128421848,"{""family"": ""B1"", ""type"": ""channel"", ""channel_width"": 0.0030714285714285717, ""rib_thickness"": 0.0005, ""n_starts"": 12, ""layout"": ""helical""}"
B1,0.010248037231727196,0.010248037231727196,90.36417708405531,0.262704573843231,1.4237699930156948,"{""family"": ""B1"", ""type"": ""channel"", ""channel_width"": 0.002775, ""rib_thickness"": 0.00035, ""n_starts"": 1, ""layout"": ""helical""}"
B1,0.011536794843642728,0.011536794843642728,15.252391402837464,0.262704573843231,1.7274778451540482,"{""family"": ""B1"", ""type"": ""channel"", ""channel_width"": 0.002775, ""rib_thickness"": 0.00035, ""n_starts"": 2, ""layout"": ""helical""}"
B1,0.012432981225603502,0.012432981225603502,5.556424250717719,0.262704573843231,1.7763808774969418,"{""family"": ""B1"", ""type"": ""channel"", ""channel_width"": 0.002775, ""rib_thickness"": 0.00035, ""n_starts"": 3, ""layout"": ""helical""}"
B1,0.01313952585352937,0.01313952585352937,2.756028400296864,0.262704573843231,1.7910240289456485,"{""family"": ""B1"", ""type"": ""channel"", ""channel_width"": 0.002775, ""rib_thickness"": 0.00035, ""n_starts"": 4, ""layout"": ""helical""}"
B1,0.014242091468014894,0.014242091468014894,1.0489716140608478,0.262704573843231,1.8000690427801274,"{""family"": ""B1"", ""type"": ""channel"", ""channel_width"": 0.002775, ""rib_thickness"": 0.00035, ""n_starts"": 6, ""layout"": ""helical""}"
B1,0.01510336526892295,0.01510336526892295,0.5369679165249397,0.262704573843231,1.802799761569953,"{""family"": ""B1"", ""type"": ""channel"", ""channel_width"": 0.002775, ""rib_thickness"": 0.00035, ""n_starts"": 8, ""layout"": ""helical""}"
B1,0.01643015784913163,0.01643015784913163,0.21349975974301277,0.262704573843231,1.8045292149330585,"{""family"": ""B1"", ""type"": ""channel"", ""channel_width"": 0.002775, ""rib_thickness"": 0.00035, ""n_starts"": 12, ""layout"": ""helical""}"
B1,0.01744947856589728,0.01744947856589728,0.11260082985637627,0.262704573843231,1.805069359005249,"{""family"": ""B1"", ""type"": ""channel"", ""channel_width"": 0.002775, ""rib_thickness"": 0.00035, ""n_starts"": 16, ""layout"": ""helical""}"
B1,0.009845626031001937,0.009845626031001937,104.21574522893638,0.28070197904066885,2.476068336833763,"{""family"": ""B1"", ""type"": ""channel"", ""channel_width"": 0.002625, ""rib_thickness"": 0.0005, ""n_starts"": 1, ""layout"": ""helical""}"
B1,0.010986999613893962,0.010986999613893962,17.573173988764882,0.28070197904066885,3.2926871604462757,"{""family"": ""B1"", ""type"": ""channel"", ""channel_width"": 0.002625, ""rib_thickness"": 0.0005, ""n_starts"": 2, ""layout"": ""helical""}"
B1,0.01179068932824794,0.01179068932824794,6.399598904059033,0.28070197904066885,3.4388639367917015,"{""family"": ""B1"", ""type"": ""channel"", ""channel_width"": 0.002625, ""rib_thickness"": 0.0005, ""n_starts"": 3, ""layout"": ""helical""}"
B1,0.013439731320865381,0.013439731320865381,1.2078806629435743,0.28070197904066885,3.51128291117043,"{""family"": ""B1"", ""type"": ""channel"", ""channel_width"": 0.002625, ""rib_thickness"": 0.0005, ""n_starts"": 6, ""layout"": ""helical""}"
B1,0.016432157113238692,0.016432157113238692,0.12970259481111124,0.28070197904066885,3.526705639575573,"{""family"": ""B1"", ""type"": ""channel"", ""channel_width"": 0.002625, ""rib_thickness"": 0.0005, ""n_starts"": 16, ""layout"": ""helical""}"
B1,0.007984188792135916,0.007984188792135916,908.1140438479215,0.4606760310150473,3.444979573473416,"{""family"": ""B1"", ""type"": ""channel"", ""channel_width"": 0.0011250000000000001, ""rib_thickness"": 0.002, ""n_starts"": 1, ""layout"": ""helical""}"
B1,0.009391828647607202,0.009391828647607202,218.22356149089427,0.273203060208403,1.367542149549708,"{""family"": ""B1"", ""type"": ""channel"", ""channel_width"": 0.00215, ""rib_thickness"": 0.00035, ""n_starts"": 1, ""layout"": ""helical""}"
B1,0.010362393049786004,0.010362393049786004,36.66654085706987,0.273203060208403,2.034263654574671,"{""family"": ""B1"", ""type"": ""channel"", ""channel_width"": 0.00215, ""rib_thickness"": 0.00035, ""n_starts"": 2, ""layout"": ""helical""}"
B1,0.011030289966432615,0.011030289966432615,13.335301708091796,0.273203060208403,2.170173950297081,"{""family"": ""B1"", ""type"": ""channel"", ""channel_width"": 0.00215, ""rib_thickness"": 0.00035, ""n_starts"": 3, ""layout"": ""helical""}"
B1,0.01155311058746542,0.01155311058746542,6.60964947286414,0.273203060208403,2.212786818980745,"{""family"": ""B1"", ""type"": ""channel"", ""channel_width"": 0.00215, ""rib_thickness"": 0.00035, ""n_starts"": 4, ""layout"": ""helical""}"
B1,0.012363080278740349,0.012363080278740349,2.5146378143213384,0.273203060208403,2.2395608502105246,"{""family"": ""B1"", ""type"": ""channel"", ""channel_width"": 0.00215, ""rib_thickness"": 0.00035, ""n_starts"": 6, ""layout"": ""helical""}"
B1,0.012991416167222405,0.012991416167222405,1.2872829899520253,0.273203060208403,2.2477120525272674,"{""family"": ""B1"", ""type"": ""channel"", ""channel_width"": 0.00215, ""rib_thickness"": 0.00035, ""n_starts"": 8, ""layout"": ""helical""}"
B1,0.013953061564833226,0.013953061564833226,0.5119642724463601,0.273203060208403,2.2528917707427385,"{""family"": ""B1"", ""type"": ""channel"", ""channel_width"": 0.00215, ""rib_thickness"": 0.00035, ""n_starts"": 12, ""layout"": ""helical""}"
B1,0.014687422340647006,0.014687422340647006,0.27003991513871584,0.273203060208403,2.254512893518693,"{""family"": ""B1"", ""type"": ""channel"", ""channel_width"": 0.00215, ""rib_thickness"": 0.00035, ""n_starts"": 16, ""layout"": ""helical""}"
B1,0.015284551992454515,0.015284551992454515,0.1657044480870822,0.273203060208403,2.2552127595576374,"{""family"": ""B1"", ""type"": ""channel"", ""channel_width"": 0.00215, ""rib_thickness"": 0.00035, ""n_starts"": 20, ""layout"": ""helical""}"
B1,0.009040046231244816,0.009040046231244816,263.68499747347863,0.2956998167052004,2.1215836613313432,"{""family"": ""B1"", ""type"": ""channel"", ""channel_width"": 0.002, ""rib_thickness"": 0.0005, ""n_starts"": 1, ""layout"": ""helical""}"
B1,0.009881823917012608,0.009881823917012608,44.2804425192612,0.2956998167052004,3.733741999169625,"{""family"": ""B1"", ""type"": ""channel"", ""channel_width"": 0.002, ""rib_thickness"": 0.0005, ""n_starts"": 2, ""layout"": ""helical""}"
B1,0.010467268483839083,0.010467268483839083,16.104912310036013,0.2956998167052004,4.137093283316983,"{""family"": ""B1"", ""type"": ""channel"", ""channel_width"": 0.002, ""rib_thickness"": 0.0005, ""n_starts"": 3, ""layout"": ""helical""}"
B1,0.011653840895445529,0.011653840895445529,3.0387566043076917,0.2956998167052004,4.355211596087523,"{""family"": ""B1"", ""type"": ""channel"", ""channel_width"": 0.002, ""rib_thickness"": 0.0005, ""n_starts"": 6, ""layout"": ""helical""}"
B1,0.01432705475429558,0.01432705475429558,0.2006399568666922,0.2956998167052004,4.405657966937913,"{""family"": ""B1"", ""type"": ""channel"", ""channel_width"": 0.002, ""rib_thickness"": 0.0005, ""n_starts"": 20, ""layout"": ""helical""}"
B1,0.013260129966425081,0.013260129966425081,0.2867118272037285,0.33319441086652923,9.244391414695517,"{""family"": ""B1"", ""type"": ""channel"", ""channel_width"": 0.00175, ""rib_thickness"": 0.00075, ""n_starts"": 20, ""layout"": ""helical""}"
B1,0.012427659711430608,0.012427659711430608,0.435149811459368,0.37068900502785807,15.37559254960188,"{""family"": ""B1"", ""type"": ""channel"", ""channel_width"": 0.0015, ""rib_thickness"": 0.001, ""n_starts"": 20, ""layout"": ""helical""}"
B1,0.007714860340816317,0.007714860340816317,1549.1449085480228,0.44567819335051573,1.9430567762890794,"{""family"": ""B1"", ""type"": ""channel"", ""channel_width"": 0.001, ""rib_thickness"": 0.0015, ""n_starts"": 1, ""layout"": ""helical""}"
B1,0.00865374992811965,0.00865374992811965,526.5028613446119,0.2863261681648681,1.096139845810668,"{""family"": ""B1"", ""type"": ""channel"", ""channel_width"": 0.00165, ""rib_thickness"": 0.00035, ""n_starts"": 1, ""layout"": ""helical""}"
B1,0.009416216225852847,0.009416216225852847,91.54838258696938,0.2863261681648681,2.214493695222085,"{""family"": ""B1"", ""type"": ""channel"", ""channel_width"": 0.00165, ""rib_thickness"": 0.00035, ""n_starts"": 2, ""layout"": ""helical""}"
B1,0.00990828409047413,0.00990828409047413,33.30678357437977,0.2863261681648681,2.5646980200766594,"{""family"": ""B1"", ""type"": ""channel"", ""channel_width"": 0.00165, ""rib_thickness"": 0.00035, ""n_starts"": 3, ""layout"": ""helical""}"
B1,0.010290734766075369,0.010290734766075369,16.521797229891828,0.2863261681648681,2.687144013149974,"{""family"": ""B1"", ""type"": ""channel"", ""channel_width"": 0.00165, ""rib_thickness"": 0.00035, ""n_starts"": 4, ""layout"": ""helical""}"
B1,0.010878777253884147,0.010878777253884147,6.296890690343553,0.2863261681648681,2.7676296083223124,"{""family"": ""B1"", ""type"": ""channel"", ""channel_width"": 0.00165, ""rib_thickness"": 0.00035, ""n_starts"": 6, ""layout"": ""helical""}"
B1,0.011331535375725562,0.011331535375725562,3.2285707480834773,0.2863261681648681,2.7927298483973884,"{""family"": ""B1"", ""type"": ""channel"", ""channel_width"": 0.00165, ""rib_thickness"": 0.00035, ""n_starts"": 8, ""layout"": ""helical""}"
B1,0.012019413872492321,0.012019413872492321,1.287095671729055,0.2863261681648681,2.808848238099699,"{""family"": ""B1"", ""type"": ""channel"", ""channel_width"": 0.00165, ""rib_thickness"": 0.00035, ""n_starts"": 12, ""layout"": ""helical""}"
B1,0.012541136896156446,0.012541136896156446,0.6799551845805838,0.2863261681648681,2.813927012735633,"{""family"": ""B1"", ""type"": ""channel"", ""channel_width"": 0.00165, ""rib_thickness"": 0.00035, ""n_starts"": 16, ""layout"": ""helical""}"
B1,0.012963361715658237,0.012963361715658237,0.41765078533663735,0.2863261681648681,2.816126887178901,"{""family"": ""B1"", ""type"": ""channel"", ""channel_width"": 0.00165, ""rib_thickness"": 0.00035, ""n_starts"": 20, ""layout"": ""helical""}"
B1,0.01331848643191856,0.01331848643191856,0.28176325806361996,0.2863261681648681,2.81726788969649,"{""family"": ""B1"", ""type"": ""channel"", ""channel_width"": 0.00165, ""rib_thickness"": 0.00035, ""n_starts"": 24, ""layout"": ""helical""}"
B1,0.008316728632003667,0.008316728632003667,670.6356403465911,0.31444711378586476,1.4700090397349679,"{""family"": ""B1"", ""type"": ""channel"", ""channel_width"": 0.0015, ""rib_thickness"": 0.0005, ""n_starts"": 1, ""layout"": ""helical""}"
B1,0.012115035879344305,0.012115035879344305,0.5410246027001262,0.31444711378586476,5.497966256993358,"{""family"": ""B1"", ""type"": ""channel"", ""channel_width"": 0.0015, ""rib_thickness"": 0.0005, ""n_starts"": 20, ""layout"": ""helical""}"
B1,0.01243603062866512,0.01243603062866512,0.3652208026976721,0.31444711378586476,5.501914859043652,"{""family"": ""B1"", ""type"": ""channel"", ""channel_width"": 0.0015, ""rib_thickness"": 0.0005, ""n_starts"": 24, ""layout"": ""helical""}"
B1,0.007922635478886289,0.007922635478886289,1073.747382003246,0.3613153564875258,1.6124242760640808,"{""family"": ""B1"", ""type"": ""channel"", ""channel_width"": 0.00125, ""rib_thickness"": 0.00075, ""n_starts"": 1, ""layout"": ""helical""}"
B1,0.01141521020083636,0.01141521020083636,0.6027965716402899,0.3613153564875258,11.531770292490517,"{""family"": ""B1"", ""type"": ""channel"", ""channel_width"": 0.00125, ""rib_thickness"": 0.00075, ""n_starts"": 24, ""layout"": ""helical""}"
B1,0.0076239040291687325,0.0076239040291687325,1934.5070523640331,0.4081835991891869,1.2917111376572283,"{""family"": ""B1"", ""type"": ""channel"", ""channel_width"": 0.001, ""rib_thickness"": 0.001, ""n_starts"": 1, ""layout"": ""helical""}"
B1,0.008173605267479291,0.008173605267479291,344.7394176139135,0.4081835991891869,5.543328764818417,"{""family"": ""B1"", ""type"": ""channel"", ""channel_width"": 0.001, ""rib_thickness"": 0.001, ""n_starts"": 2, ""layout"": ""helical""}"
B1,0.0086803165566515,0.0086803165566515,63.016137462488544,0.4081835991891869,13.27901556541863,"{""family"": ""B1"", ""type"": ""channel"", ""channel_width"": 0.001, ""rib_thickness"": 0.001, ""n_starts"": 4, ""layout"": ""helical""}"
B1,0.00878631691797387,0.00878631691797387,199.24620042969312,0.2994492761213332,2.119860356138947,"{""family"": ""B1"", ""type"": ""channel"", ""channel_width"": 0.0013166666666666667, ""rib_thickness"": 0.00035, ""n_starts"": 2, ""layout"": ""helical""}"
B1,0.009166183112051767,0.009166183112051767,72.63146838920522,0.2994492761213332,2.779402907062009,"{""family"": ""B1"", ""type"": ""channel"", ""channel_width"": 0.0013166666666666667, ""rib_thickness"": 0.00035, ""n_starts"": 3, ""layout"": ""helical""}"
B1,0.009459770958167834,0.009459770958167834,36.097563345800104,0.2994492761213332,3.0534447957005195,"{""family"": ""B1"", ""type"": ""channel"", ""channel_width"": 0.0013166666666666667, ""rib_thickness"": 0.00035, ""n_starts"": 4, ""layout"": ""helical""}"
B1,0.00990837833166748,0.00990837833166748,13.802043565415437,0.2994492761213332,3.2489045142350035,"{""family"": ""B1"", ""type"": ""channel"", ""channel_width"": 0.0013166666666666667, ""rib_thickness"": 0.00035, ""n_starts"": 6, ""layout"": ""helical""}"
B1,0.010251558225952787,0.010251558225952787,7.0943290123487985,0.2994492761213332,3.312696580790337,"{""family"": ""B1"", ""type"": ""channel"", ""channel_width"": 0.0013166666666666667, ""rib_thickness"": 0.00035, ""n_starts"": 8, ""layout"": ""helical""}"
B1,0.010769558501423764,0.010769558501423764,2.8382286212513823,0.2994492761213332,3.3544870134281433,"{""family"": ""B1"", ""type"": ""channel"", ""channel_width"": 0.0013166666666666667, ""rib_thickness"": 0.00035, ""n_starts"": 12, ""layout"": ""helical""}"
B1,0.011159980977759922,0.011159980977759922,1.5028948877169306,0.2994492761213332,3.367816486640485,"{""family"": ""B1"", ""type"": ""channel"", ""channel_width"": 0.0013166666666666667, ""rib_thickness"": 0.00035, ""n_starts"": 16, ""layout"": ""helical""}"
B1,0.011474560124341449,0.011474560124341449,0.9245964680641963,0.2994492761213332,3.3736220247897344,"{""family"": ""B1"", ""type"": ""channel"", ""channel_width"": 0.0013166666666666667, ""rib_thickness"": 0.00035, ""n_starts"": 20, ""layout"": ""helical""}"
B1,0.011738265365031256,0.011738265365031256,0.6244483494352061,0.2994492761213332,3.3766430994589296,"{""family"": ""B1"", ""type"": ""channel"", ""channel_width"": 0.0013166666666666667, ""rib_thickness"": 0.00035, ""n_starts"": 24, ""layout"": ""helical""}"
B1,0.007997224428050145,0.007997224428050145,520.7049708611512,0.3894363021085224,3.474514806452558,"{""family"": ""B1"", ""type"": ""channel"", ""channel_width"": 0.0009166666666666668, ""rib_thickness"": 0.00075, ""n_starts"": 2, ""layout"": ""helical""}"
B1,0.00824321805902003,0.00824321805902003,191.0580824394469,0.3894363021085224,6.617166370672269,"{""family"": ""B1"", ""type"": ""channel"", ""channel_width"": 0.0009166666666666668, ""rib_thickness"": 0.00075, ""n_starts"": 3, ""layout"": ""helical""}"
B1,0.008435673476480894,0.008435673476480894,95.47504998894338,0.3894363021085224,8.966824716471407,"{""family"": ""B1"", ""type"": ""channel"", ""channel_width"": 0.0009166666666666668, ""rib_thickness"": 0.00075, ""n_starts"": 4, ""layout"": ""helical""}"
B1,0.008734224142687277,0.008734224142687277,36.812706963499934,0.3894363021085224,11.462220625775364,"{""family"": ""B1"", ""type"": ""channel"", ""channel_width"": 0.0009166666666666668, ""rib_thickness"": 0.00075, ""n_starts"": 6, ""layout"": ""helical""}"
B1,0.008966352209141883,0.008966352209141883,19.03804451150541,0.3894363021085224,12.516650014950587,"{""family"": ""B1"", ""type"": ""channel"", ""channel_width"": 0.0009166666666666668, ""rib_thickness"": 0.00075, ""n_starts"": 8, ""layout"": ""helical""}"
B1,0.00932256950967758,0.00932256950967758,7.68070313386153,0.3894363021085224,13.297868118569323,"{""family"": ""B1"", ""type"": ""channel"", ""channel_width"": 0.0009166666666666668, ""rib_thickness"": 0.00075, ""n_starts"": 12, ""layout"": ""helical""}"
B1,0.00959526641913283,0.00959526641913283,4.089720597291072,0.3894363021085224,13.565485374133617,"{""family"": ""B1"", ""type"": ""channel"", ""channel_width"": 0.0009166666666666668, ""rib_thickness"": 0.00075, ""n_starts"": 16, ""layout"": ""helical""}"
B1,0.00981731685697715,0.00981731685697715,2.5261085333660227,0.3894363021085224,13.68539431472011,"{""family"": ""B1"", ""type"": ""channel"", ""channel_width"": 0.0009166666666666668, ""rib_thickness"": 0.00075, ""n_starts"": 20, ""layout"": ""helical""}"
B1,0.010004889753828189,0.010004889753828189,1.7112580164883362,0.3894363021085224,13.748723219353577,"{""family"": ""B1"", ""type"": ""channel"", ""channel_width"": 0.0009166666666666668, ""rib_thickness"": 0.00075, ""n_starts"": 24, ""layout"": ""helical""}"
B1,0.008339468416282338,0.008339468416282338,394.21249202751045,0.3125723840777983,1.8097867459053119,"{""family"": ""B1"", ""type"": ""channel"", ""channel_width"": 0.0010785714285714285, ""rib_thickness"": 0.00035, ""n_starts"": 2, ""layout"": ""helical""}"
B1,0.008642503257978908,0.008642503257978908,144.13465735411802,0.3125723840777983,2.756729010611785,"{""family"": ""B1"", ""type"": ""channel"", ""channel_width"": 0.0010785714285714285, ""rib_thickness"": 0.00035, ""n_starts"": 3, ""layout"": ""helical""}"
B1,0.008875660109497432,0.008875660109497432,71.81991112332621,0.3125723840777983,3.2480098663789976,"{""family"": ""B1"", ""type"": ""channel"", ""channel_width"": 0.0010785714285714285, ""rib_thickness"": 0.00035, ""n_starts"": 4, ""layout"": ""helical""}"
B1,0.009230097191288984,0.009230097191288984,27.57221202178802,0.3125723840777983,3.645429956102555,"{""family"": ""B1"", ""type"": ""channel"", ""channel_width"": 0.0010785714285714285, ""rib_thickness"": 0.00035, ""n_starts"": 6, ""layout"": ""helical""}"
B1,0.009499742024461978,0.009499742024461978,14.214792956961205,0.3125723840777983,3.7852241272477656,"{""family"": ""B1"", ""type"": ""channel"", ""channel_width"": 0.0010785714285714285, ""rib_thickness"": 0.00035, ""n_starts"": 8, ""layout"": ""helical""}"
B1,0.009904385319451906,0.009904385319451906,5.710360175923324,0.3125723840777983,3.8799478314947007,"{""family"": ""B1"", ""type"": ""channel"", ""channel_width"": 0.0010785714285714285, ""rib_thickness"": 0.00035, ""n_starts"": 12, ""layout"": ""helical""}"
B1,0.010207615823348648,0.010207615823348648,3.0318534825038794,0.3125723840777983,3.9107697783851187,"{""family"": ""B1"", ""type"": ""channel"", ""channel_width"": 0.0010785714285714285, ""rib_thickness"": 0.00035, ""n_starts"": 16, ""layout"": ""helical""}"
B1,0.010450934010793032,0.010450934010793032,1.8686910030170565,0.3125723840777983,3.924307292150085,"{""family"": ""B1"", ""type"": ""channel"", ""channel_width"": 0.0010785714285714285, ""rib_thickness"": 0.00035, ""n_starts"": 20, ""layout"": ""helical""}"
B1,0.010654259151736638,0.010654259151736638,1.2637388593869368,0.3125723840777983,3.93138512206952,"{""family"": ""B1"", ""type"": ""channel"", ""channel_width"": 0.0010785714285714285, ""rib_thickness"": 0.00035, ""n_starts"": 24, ""layout"": ""helical""}"
B1,0.010981663686773604,0.010981663686773604,0.6866245250476156,0.3125723840777983,3.9381610623488372,"{""family"": ""B1"", ""type"": ""channel"", ""channel_width"": 0.0010785714285714285, ""rib_thickness"": 0.00035, ""n_starts"": 32, ""layout"": ""helical""}"
B1,0.008012800953532455,0.008012800953532455,586.656648864037,0.3519417079471936,2.262433641348612,"{""family"": ""B1"", ""type"": ""channel"", ""channel_width"": 0.0009285714285714286, ""rib_thickness"": 0.0005, ""n_starts"": 2, ""layout"": ""helical""}"
B1,0.008259613881654916,0.008259613881654916,215.16421195704075,0.3519417079471936,4.095678443426833,"{""family"": ""B1"", ""type"": ""channel"", ""channel_width"": 0.0009285714285714286, ""rib_thickness"": 0.0005, ""n_starts"": 3, ""layout"": ""helical""}"
B1,0.008450260162221536,0.008450260162221536,107.48485959388424,0.3519417079471936,5.352116416395404,"{""family"": ""B1"", ""type"": ""channel"", ""channel_width"": 0.0009285714285714286, ""rib_thickness"": 0.0005, ""n_starts"": 4, ""layout"": ""helical""}"
B1,0.008741755939826651,0.008741755939826651,41.42248717643045,0.3519417079471936,6.592174423383509,"{""family"": ""B1"", ""type"": ""channel"", ""channel_width"": 0.0009285714285714286, ""rib_thickness"": 0.0005, ""n_starts"": 6, ""layout"": ""helical""}"
B1,0.008965066468665081,0.008965066468665081,21.41413421322123,0.3519417079471936,7.0894465493013294,"{""family"": ""B1"", ""type"": ""channel"", ""channel_width"": 0.0009285714285714286, ""rib_thickness"": 0.0005, ""n_starts"": 8, ""layout"": ""helical""}"
B1,0.009302808521352868,0.009302808521352868,8.634616742826731,0.3519417079471936,7.448219139740156,"{""family"": ""B1"", ""type"": ""channel"", ""channel_width"": 0.0009285714285714286, ""rib_thickness"": 0.0005, ""n_starts"": 12, ""layout"": ""helical""}"
B1,0.00955792238247723,0.00955792238247723,4.595665393108653,0.3519417079471936,7.569266396549692,"{""family"": ""B1"", ""type"": ""channel"", ""channel_width"": 0.0009285714285714286, ""rib_thickness"": 0.0005, ""n_starts"": 16, ""layout"": ""helical""}"
B1,0.009763802516167212,0.009763802516167212,2.8374942597360127,0.3519417079471936,7.623193833299341,"{""family"": ""B1"", ""type"": ""channel"", ""channel_width"": 0.0009285714285714286, ""rib_thickness"": 0.0005, ""n_starts"": 20, ""layout"": ""helical""}"
B1,0.009936588183521278,0.009936588183521278,1.9214424191814639,0.3519417079471936,7.65159632336184,"{""family"": ""B1"", ""type"": ""channel"", ""channel_width"": 0.0009285714285714286, ""rib_thickness"": 0.0005, ""n_starts"": 24, ""layout"": ""helical""}"
B1,0.010216124684105305,0.010216124684105305,1.0459384835549217,0.3519417079471936,7.678939666040781,"{""family"": ""B1"", ""type"": ""channel"", ""channel_width"": 0.0009285714285714286, ""rib_thickness"": 0.0005, ""n_starts"": 32, ""layout"": ""helical""}"
B1,0.00800758758692593,0.00800758758692593,728.1467029356638,0.3256954920342634,1.4168406313706234,"{""family"": ""B1"", ""type"": ""channel"", ""channel_width"": 0.0009, ""rib_thickness"": 0.00035, ""n_starts"": 2, ""layout"": ""helical""}"
B1,0.008255247991608976,0.008255247991608976,267.22443640298593,0.3256954920342634,2.5041348412515205,"{""family"": ""B1"", ""type"": ""channel"", ""channel_width"": 0.0009, ""rib_thickness"": 0.00035, ""n_starts"": 3, ""layout"": ""helical""}"
B1,0.00844510949693252,0.00844510949693252,133.5590549169175,0.3256954920342634,3.220687202682501,"{""family"": ""B1"", ""type"": ""channel"", ""channel_width"": 0.0009, ""rib_thickness"": 0.00035, ""n_starts"": 4, ""layout"": ""helical""}"
B1,0.00873250043926547,0.00873250043926547,51.50980308423474,0.3256954920342634,3.9067109919491325,"{""family"": ""B1"", ""type"": ""channel"", ""channel_width"": 0.0009, ""rib_thickness"": 0.00035, ""n_starts"": 6, ""layout"": ""helical""}"
B1,0.008950107275071869,0.008950107275071869,26.643064541765536,0.3256954920342634,4.176251409074709,"{""family"": ""B1"", ""type"": ""channel"", ""channel_width"": 0.0009, ""rib_thickness"": 0.00035, ""n_starts"": 8, ""layout"": ""helical""}"
B1,0.009274981537868808,0.009274981537868808,10.750318218571227,0.3256954920342634,4.368876120125695,"{""family"": ""B1"", ""type"": ""channel"", ""channel_width"": 0.0009, ""rib_thickness"": 0.00035, ""n_starts"": 12, ""layout"": ""helical""}"
B1,0.009517156595332118,0.009517156595332118,5.723947180574602,0.3256954920342634,4.433546109846151,"{""family"": ""B1"", ""type"": ""channel"", ""channel_width"": 0.0009, ""rib_thickness"": 0.00035, ""n_starts"": 16, ""layout"": ""helical""}"
B1,0.009710733181414116,0.009710733181414116,3.534897316402212,0.3256954920342634,4.462312363473624,"{""family"": ""B1"", ""type"": ""channel"", ""channel_width"": 0.0009, ""rib_thickness"": 0.00035, ""n_starts"": 20, ""layout"": ""helical""}"
B1,0.009872008055003567,0.009872008055003567,2.3939389735805148,0.3256954920342634,4.477453979046339,"{""family"": ""B1"", ""type"": ""channel"", ""channel_width"": 0.0009, ""rib_thickness"": 0.00035, ""n_starts"": 24, ""layout"": ""helical""}"
B1,0.010130828644345937,0.010130828644345937,1.3030846260560447,0.3256954920342634,4.492026950018829,"{""family"": ""B1"", ""type"": ""channel"", ""channel_width"": 0.0009, ""rib_thickness"": 0.00035, ""n_starts"": 32, ""layout"": ""helical""}"
B1,0.010333951671924376,0.010333951671924376,0.8173155244948185,0.3256954920342634,4.498546984190687,"{""family"": ""B1"", ""type"": ""channel"", ""channel_width"": 0.0009, ""rib_thickness"": 0.00035, ""n_starts"": 40, ""layout"": ""helical""}"
B1s,0.0708988247483285,0.06533098894033565,0.006380161970911245,0.23650184575514066,1.3244066932132037,"{""family"": ""B1s"", ""type"": ""channel"", ""channel_width"": 0.015916666666666666, ""rib_thickness"": 0.00075, ""n_starts"": 1, ""layout"": ""circumferential""}"
B1s,0.07032941681959867,0.06474210168961773,0.006537415619436574,0.24176558487934,2.212070779099144,"{""family"": ""B1s"", ""type"": ""channel"", ""channel_width"": 0.015666666666666666, ""rib_thickness"": 0.001, ""n_starts"": 1, ""layout"": ""circumferential""}"
B1s,0.06970219319592408,0.06409337691503533,0.006873646830715914,0.25229306312773864,4.433710410184942,"{""family"": ""B1s"", ""type"": ""channel"", ""channel_width"": 0.015166666666666667, ""rib_thickness"": 0.0015, ""n_starts"": 1, ""layout"": ""circumferential""}"
B1s,0.06480559485108021,0.05902719352345581,0.006943814748004776,0.24176558487934,1.762628375339258,"{""family"": ""B1s"", ""type"": ""channel"", ""channel_width"": 0.01175, ""rib_thickness"": 0.00075, ""n_starts"": 1, ""layout"": ""circumferential""}"
B1s,0.06412598498061603,0.058323781325337935,0.007192071867540804,0.24878390371160575,2.9442469481506355,"{""family"": ""B1s"", ""type"": ""channel"", ""channel_width"": 0.0115, ""rib_thickness"": 0.001, ""n_starts"": 1, ""layout"": ""circumferential""}"
B1s,0.06111763467193984,0.055209186401226115,0.007332038830170383,0.2382564254632071,1.0444974371898608,"{""family"": ""B1s"", ""type"": ""channel"", ""channel_width"": 0.0095, ""rib_thickness"": 0.0005, ""n_starts"": 1, ""layout"": ""circumferential""}"
B1s,0.059840184899846015,0.0538861520039374,0.0076787563539456195,0.24702932400353933,2.200811597178675,"{""family"": ""B1s"", ""type"": ""channel"", ""channel_width"": 0.00925, ""rib_thickness"": 0.00075, ""n_starts"": 1, ""layout"": ""circumferential""}"
B1s,0.05906907906852845,0.05308738351923785,0.008055698836787356,0.2558022225438715,3.6763730369985343,"{""family"": ""B1s"", ""type"": ""channel"", ""channel_width"": 0.009000000000000001, ""rib_thickness"": 0.001, ""n_starts"": 1, ""layout"": ""circumferential""}"
B1s,0.057069468044823324,0.051015490596127054,0.008108141471835351,0.24176558487934,1.25240584556694,"{""family"": ""B1s"", ""type"": ""channel"", ""channel_width"": 0.007833333333333333, ""rib_thickness"": 0.0005, ""n_starts"": 1, ""layout"": ""circumferential""}"
B1s,0.05571377125079402,0.0496103072709246,0.008609485025091635,0.25229306312773864,2.638971369255364,"{""family"": ""B1s"", ""type"": ""channel"", ""channel_width"": 0.007583333333333333, ""rib_thickness"": 0.00075, ""n_starts"": 1, ""layout"": ""circumferential""}"
B1s,0.05364576345743301,0.047465993529830816,0.00904985404985632,0.24527474429547289,1.4603042981391967,"{""family"": ""B1s"", ""type"": ""channel"", ""channel_width"": 0.006642857142857143, ""rib_thickness"": 0.0005, ""n_starts"": 1, ""layout"": ""circumferential""}"
B1s,0.05222916903938397,0.04599651058316397,0.009758606784258023,0.257556802251938,3.077113164546468,"{""family"": ""B1s"", ""type"": ""channel"", ""channel_width"": 0.006392857142857144, ""rib_thickness"": 0.00075, ""n_starts"": 1, ""layout"": ""circumferential""}"
B1s,0.050712123463328866,0.044422218824347465,0.010167192767212507,0.24878390371160575,1.6681951877989305,"{""family"": ""B1s"", ""type"": ""channel"", ""channel_width"": 0.00575, ""rib_thickness"": 0.0005, ""n_starts"": 1, ""layout"": ""circumferential""}"
B1s,0.04924693263013788,0.04290109490007967,0.01114919714214496,0.2628205413761373,3.5152386541992504,"{""family"": ""B1s"", ""type"": ""channel"", ""channel_width"": 0.0055000000000000005, ""rib_thickness"": 0.00075, ""n_starts"": 1, ""layout"": ""circumferential""}"
B1s,0.047455452708324505,0.04104029066661821,0.012057038108422229,0.24527474429547289,1.0639270850756868,"{""family"": ""B1s"", ""type"": ""channel"", ""channel_width"": 0.0046500000000000005, ""rib_thickness"": 0.00035, ""n_starts"": 1, ""layout"": ""circumferential""}"
B1s,0.04594687469964356,0.03947246613143679,0.012970563800523959,0.2558022225438715,2.0839580532500945,"{""family"": ""B1s"", ""type"": ""channel"", ""channel_width"": 0.0045000000000000005, ""rib_thickness"": 0.0005, ""n_starts"": 1, ""layout"": ""circumferential""}"
B1s,0.04440922495793696,0.03787353423194274,0.01475857395175994,0.2733480196245359,4.391438760498053,"{""family"": ""B1s"", ""type"": ""channel"", ""channel_width"": 0.00425, ""rib_thickness"": 0.00075, ""n_starts"": 1, ""layout"": ""circumferential""}"
B1s,0.043753554053869145,0.037191438019474006,0.0151087929517049,0.2501875674780589,1.276167668040379,"{""family"": ""B1s"", ""type"": ""channel"", ""channel_width"": 0.0038166666666666666, ""rib_thickness"": 0.00035, ""n_starts"": 1, ""layout"": ""circumferential""}"
B1s,0.04224292311435829,0.03561920740094256,0.01661260578279885,0.2628205413761373,2.499696775703382,"{""family"": ""B1s"", ""type"": ""channel"", ""channel_width"": 0.0036666666666666666, ""rib_thickness"": 0.0005, ""n_starts"": 1, ""layout"": ""circumferential""}"
B1s,0.040653957706706184,0.03396428806203589,0.01968156901474919,0.2838754978729346,5.267558133910331,"{""family"": ""B1s"", ""type"": ""channel"", ""channel_width"": 0.003416666666666667, ""rib_thickness"": 0.00075, ""n_starts"": 1, ""layout"": ""circumferential""}"
B1s,0.04078599053285931,0.034101849185468346,0.018852402309343243,0.25510039066064494,1.4883985569123643,"{""family"": ""B1s"", ""type"": ""channel"", ""channel_width"": 0.0032214285714285717, ""rib_thickness"": 0.00035, ""n_starts"": 1, ""layout"": ""circumferential""}"
B1s,0.03928230658086342,0.03253466044862376,0.021210346150741795,0.2698388602084031,2.915408959330359,"{""family"": ""B1s"", ""type"": ""channel"", ""channel_width"": 0.0030714285714285717, ""rib_thickness"": 0.0005, ""n_starts"": 1, ""layout"": ""circumferential""}"
B1s,0.037655077885196085,0.030837281694915616,0.02623786841824737,0.29440297612133326,6.14357110682653,"{""family"": ""B1s"", ""type"": ""channel"", ""channel_width"": 0.002821428571428572, ""rib_thickness"": 0.00075, ""n_starts"": 1, ""layout"": ""circumferential""}"
B1s,0.03642133147349424,0.02954926992626147,0.03323191363934692,0.31896709203426343,10.263532200659824,"{""family"": ""B1s"", ""type"": ""channel"", ""channel_width"": 0.0025714285714285717, ""rib_thickness"": 0.001, ""n_starts"": 1, ""layout"": ""circumferential""}"
B1s,0.03835478393570298,0.03156734287795403,0.023352541054806244,0.26001321384323095,1.7006193553594708,"{""family"": ""B1s"", ""type"": ""channel"", ""channel_width"": 0.002775, ""rib_thickness"": 0.00035, ""n_starts"": 1, ""layout"": ""circumferential""}"
B1s,0.036862654911668596,0.030010116702522346,0.026908900252108545,0.27685717904066887,3.331089617356366,"{""family"": ""B1s"", ""type"": ""channel"", ""channel_width"": 0.002625, ""rib_thickness"": 0.0005, ""n_starts"": 1, ""layout"": ""circumferential""}"
B1s,0.03520568046844616,0.028279162543131557,0.03484992671325061,0.3049304543697319,7.019440135237873,"{""family"": ""B1s"", ""type"": ""channel"", ""channel_width"": 0.0023750000000000004, ""rib_thickness"": 0.00075, ""n_starts"": 1, ""layout"": ""circumferential""}"
B1s,0.03461099057052066,0.027657453510928773,0.034947881861632106,0.2698388602084031,2.125025625815182,"{""family"": ""B1s"", ""type"": ""channel"", ""channel_width"": 0.00215, ""rib_thickness"": 0.00035, ""n_starts"": 1, ""layout"": ""circumferential""}"
B1s,0.033147491163112275,0.026126327028262498,0.04235911847918392,0.2908938167052003,4.162326006492189,"{""family"": ""B1s"", ""type"": ""channel"", ""channel_width"": 0.002, ""rib_thickness"": 0.0005, ""n_starts"": 1, ""layout"": ""circumferential""}"
B1s,0.0312895206601853,0.024179982351326276,0.05539008296208424,0.2821209181648682,2.6554459777654644,"{""family"": ""B1s"", ""type"": ""channel"", ""channel_width"": 0.00165, ""rib_thickness"": 0.00035, ""n_starts"": 1, ""layout"": ""circumferential""}"
B1s,0.02986316667973867,0.022683676549927544,0.07193775376798676,0.30843961378586476,5.2010199958408885,"{""family"": ""B1s"", ""type"": ""channel"", ""channel_width"": 0.0015, ""rib_thickness"": 0.0005, ""n_starts"": 1, ""layout"": ""circumferential""}"
B1s,0.028892701686441064,0.02166447608103371,0.084461175642015,0.29440297612133326,3.185725125209095,"{""family"": ""B1s"", ""type"": ""channel"", ""channel_width"": 0.0013166666666666667, ""rib_thickness"": 0.00035, ""n_starts"": 1, ""layout"": ""circumferential""}"
B1s,0.02750036594907739,0.020200473412304534,0.11846069383472323,0.3259854108665292,6.239063575380663,"{""family"": ""B1s"", ""type"": ""channel"", ""channel_width"": 0.0011666666666666668, ""rib_thickness"": 0.0005, ""n_starts"": 1, ""layout"": ""circumferential""}"
B1s,0.02708243678566767,0.019760607236827574,0.12510652165857938,0.30668503407779835,3.7157942727667046,"{""family"": ""B1s"", ""type"": ""channel"", ""channel_width"": 0.0010785714285714285, ""rib_thickness"": 0.00035, ""n_starts"": 1, ""layout"": ""circumferential""}"
B1s,0.025666818304536525,0.018269122605752214,0.1813863416904335,0.31896709203426343,4.245553142408065,"{""family"": ""B1s"", ""type"": ""channel"", ""channel_width"": 0.0009, ""rib_thickness"": 0.00035, ""n_starts"": 1, ""layout"": ""circumferential""}"
B2,0.023883797985925416,0.01634578874468027,0.37921955571905247,0.29089381670520037,9.023611815407364,"{""family"": ""B2"", ""type"": ""uniform_lattice"", ""rho"": 0.2, ""L"": 0.002, ""w"": 0.0, ""a_z"": 1.0}"
B2,0.024344128122918862,0.01683192435677296,0.31953238683299123,0.29089381670520037,9.035553240410056,"{""family"": ""B2"", ""type"": ""uniform_lattice"", ""rho"": 0.2, ""L"": 0.00225, ""w"": 0.0, ""a_z"": 1.0}"
B2,0.02476542319951579,0.017276394943630143,0.2749888471824737,0.29089381670520037,9.044292938179185,"{""family"": ""B2"", ""type"": ""uniform_lattice"", ""rho"": 0.2, ""L"": 0.0025, ""w"": 0.0, ""a_z"": 1.0}"
B2,0.025153980494799538,0.017685962675312573,0.2406655412377642,0.29089381670520037,9.050864387856807,"{""family"": ""B2"", ""type"": ""uniform_lattice"", ""rho"": 0.2, ""L"": 0.00275, ""w"": 0.0, ""a_z"": 1.0}"
B2,0.025514753951321613,0.018065939421441208,0.21352268301694557,0.29089381670520037,9.05590847862138,"{""family"": ""B2"", ""type"": ""uniform_lattice"", ""rho"": 0.2, ""L"": 0.003, ""w"": 0.0, ""a_z"": 1.0}"
B2,0.025851699405202617,0.0184205615107682,0.19159354872344847,0.29089381670520037,9.059841260489994,"{""family"": ""B2"", ""type"": ""uniform_lattice"", ""rho"": 0.2, ""L"": 0.00325, ""w"": 0.0, ""a_z"": 1.0}"
B2,0.02616801513323442,0.018753250298517855,0.17355556435166158,0.29089381670520037,9.062943261286161,"{""family"": ""B2"", ""type"": ""uniform_lattice"", ""rho"": 0.2, ""L"": 0.0035, ""w"": 0.0, ""a_z"": 1.0}"
B2,0.02646631488922984,0.01906679922685364,0.15849001091682666,0.29089381670520037,9.065409766095541,"{""family"": ""B2"", ""type"": ""uniform_lattice"", ""rho"": 0.2, ""L"": 0.00375, ""w"": 0.0, ""a_z"": 1.0}"
B2,0.026748755372820697,0.01936351137160258,0.14574083287126935,0.29089381670520037,9.067380473201103,"{""family"": ""B2"", ""type"": ""uniform_lattice"", ""rho"": 0.2, ""L"": 0.004, ""w"": 0.0, ""a_z"": 1.0}"
B2,0.02701713185887133,0.019645302464249722,0.1348282575023537,0.29089381670520037,9.068957693809706,"{""family"": ""B2"", ""type"": ""uniform_lattice"", ""rho"": 0.2, ""L"": 0.00425, ""w"": 0.0, ""a_z"": 1.0}"
B2,0.027272950987770776,0.01991377919444074,0.12539408137972802,0.29089381670520037,9.070217909333449,"{""family"": ""B2"", ""type"": ""uniform_lattice"", ""rho"": 0.2, ""L"": 0.0045, ""w"": 0.0, ""a_z"": 1.0}"
B2,0.027517486844242534,0.02017029946043114,0.1171659541296574,0.29089381670520037,9.071219332032891,"{""family"": ""B2"", ""type"": ""uniform_lattice"", ""rho"": 0.2, ""L"": 0.00475, ""w"": 0.0, ""a_z"": 1.0}"
B2,0.02775182460669708,0.020416019212582903,0.10993343881530965,0.29089381670520037,9.072006981956548,"{""family"": ""B2"", ""type"": ""uniform_lattice"", ""rho"": 0.2, ""L"": 0.005, ""w"": 0.0, ""a_z"": 1.0}"
B2,0.02797689483900071,0.020651929218959524,0.10353158635884929,0.29089381670520037,9.072616175810124,"{""family"": ""B2"", ""type"": ""uniform_lattice"", ""rho"": 0.2, ""L"": 0.00525, ""w"": 0.0, ""a_z"": 1.0}"
B2,0.0281935006527911,0.02087888416214836,0.09782942845440609,0.29089381670520037,9.07307497442994,"{""family"": ""B2"", ""type"": ""uniform_lattice"", ""rho"": 0.2, ""L"": 0.0055, ""w"": 0.0, ""a_z"": 1.0}"
B2,0.02840233939000575,0.021097625848114882,0.09272176433585391,0.29089381670520037,9.073405931747173,"{""family"": ""B2"", ""type"": ""uniform_lattice"", ""rho"": 0.2, ""L"": 0.00575, ""w"": 0.0, ""a_z"": 1.0}"
B2,0.02860402005432363,0.021308801852502012,0.08812319910707908,0.29089381670520037,9.073627365617835,"{""family"": ""B2"", ""type"": ""uniform_lattice"", ""rho"": 0.2, ""L"": 0.006, ""w"": 0.0, ""a_z"": 1.0}"
B2,0.02350195874793299,0.01593564311013652,0.4301191308619745,0.29966671524553257,10.698406222558566,"{""family"": ""B2"", ""type"": ""uniform_lattice"", ""rho"": 0.225, ""L"": 0.002, ""w"": 0.0, ""a_z"": 1.0}"
B2,0.023944910983950737,0.01640362318849409,0.36232642745119026,0.29966671524553257,10.714881587569955,"{""family"": ""B2"", ""type"": ""uniform_lattice"", ""rho"": 0.225, ""L"": 0.00225, ""w"": 0.0, ""a_z"": 1.0}"
B2,0.024350975372035774,0.01683217727606857,0.31174439981619734,0.29966671524553257,10.727031448117696,"{""family"": ""B2"", ""type"": ""uniform_lattice"", ""rho"": 0.225, ""L"": 0.0025, ""w"": 0.0, ""a_z"": 1.0}"
B2,0.024726163393072126,0.01722777009429388,0.272775492263496,0.29966671524553257,10.736251148879852,"{""family"": ""B2"", ""type"": ""uniform_lattice"", ""rho"": 0.225, ""L"": 0.00275, ""w"": 0.0, ""a_z"": 1.0}"
B2,0.02507519523368458,0.017595470169135444,0.2419642237435787,0.29966671524553257,10.743406382197172,"{""family"": ""B2"", ""type"": ""uniform_lattice"", ""rho"": 0.225, ""L"": 0.003, ""w"": 0.0, ""a_z"": 1.0}"
B2,0.025401830629968272,0.017939309591258588,0.21707525060933444,0.29966671524553257,10.749059319068996,"{""family"": ""B2"", ""type"": ""uniform_lattice"", ""rho"": 0.225, ""L"": 0.00325, ""w"": 0.0, ""a_z"": 1.0}"
B2,0.025709100624733427,0.0182625354489293,0.19660557051729075,0.29966671524553257,10.753589100602941,"{""family"": ""B2"", ""type"": ""uniform_lattice"", ""rho"": 0.225, ""L"": 0.0035, ""w"": 0.0, ""a_z"": 1.0}"
B2,0.02599947485563389,0.018567790929262615,0.17951127066892614,0.29966671524553257,10.757259704724726,"{""family"": ""B2"", ""type"": ""uniform_lattice"", ""rho"": 0.225, ""L"": 0.00375, ""w"": 0.0, ""a_z"": 1.0}"
B2,0.026274984984781348,0.018857248684431345,0.16504698961909897,0.29966671524553257,10.760259992587335,"{""family"": ""B2"", ""type"": ""uniform_lattice"", ""rho"": 0.225, ""L"": 0.004, ""w"": 0.0, ""a_z"": 1.0}"
B2,0.026537317300510156,0.019132710719014397,0.1526677111594937,0.29966671524553257,10.762728293010353,"{""family"": ""B2"", ""type"": ""uniform_lattice"", ""rho"": 0.225, ""L"": 0.00425, ""w"": 0.0, ""a_z"": 1.0}"
B2,0.026787883123914117,0.01939568422556398,0.14196656699189605,0.29966671524553257,10.764768018243165,"{""family"": ""B2"", ""type"": ""uniform_lattice"", ""rho"": 0.225, ""L"": 0.0045, ""w"": 0.0, ""a_z"": 1.0}"
B2,0.027027872941868897,0.019647439817349285,0.13263423930374252,0.29966671524553257,10.766457881697164,"{""family"": ""B2"", ""type"": ""uniform_lattice"", ""rho"": 0.225, ""L"": 0.00475, ""w"": 0.0, ""a_z"": 1.0}"
B2,0.027258298439409294,0.019889056693857834,0.12443175206236659,0.29966671524553257,10.767858760213073,"{""family"": ""B2"", ""type"": ""uniform_lattice"", ""rho"": 0.225, ""L"": 0.005, ""w"": 0.0, ""a_z"": 1.0}"
B2,0.027480025421869548,0.02012145798368527,0.11717180418957973,0.29966671524553257,10.769018410408181,"{""family"": ""B2"", ""type"": ""uniform_lattice"", ""rho"": 0.225, ""L"": 0.00525, ""w"": 0.0, ""a_z"": 1.0}"
B2,0.027693799813818993,0.020345438631214137,0.11070569353183594,0.29966671524553257,10.769974777572816,"{""family"": ""B2"", ""type"": ""uniform_lattice"", ""rho"": 0.225, ""L"": 0.0055, ""w"": 0.0, ""a_z"": 1.0}"
B2,0.027900268346943508,0.020561687570070437,0.10491398460229324,0.29966671524553257,10.770758360398075,"{""family"": ""B2"", ""type"": ""uniform_lattice"", ""rho"": 0.225, ""L"": 0.00575, ""w"": 0.0, ""a_z"": 1.0}"
B2,0.028099995137933383,0.020770805480250537,0.0996997352209229,0.29966671524553257,10.771393929341063,"{""family"": ""B2"", ""type"": ""uniform_lattice"", ""rho"": 0.225, ""L"": 0.006, ""w"": 0.0, ""a_z"": 1.0}"
B2,0.023157651913084453,0.01556484203575541,0.4868828551338094,0.30843961378586476,12.48169994241271,"{""family"": ""B2"", ""type"": ""uniform_lattice"", ""rho"": 0.25, ""L"": 0.002, ""w"": 0.0, ""a_z"": 1.0}"
B2,0.023584213758964877,0.016015675689397817,0.41007714203715817,0.30843961378586476,12.503814411336757,"{""family"": ""B2"", ""type"": ""uniform_lattice"", ""rho"": 0.25, ""L"": 0.00225, ""w"": 0.0, ""a_z"": 1.0}"
B2,0.023975821301822582,0.016429100642098352,0.3527769935794749,0.30843961378586476,12.520204564974835,"{""family"": ""B2"", ""type"": ""uniform_lattice"", ""rho"": 0.25, ""L"": 0.0025, ""w"": 0.0, ""a_z"": 1.0}"
B2,0.024338234946785102,0.0168113204840463,0.3086370686645431,0.30843961378586476,12.532715331536536,"{""family"": ""B2"", ""type"": ""uniform_lattice"", ""rho"": 0.25, ""L"": 0.00275, ""w"": 0.0, ""a_z"": 1.0}"
B2,0.02467596695213203,0.01716718735216532,0.2737406174400767,0.30843961378586476,12.542492008307015,"{""family"": ""B2"", ""type"": ""uniform_lattice"", ""rho"": 0.25, ""L"": 0.003, ""w"": 0.0, ""a_z"": 1.0}"
B2,0.024992601068772477,0.017500550048986596,0.2455541190611671,0.30843961378586476,12.550278664880741,"{""family"": ""B2"", ""type"": ""uniform_lattice"", ""rho"": 0.25, ""L"": 0.00325, ""w"": 0.0, ""a_z"": 1.0}"
B2,0.025291017441075873,0.017814498380107284,0.2223742205638013,0.30843961378586476,12.556577286033153,"{""family"": ""B2"", ""type"": ""uniform_lattice"", ""rho"": 0.25, ""L"": 0.0035, ""w"": 0.0, ""a_z"": 1.0}"
B2,0.02557355531142753,0.018111539524986474,0.20301794616458768,0.30843961378586476,12.561737469801072,"{""family"": ""B2"", ""type"": ""uniform_lattice"", ""rho"": 0.25, ""L"": 0.00375, ""w"": 0.0, ""a_z"": 1.0}"
B2,0.025842133116962533,0.018393727965053144,0.1866407039109731,0.30843961378586476,12.566009384101536,"{""family"": ""B2"", ""type"": ""uniform_lattice"", ""rho"": 0.25, ""L"": 0.004, ""w"": 0.0, ""a_z"": 1.0}"
B2,0.02609833850189499,0.01866276269953895,0.17262496176034328,0.30843961378586476,12.569576290425294,"{""family"": ""B2"", ""type"": ""uniform_lattice"", ""rho"": 0.25, ""L"": 0.00425, ""w"": 0.0, ""a_z"": 1.0}"
B2,0.026343496621296713,0.018920060906842232,0.1605097465465691,0.30843961378586476,12.572575209540249,"{""family"": ""B2"", ""type"": ""uniform_lattice"", ""rho"": 0.25, ""L"": 0.0045, ""w"": 0.0, ""a_z"": 1.0}"
B2,0.026578722520665662,0.019166814362244634,0.14994462923593033,0.30843961378586476,12.575110447256492,"{""family"": ""B2"", ""type"": ""uniform_lattice"", ""rho"": 0.25, ""L"": 0.00475, ""w"": 0.0, ""a_z"": 1.0}"
B2,0.02680496168579705,0.019404033066224693,0.14065888722050998,0.30843961378586476,12.577262680457551,"{""family"": ""B2"", ""type"": ""uniform_lattice"", ""rho"": 0.25, ""L"": 0.005, ""w"": 0.0, ""a_z"": 1.0}"
B2,0.027023021701872003,0.019632579275101782,0.1324403489180571,0.30843961378586476,12.579095203000888,"{""family"": ""B2"", ""type"": ""uniform_lattice"", ""rho"": 0.25, ""L"": 0.00525, ""w"": 0.0, ""a_z"": 1.0}"
B2,0.027233597174781993,0.019853194267073986,0.12512057527603807,0.30843961378586476,12.580658308419142,"{""family"": ""B2"", ""type"": ""uniform_lattice"", ""rho"": 0.25, ""L"": 0.0055, ""w"": 0.0, ""a_z"": 1.0}"
B2,0.027437289493424822,0.020066519552380164,0.11856428445695705,0.30843961378586476,12.581992422474018,"{""family"": ""B2"", ""type"": ""uniform_lattice"", ""rho"": 0.25, ""L"": 0.00575, ""w"": 0.0, ""a_z"": 1.0}"
B2,0.02763462261791131,0.020273113807338084,0.11266167663200155,0.30843961378586476,12.583130379736714,"{""family"": ""B2"", ""type"": ""uniform_lattice"", ""rho"": 0.25, ""L"": 0.006, ""w"": 0.0, ""a_z"": 1.0}"
B2,0.02284428997121864,0.015226447743561402,0.5501742947467273,0.31721251232619696,12.601756257218625,"{""family"": ""B2"", ""type"": ""uniform_lattice"", ""rho"": 0.275, ""L"": 0.002, ""w"": 0.0, ""a_z"": 1.0}"
B2,0.023255316392342226,0.01566100888482294,0.4633554277541896,0.31721251232619696,12.634128369412869,"{""family"": ""B2"", ""type"": ""uniform_lattice"", ""rho"": 0.275, ""L"": 0.00225, ""w"": 0.0, ""a_z"": 1.0}"
B2,0.023633146474362886,0.01605999647654347,0.3985867976882145,0.31721251232619696,12.658387148141923,"{""family"": ""B2"", ""type"": ""uniform_lattice"", ""rho"": 0.275, ""L"": 0.0025, ""w"": 0.0, ""a_z"": 1.0}"
B2,0.023983316853482258,0.016429381516755482,0.3486948236327874,0.31721251232619696,12.677137560683454,"{""family"": ""B2"", ""type"": ""uniform_lattice"", ""rho"": 0.275, ""L"": 0.00275, ""w"": 0.0, ""a_z"": 1.0}"
B2,0.024310152262306067,0.0167738210254658,0.3092516186528457,0.31721251232619696,12.692000477313629,"{""family"": ""B2"", ""type"": ""uniform_lattice"", ""rho"": 0.275, ""L"": 0.003, ""w"": 0.0, ""a_z"": 1.0}"
B2,0.02461707651383855,0.01709699721418983,0.2773931009010896,0.31721251232619696,12.704030813025147,"{""family"": ""B2"", ""type"": ""uniform_lattice"", ""rho"": 0.275, ""L"": 0.00325, ""w"": 0.0, ""a_z"": 1.0}"
B2,0.024906832040698067,0.017401856305108723,0.2511937131763619,0.31721251232619696,12.713941264599363,"{""family"": ""B2"", ""type"": ""uniform_lattice"", ""rho"": 0.275, ""L"": 0.0035, ""w"": 0.0, ""a_z"": 1.0}"
B2,0.02518163889551141,0.01769078109791595,0.22931618570992357,0.31721251232619696,12.722228739015382,"{""family"": ""B2"", ""type"": ""uniform_lattice"", ""rho"": 0.275, ""L"": 0.00375, ""w"": 0.0, ""a_z"": 1.0}"
B2,0.02544331203201074,0.01796571800515553,0.21080578517478776,0.31721251232619696,12.7292491472252,"{""family"": ""B2"", ""type"": ""uniform_lattice"", ""rho"": 0.275, ""L"": 0.004, ""w"": 0.0, ""a_z"": 1.0}"
B2,0.02569334904512278,0.018228271928441255,0.19496446048588512,0.31721251232619696,12.735263415233291,"{""family"": ""B2"", ""type"": ""uniform_lattice"", ""rho"": 0.275, ""L"": 0.00425, ""w"": 0.0, ""a_z"": 1.0}"
B2,0.025932996571797113,0.01847977795644292,0.181271141065045,0.31721251232619696,12.740466759643532,"{""family"": ""B2"", ""type"": ""uniform_lattice"", ""rho"": 0.275, ""L"": 0.0045, ""w"": 0.0, ""a_z"": 1.0}"
B2,0.026163301057107298,0.01872135611285023,0.16932971776281527,0.31721251232619696,12.745007870492328,"{""family"": ""B2"", ""type"": ""uniform_lattice"", ""rho"": 0.275, ""L"": 0.00475, ""w"": 0.0, ""a_z"": 1.0}"
B2,0.026385147921735394,0.01895395355191417,0.15883418173708724,0.31721251232619696,12.749001809946762,"{""family"": ""B2"", ""type"": ""uniform_lattice"", ""rho"": 0.275, ""L"": 0.005, ""w"": 0.0, ""a_z"": 1.0}"
B2,0.026599292038412308,0.01917837736066975,0.14954470923104257,0.31721251232619696,12.752538886468153,"{""family"": ""B2"", ""type"": ""uniform_lattice"", ""rho"": 0.275, ""L"": 0.00525, ""w"": 0.0, ""a_z"": 1.0}"
B2,0.02700697721978211,0.019605380973369512,0.13385987348822123,0.31721251232619696,12.758515529818618,"{""family"": ""B2"", ""type"": ""uniform_lattice"", ""rho"": 0.275, ""L"": 0.00575, ""w"": 0.0, ""a_z"": 1.0}"
B2,0.027201566570285454,0.019809080267699175,0.12718749111392016,0.31721251232619696,12.761059712994667,"{""family"": ""B2"", ""type"": ""uniform_lattice"", ""rho"": 0.275, ""L"": 0.006, ""w"": 0.0, ""a_z"": 1.0}"
B2,0.022553282636591256,0.014911370812935228,0.6215247518543396,0.3259854108665292,12.575275773422891,"{""family"": ""B2"", ""type"": ""uniform_lattice"", ""rho"": 0.3, ""L"": 0.002, ""w"": 0.0, ""a_z"": 1.0}"
B2,0.022949375775803818,0.015330273724483895,0.5234553426662594,0.3259854108665292,12.611701255983526,"{""family"": ""B2"", ""type"": ""uniform_lattice"", ""rho"": 0.3, ""L"": 0.00225, ""w"": 0.0, ""a_z"": 1.0}"
B2,0.023313896420641016,0.015715299253376953,0.4502902611335616,0.3259854108665292,12.639014375551056,"{""family"": ""B2"", ""type"": ""uniform_lattice"", ""rho"": 0.3, ""L"": 0.0025, ""w"": 0.0, ""a_z"": 1.0}"
B2,0.023652176104780306,0.016072205263587092,0.3939279497465501,0.3259854108665292,12.660135689193474,"{""family"": ""B2"", ""type"": ""uniform_lattice"", ""rho"": 0.3, ""L"": 0.00275, ""w"": 0.0, ""a_z"": 1.0}"
B2,0.023968366227175145,0.01640546841679616,0.34936758367776366,0.3259854108665292,12.676884354396451,"{""family"": ""B2"", ""type"": ""uniform_lattice"", ""rho"": 0.3, ""L"": 0.003, ""w"": 0.0, ""a_z"": 1.0}"
B2,0.02426574214702304,0.01671861625534222,0.31337439925484994,0.3259854108665292,12.690445307821733,"{""family"": ""B2"", ""type"": ""uniform_lattice"", ""rho"": 0.3, ""L"": 0.00325, ""w"": 0.0, ""a_z"": 1.0}"
B2,0.02454691833456948,0.017014461529200532,0.2837735677599038,0.3259854108665292,12.70161961066278,"{""family"": ""B2"", ""type"": ""uniform_lattice"", ""rho"": 0.3, ""L"": 0.0035, ""w"": 0.0, ""a_z"": 1.0}"
B2,0.02481400418976579,0.017295271507973727,0.25905466571239716,0.3259854108665292,12.710966076028969,"{""family"": ""B2"", ""type"": ""uniform_lattice"", ""rho"": 0.3, ""L"": 0.00375, ""w"": 0.0, ""a_z"": 1.0}"
B2,0.02506871879673418,0.01756289242668606,0.2381393114466005,0.3259854108665292,12.718885131631733,"{""family"": ""B2"", ""type"": ""uniform_lattice"", ""rho"": 0.3, ""L"": 0.004, ""w"": 0.0, ""a_z"": 1.0}"
B2,0.025312476551226617,0.017818842189656344,0.2202390297261008,0.3259854108665292,12.72567044869316,"{""family"": ""B2"", ""type"": ""uniform_lattice"", ""rho"": 0.3, ""L"": 0.00425, ""w"": 0.0, ""a_z"": 1.0}"
B2,0.025546451761270243,0.0180643802107071,0.20476523761928492,0.3259854108665292,12.73154181252514,"{""family"": ""B2"", ""type"": ""uniform_lattice"", ""rho"": 0.3, ""L"": 0.0045, ""w"": 0.0, ""a_z"": 1.0}"
B2,0.02577162786696853,0.018300560562083876,0.19127049371647026,0.3259854108665292,12.73666667237835,"{""family"": ""B2"", ""type"": ""uniform_lattice"", ""rho"": 0.3, ""L"": 0.00475, ""w"": 0.0, ""a_z"": 1.0}"
B2,0.02598883528041721,0.018528272792938033,0.17940912497389405,0.3259854108665292,12.741174638270437,"{""family"": ""B2"", ""type"": ""uniform_lattice"", ""rho"": 0.3, ""L"": 0.005, ""w"": 0.0, ""a_z"": 1.0}"
B2,0.026198780728261473,0.018748273554184135,0.16891021569158793,0.3259854108665292,12.745167458526833,"{""family"": ""B2"", ""type"": ""uniform_lattice"", ""rho"": 0.3, ""L"": 0.00525, ""w"": 0.0, ""a_z"": 1.0}"
B2,0.02227841618054773,0.014613037932327988,0.7029755131734085,0.33475830940686135,12.54518244602474,"{""family"": ""B2"", ""type"": ""uniform_lattice"", ""rho"": 0.325, ""L"": 0.002, ""w"": 0.0, ""a_z"": 1.0}"
B2,0.02266000044554372,0.015016715433596893,0.5920993242363412,0.33475830940686135,12.586183014335106,"{""family"": ""B2"", ""type"": ""uniform_lattice"", ""rho"": 0.325, ""L"": 0.00225, ""w"": 0.0, ""a_z"": 1.0}"
B2,0.023011529252592883,0.015388101129851098,0.5093714568579659,0.33475830940686135,12.616949706467578,"{""family"": ""B2"", ""type"": ""uniform_lattice"", ""rho"": 0.325, ""L"": 0.0025, ""w"": 0.0, ""a_z"": 1.0}"
B2,0.023338141566347302,0.015732752747665283,0.44563654974585387,0.33475830940686135,12.640755646091053,"{""family"": ""B2"", ""type"": ""uniform_lattice"", ""rho"": 0.325, ""L"": 0.00275, ""w"": 0.0, ""a_z"": 1.0}"
B2,0.02364382541420501,0.0160549769040804,0.39524291094032304,0.33475830940686135,12.659642114041693,"{""family"": ""B2"", ""type"": ""uniform_lattice"", ""rho"": 0.325, ""L"": 0.003, ""w"": 0.0, ""a_z"": 1.0}"
B2,0.02393171620439337,0.016358155271541067,0.3545345269728853,0.33475830940686135,12.674940012211021,"{""family"": ""B2"", ""type"": ""uniform_lattice"", ""rho"": 0.325, ""L"": 0.00325, ""w"": 0.0, ""a_z"": 1.0}"
B2,0.024204308025964755,0.016644974976186007,0.3210531971045654,0.33475830940686135,12.68754977549481,"{""family"": ""B2"", ""type"": ""uniform_lattice"", ""rho"": 0.325, ""L"": 0.0035, ""w"": 0.0, ""a_z"": 1.0}"
B2,0.024463606529441784,0.016917594909418382,0.29309159367201315,0.33475830940686135,12.698099937640304,"{""family"": ""B2"", ""type"": ""uniform_lattice"", ""rho"": 0.325, ""L"": 0.00375, ""w"": 0.0, ""a_z"": 1.0}"
B2,0.024711241260866823,0.01717776769259388,0.2694306837187563,0.33475830940686135,12.707041124711983,"{""family"": ""B2"", ""type"": ""uniform_lattice"", ""rho"": 0.325, ""L"": 0.004, ""w"": 0.0, ""a_z"": 1.0}"
B2,0.02494854922717988,0.01742693025960676,0.24917910366775478,0.33475830940686135,12.714703971886722,"{""family"": ""B2"", ""type"": ""uniform_lattice"", ""rho"": 0.325, ""L"": 0.00425, ""w"": 0.0, ""a_z"": 1.0}"
B2,0.025176637725466185,0.017666271868484556,0.2316714308829146,0.33475830940686135,12.721336024474219,"{""family"": ""B2"", ""type"": ""uniform_lattice"", ""rho"": 0.325, ""L"": 0.0045, ""w"": 0.0, ""a_z"": 1.0}"
B2,0.02539643203870135,0.0178967856723516,0.21640178420093026,0.33475830940686135,12.727125945191506,"{""family"": ""B2"", ""type"": ""uniform_lattice"", ""rho"": 0.325, ""L"": 0.00475, ""w"": 0.0, ""a_z"": 1.0}"
B2,0.025608711975799114,0.01811930818949308,0.20297932292774779,0.33475830940686135,12.732219807384084,"{""family"": ""B2"", ""type"": ""uniform_lattice"", ""rho"": 0.325, ""L"": 0.005, ""w"": 0.0, ""a_z"": 1.0}"
B2,0.025814140104572798,0.01833454977463744,0.1910977167107904,0.33475830940686135,12.736732314152455,"{""family"": ""B2"", ""type"": ""uniform_lattice"", ""rho"": 0.325, ""L"": 0.00525, ""w"": 0.0, ""a_z"": 1.0}"
B2,0.022017640211432408,0.01432932518078599,0.796714503980903,0.3435312079471936,12.510726803079507,"{""family"": ""B2"", ""type"": ""uniform_lattice"", ""rho"": 0.35, ""L"": 0.002, ""w"": 0.0, ""a_z"": 1.0}"
B2,0.022385132211630653,0.01471820537939598,0.6711395430574835,0.3435312079471936,12.55692760834213,"{""family"": ""B2"", ""type"": ""uniform_lattice"", ""rho"": 0.35, ""L"": 0.00225, ""w"": 0.0, ""a_z"": 1.0}"
B2,0.02272398713820261,0.015076277185175672,0.5774307543396738,0.3435312079471936,12.59162734182949,"{""family"": ""B2"", ""type"": ""uniform_lattice"", ""rho"": 0.35, ""L"": 0.0025, ""w"": 0.0, ""a_z"": 1.0}"
B2,0.023039161541669198,0.015408908650577112,0.505226086356079,0.3435312079471936,12.618495337606545,"{""family"": ""B2"", ""type"": ""uniform_lattice"", ""rho"": 0.35, ""L"": 0.00275, ""w"": 0.0, ""a_z"": 1.0}"
B2,0.023334488644290895,0.015720245178162756,0.448128283377272,0.3435312079471936,12.639823259081657,"{""family"": ""B2"", ""type"": ""uniform_lattice"", ""rho"": 0.35, ""L"": 0.003, ""w"": 0.0, ""a_z"": 1.0}"
B2,0.02361297158845335,0.016013530505538463,0.4019986285742935,0.3435312079471936,12.657106939122821,"{""family"": ""B2"", ""type"": ""uniform_lattice"", ""rho"": 0.35, ""L"": 0.00325, ""w"": 0.0, ""a_z"": 1.0}"
B2,0.02387699116550096,0.016291333463195386,0.3640541046127507,0.3435312079471936,12.671359316949433,"{""family"": ""B2"", ""type"": ""uniform_lattice"", ""rho"": 0.35, ""L"": 0.0035, ""w"": 0.0, ""a_z"": 1.0}"
B2,0.024128455850805794,0.01655571137668133,0.33236161193016583,0.3435312079471936,12.683287986863535,"{""family"": ""B2"", ""type"": ""uniform_lattice"", ""rho"": 0.35, ""L"": 0.00375, ""w"": 0.0, ""a_z"": 1.0}"
B2,0.02436891174130337,0.016808329572263102,0.3055407983907115,0.3435312079471936,12.693400575674648,"{""family"": ""B2"", ""type"": ""uniform_lattice"", ""rho"": 0.35, ""L"": 0.004, ""w"": 0.0, ""a_z"": 1.0}"
B2,0.0245996240613183,0.017050549836837,0.2825822602275689,0.3435312079471936,12.702069740752885,"{""family"": ""B2"", ""type"": ""uniform_lattice"", ""rho"": 0.35, ""L"": 0.00425, ""w"": 0.0, ""a_z"": 1.0}"
B2,0.025035826024985785,0.017508106958984786,0.24541824286588174,0.3435312079471936,12.71612803411449,"{""family"": ""B2"", ""type"": ""uniform_lattice"", ""rho"": 0.35, ""L"": 0.00475, ""w"": 0.0, ""a_z"": 1.0}"
B2,0.0217711982133404,0.014060576573330406,0.9051361577184819,0.35230410648752586,12.471109562308758,"{""family"": ""B2"", ""type"": ""uniform_lattice"", ""rho"": 0.375, ""L"": 0.002, ""w"": 0.0, ""a_z"": 1.0}"
B2,0.02212509859644611,0.01443517833998168,0.7626101330848364,0.35230410648752586,12.523240622135189,"{""family"": ""B2"", ""type"": ""uniform_lattice"", ""rho"": 0.375, ""L"": 0.00225, ""w"": 0.0, ""a_z"": 1.0}"
B2,0.022451680414606875,0.014780351612064027,0.6562311192556505,0.35230410648752586,12.562435298759734,"{""family"": ""B2"", ""type"": ""uniform_lattice"", ""rho"": 0.375, ""L"": 0.0025, ""w"": 0.0, ""a_z"": 1.0}"
B2,0.022755727705210966,0.015101284923580706,0.5742489494460054,0.35230410648752586,12.592808909455318,"{""family"": ""B2"", ""type"": ""uniform_lattice"", ""rho"": 0.375, ""L"": 0.00275, ""w"": 0.0, ""a_z"": 1.0}"
B2,0.023310158951970493,0.01568552514285449,0.45701497762442,0.35230410648752586,12.636499048167707,"{""family"": ""B2"", ""type"": ""uniform_lattice"", ""rho"": 0.375, ""L"": 0.00325, ""w"": 0.0, ""a_z"": 1.0}"
B2,0.02356569667245296,0.015954404289572142,0.4139116744726498,0.35230410648752586,12.652638879704304,"{""family"": ""B2"", ""type"": ""uniform_lattice"", ""rho"": 0.375, ""L"": 0.0035, ""w"": 0.0, ""a_z"": 1.0}"
B2,0.02380935891939155,0.016210571733904985,0.37790527378280553,0.35230410648752586,12.666152948131037,"{""family"": ""B2"", ""type"": ""uniform_lattice"", ""rho"": 0.375, ""L"": 0.00375, ""w"": 0.0, ""a_z"": 1.0}"
B2,0.024042614650176562,0.016455612060249532,0.34742952320564074,0.35230410648752586,12.677613808434698,"{""family"": ""B2"", ""type"": ""uniform_lattice"", ""rho"": 0.375, ""L"": 0.004, ""w"": 0.0, ""a_z"": 1.0}"
B2,0.0215385262134248,0.013806270705703571,1.0314022912051766,0.361077005027858,12.425287042329954,"{""family"": ""B2"", ""type"": ""uniform_lattice"", ""rho"": 0.4, ""L"": 0.002, ""w"": 0.0, ""a_z"": 1.0}"
B2,0.02187936865584059,0.014167150348610274,0.8691950252233716,0.361077005027858,12.484214611047877,"{""family"": ""B2"", ""type"": ""uniform_lattice"", ""rho"": 0.4, ""L"": 0.00225, ""w"": 0.0, ""a_z"": 1.0}"
B2,0.022194113873143805,0.01449988062217712,0.7480971081622073,0.361077005027858,12.528573441236581,"{""family"": ""B2"", ""type"": ""uniform_lattice"", ""rho"": 0.4, ""L"": 0.0025, ""w"": 0.0, ""a_z"": 1.0}"
B2,0.02248738274611367,0.014809480094451353,0.6547508287436048,0.361077005027858,12.56298243326994,"{""family"": ""B2"", ""type"": ""uniform_lattice"", ""rho"": 0.4, ""L"": 0.00275, ""w"": 0.0, ""a_z"": 1.0}"
B2,0.02131730455557115,0.013563973483361792,1.1799355697445688,0.36984990356819014,12.371812866169677,"{""family"": ""B2"", ""type"": ""uniform_lattice"", ""rho"": 0.425, ""L"": 0.002, ""w"": 0.0, ""a_z"": 1.0}"
B2,0.02164555681920253,0.01391162099693625,0.9946415572583958,0.36984990356819014,12.438592886109884,"{""family"": ""B2"", ""type"": ""uniform_lattice"", ""rho"": 0.425, ""L"": 0.00225, ""w"": 0.0, ""a_z"": 1.0}"
B2,0.021948846823885287,0.01423230866148574,0.8562691393518609,0.36984990356819014,12.488934453385522,"{""family"": ""B2"", ""type"": ""uniform_lattice"", ""rho"": 0.425, ""L"": 0.0025, ""w"": 0.0, ""a_z"": 1.0}"
B2,0.021105536057063484,0.013331550910671784,1.3560633011204952,0.3786228021085225,12.308997725390844,"{""family"": ""B2"", ""type"": ""uniform_lattice"", ""rho"": 0.45, ""L"": 0.002, ""w"": 0.0, ""a_z"": 1.0}"
B2,0.021421595373034914,0.013666383399359203,1.1434725732722577,0.3786228021085225,12.384897412635993,"{""family"": ""B2"", ""type"": ""uniform_lattice"", ""rho"": 0.45, ""L"": 0.00225, ""w"": 0.0, ""a_z"": 1.0}"
B2,0.021713753480865797,0.013975368926304629,0.9846649927291348,0.3786228021085225,12.442208901921832,"{""family"": ""B2"", ""type"": ""uniform_lattice"", ""rho"": 0.45, ""L"": 0.0025, ""w"": 0.0, ""a_z"": 1.0}"
B2,0.02090387411638251,0.013109688035047373,1.5649968505329066,0.38739570064885465,12.235304727160683,"{""family"": ""B2"", ""type"": ""uniform_lattice"", ""rho"": 0.475, ""L"": 0.002, ""w"": 0.0, ""a_z"": 1.0}"
B2,0.021208176836522433,0.013432161562369097,1.3201501250878442,0.38739570064885465,12.321754168841265,"{""family"": ""B2"", ""type"": ""uniform_lattice"", ""rho"": 0.475, ""L"": 0.00225, ""w"": 0.0, ""a_z"": 1.0}"
B2,0.021489572283412348,0.01372983160513441,1.1371780410903645,0.38739570064885465,12.387158972799304,"{""family"": ""B2"", ""type"": ""uniform_lattice"", ""rho"": 0.475, ""L"": 0.0025, ""w"": 0.0, ""a_z"": 1.0}"
B2,0.020715175228368132,0.012901443771379594,1.8113740954963795,0.3961685991891868,12.14953076884645,"{""family"": ""B2"", ""type"": ""uniform_lattice"", ""rho"": 0.5, ""L"": 0.002, ""w"": 0.0, ""a_z"": 1.0}"
B2,0.021008293822169125,0.013212152764511556,1.5287074225039763,0.3961685991891868,12.248040992757353,"{""family"": ""B2"", ""type"": ""uniform_lattice"", ""rho"": 0.5, ""L"": 0.00225, ""w"": 0.0, ""a_z"": 1.0}"
B2,0.021279433768952694,0.013499034499627536,1.317373784819472,0.3961685991891868,12.3227414324535,"{""family"": ""B2"", ""type"": ""uniform_lattice"", ""rho"": 0.5, ""L"": 0.0025, ""w"": 0.0, ""a_z"": 1.0}"
B3,0.025321272486691325,0.01785912389353995,0.210565376564341,0.31608369800856895,11.232099030539521,"{""family"": ""B3"", ""type"": ""graded_density_lattice"", ""rho_path"": [0.369572, 0.243686, 0.241115, 0.29182], ""amp_z"": 0.038519, ""L"": 0.004, ""w"": 0.0, ""a_z"": 1.0}"
B3,0.023814985218044576,0.01621009772468871,0.22411392954314016,0.3194105047640542,10.585097049740101,"{""family"": ""B3"", ""type"": ""graded_density_lattice"", ""rho_path"": [0.345819, 0.256905, 0.213618, 0.400687], ""amp_z"": -0.005124, ""L"": 0.004, ""w"": 0.0, ""a_z"": 1.0}"
B3,0.022856787875334128,0.0151380814498848,0.2969922518550719,0.33501104204721693,11.074695076903982,"{""family"": ""B3"", ""type"": ""graded_density_lattice"", ""rho_path"": [0.254811, 0.239785, 0.373331, 0.473042], ""amp_z"": -0.031994, ""L"": 0.004, ""w"": 0.0, ""a_z"": 1.0}"
B3,0.022819017568192167,0.015096006782170645,0.3004786460627954,0.33554326696252557,11.034686101611891,"{""family"": ""B3"", ""type"": ""graded_density_lattice"", ""rho_path"": [0.254402, 0.239489, 0.376722, 0.476357], ""amp_z"": -0.032532, ""L"": 0.004, ""w"": 0.0, ""a_z"": 1.0}"
B3,0.022800220639807727,0.01507505129116131,0.3022502536832753,0.3358093794173477,11.014579135979142,"{""family"": ""B3"", ""type"": ""graded_density_lattice"", ""rho_path"": [0.254198, 0.239341, 0.378417, 0.478015], ""amp_z"": -0.032801, ""L"": 0.004, ""w"": 0.0, ""a_z"": 1.0}"
B3,0.022790846955869824,0.015064597455954027,0.30314324880443877,0.33594237693850204,11.004462599409228,"{""family"": ""B3"", ""type"": ""graded_density_lattice"", ""rho_path"": [0.254096, 0.239266, 0.379265, 0.478844], ""amp_z"": -0.032935, ""L"": 0.004, ""w"": 0.0, ""a_z"": 1.0}"
B3,0.022678990063430722,0.014981702478135727,0.30355830386628946,0.3347054707709459,12.288929505574053,"{""family"": ""B3"", ""type"": ""graded_density_lattice"", ""rho_path"": [0.254263, 0.231038, 0.366381, 0.5], ""amp_z"": -8.3e-05, ""L"": 0.004, ""w"": 0.0, ""a_z"": 1.0}"
B3,0.022672509584491195,0.014972413970489375,0.304277937630525,0.33483848778234493,12.257365723372937,"{""family"": ""B3"", ""type"": ""graded_density_lattice"", ""rho_path"": [0.252286, 0.232032, 0.367506, 0.5], ""amp_z"": -0.001844, ""L"": 0.004, ""w"": 0.0, ""a_z"": 1.0}"
B3,0.022681555801409486,0.01498544714209198,0.3035242322920545,0.3346650717363001,12.313197681416618,"{""family"": ""B3"", ""type"": ""graded_density_lattice"", ""rho_path"": [0.251912, 0.231696, 0.366556, 0.5], ""amp_z"": 0.000697, ""L"": 0.004, ""w"": 0.0, ""a_z"": 1.0}"
B3,0.022673178032558795,0.014972828685189267,0.3040917680361107,0.3348307630054662,12.231739782561661,"{""family"": ""B3"", ""type"": ""graded_density_lattice"", ""rho_path"": [0.253295, 0.231871, 0.367167, 0.499857], ""amp_z"": -0.002106, ""L"": 0.004, ""w"": 0.0, ""a_z"": 1.0}"
B3,0.02267780035145828,0.014980015232896965,0.30375503733396203,0.33472232199485585,12.335553715756417,"{""family"": ""B3"", ""type"": ""graded_density_lattice"", ""rho_path"": [0.251847, 0.23197, 0.3668, 0.5], ""amp_z"": -0.00035, ""L"": 0.004, ""w"": 0.0, ""a_z"": 1.0}"
B3,0.022672691735099733,0.014972642295323016,0.30414995819745877,0.3348201150151884,12.270763144593605,"{""family"": ""B3"", ""type"": ""graded_density_lattice"", ""rho_path"": [0.252122, 0.232225, 0.367238, 0.5], ""amp_z"": -0.001825, ""L"": 0.004, ""w"": 0.0, ""a_z"": 1.0}"
B3,0.022680256874686056,0.014983602144046803,0.3036793948532563,0.3346940688585669,12.34052058968154,"{""family"": ""B3"", ""type"": ""graded_density_lattice"", ""rho_path"": [0.251487, 0.231917, 0.366794, 0.5], ""amp_z"": 0.000328, ""L"": 0.004, ""w"": 0.0, ""a_z"": 1.0}"
B3,0.022676661562661224,0.014978404764660395,0.3039417555894907,0.33476030351252895,12.322485463481433,"{""family"": ""B3"", ""type"": ""graded_density_lattice"", ""rho_path"": [0.25181, 0.232035, 0.367077, 0.5], ""amp_z"": -0.00067, ""L"": 0.004, ""w"": 0.0, ""a_z"": 1.0}"
B3,0.02267471371041212,0.014975587755078816,0.3040814271250913,0.3347959895781884,12.29663396121215,"{""family"": ""B3"", ""type"": ""graded_density_lattice"", ""rho_path"": [0.251974, 0.232109, 0.367224, 0.5], ""amp_z"": -0.001225, ""L"": 0.004, ""w"": 0.0, ""a_z"": 1.0}"
B3,0.02267266602558434,0.014971739245051031,0.304244495601243,0.33485890322082057,12.238653859322667,"{""family"": ""B3"", ""type"": ""graded_density_lattice"", ""rho_path"": [0.25228, 0.232321, 0.367517, 0.49975], ""amp_z"": -0.002517, ""L"": 0.004, ""w"": 0.0, ""a_z"": 1.0}"
B3,0.022671050157582938,0.014970321572299586,0.3044749226668853,0.33487001115681336,12.287328621575087,"{""family"": ""B3"", ""type"": ""graded_density_lattice"", ""rho_path"": [0.250654, 0.23281, 0.367812, 0.5], ""amp_z"": -0.002231, ""L"": 0.004, ""w"": 0.0, ""a_z"": 1.0}"
B3,0.02267214266976993,0.014971353342723315,0.3042868567212779,0.3348570843050883,12.252015430793897,"{""family"": ""B3"", ""type"": ""graded_density_lattice"", ""rho_path"": [0.25196, 0.232397, 0.367534, 0.499854], ""amp_z"": -0.002369, ""L"": 0.004, ""w"": 0.0, ""a_z"": 1.0}"
B3,0.0226720418131671,0.01497160010186418,0.3043470706650413,0.33485555516440285,12.278910091476726,"{""family"": ""B3"", ""type"": ""graded_density_lattice"", ""rho_path"": [0.251389, 0.232557, 0.367594, 0.499961], ""amp_z"": -0.00208, ""L"": 0.004, ""w"": 0.0, ""a_z"": 1.0}"
B3,0.02267178330362953,0.014971369017027867,0.3043640754234848,0.33485471854595117,12.265379291019885,"{""family"": ""B3"", ""type"": ""graded_density_lattice"", ""rho_path"": [0.25175, 0.232319, 0.367625, 0.5], ""amp_z"": -0.002042, ""L"": 0.004, ""w"": 0.0, ""a_z"": 1.0}"
B3,0.022671418309393437,0.014970806782533031,0.3044235544390458,0.3348664730964515,12.276336843831766,"{""family"": ""B3"", ""type"": ""graded_density_lattice"", ""rho_path"": [0.251247, 0.232591, 0.36771, 0.499989], ""amp_z"": -0.002169, ""L"": 0.004, ""w"": 0.0, ""a_z"": 1.0}"
B3,0.022672043291189523,0.014971121006874455,0.3043075898810817,0.3348626251547465,12.247365943027093,"{""family"": ""B3"", ""type"": ""graded_density_lattice"", ""rho_path"": [0.251954, 0.232409, 0.367585, 0.499828], ""amp_z"": -0.002467, ""L"": 0.004, ""w"": 0.0, ""a_z"": 1.0}"
B3,0.022671403391095794,0.014970828434355456,0.3044302925876947,0.3348653483313316,12.27169433990976,"{""family"": ""B3"", ""type"": ""graded_density_lattice"", ""rho_path"": [0.251361, 0.232495, 0.367734, 0.5], ""amp_z"": -0.002139, ""L"": 0.004, ""w"": 0.0, ""a_z"": 1.0}"
B3,0.02267162195320055,0.014970719214152224,0.30439873361631137,0.3348712601472642,12.261240675704627,"{""family"": ""B3"", ""type"": ""graded_density_lattice"", ""rho_path"": [0.251442, 0.232573, 0.367724, 0.499882], ""amp_z"": -0.002416, ""L"": 0.004, ""w"": 0.0, ""a_z"": 1.0}"
B3,0.022671127985232967,0.014970431134209575,0.30446269412054194,0.33487199129517453,12.275690837592125,"{""family"": ""B3"", ""type"": ""graded_density_lattice"", ""rho_path"": [0.251148, 0.232619, 0.367773, 0.5], ""amp_z"": -0.002215, ""L"": 0.004, ""w"": 0.0, ""a_z"": 1.0}"
B3,0.02267114475879497,0.014970457944103267,0.3044662116829074,0.33487169569086284,12.273711494502017,"{""family"": ""B3"", ""type"": ""graded_density_lattice"", ""rho_path"": [0.251183, 0.232583, 0.367789, 0.5], ""amp_z"": -0.002208, ""L"": 0.004, ""w"": 0.0, ""a_z"": 1.0}"
B3,0.02267108929897962,0.014970376617688097,0.3044683239747247,0.3348708842521253,12.281474095477595,"{""family"": ""B3"", ""type"": ""graded_density_lattice"", ""rho_path"": [0.250901, 0.232714, 0.367792, 0.5], ""amp_z"": -0.002223, ""L"": 0.004, ""w"": 0.0, ""a_z"": 1.0}"
B3,0.022671099368085527,0.014970392480649537,0.304470155014352,0.3348707654726981,12.280513234606804,"{""family"": ""B3"", ""type"": ""graded_density_lattice"", ""rho_path"": [0.250919, 0.232696, 0.3678, 0.5], ""amp_z"": -0.002219, ""L"": 0.004, ""w"": 0.0, ""a_z"": 1.0}"
B3,0.022671445671463876,0.014970894567515242,0.3044457203033793,0.3348634108210554,12.289447603682516,"{""family"": ""B3"", ""type"": ""graded_density_lattice"", ""rho_path"": [0.250736, 0.232747, 0.367778, 0.5], ""amp_z"": -0.002118, ""L"": 0.004, ""w"": 0.0, ""a_z"": 1.0}"
B3,0.022671274137168552,0.014970646591984786,0.30446042583138017,0.3348671168754006,12.286350892916497,"{""family"": ""B3"", ""type"": ""graded_density_lattice"", ""rho_path"": [0.250777, 0.232741, 0.367795, 0.5], ""amp_z"": -0.002167, ""L"": 0.004, ""w"": 0.0, ""a_z"": 1.0}"
B3,0.02267093125613025,0.01497015084251773,0.3044903309356291,0.33487470444772605,12.280293004136437,"{""family"": ""B3"", ""type"": ""graded_density_lattice"", ""rho_path"": [0.250858, 0.232731, 0.367829, 0.5], ""amp_z"": -0.002265, ""L"": 0.004, ""w"": 0.0, ""a_z"": 1.0}"
B3,0.022670959878057482,0.014970188843419352,0.30447628711653735,0.3348724213235382,12.281714373994054,"{""family"": ""B3"", ""type"": ""graded_density_lattice"", ""rho_path"": [0.250837, 0.232749, 0.367802, 0.5], ""amp_z"": -0.00226, ""L"": 0.004, ""w"": 0.0, ""a_z"": 1.0}"
B3,0.02267094622500613,0.0149701711868333,0.3044851589470629,0.3348730069997071,12.285030412035189,"{""family"": ""B3"", ""type"": ""graded_density_lattice"", ""rho_path"": [0.250707, 0.2328, 0.367821, 0.5], ""amp_z"": -0.002261, ""L"": 0.004, ""w"": 0.0, ""a_z"": 1.0}"
B3,0.02267104281368917,0.014970310231700966,0.30447476688734887,0.3348716500244367,12.282522943582242,"{""family"": ""B3"", ""type"": ""graded_density_lattice"", ""rho_path"": [0.250838, 0.23274, 0.367804, 0.5], ""amp_z"": -0.002235, ""L"": 0.004, ""w"": 0.0, ""a_z"": 1.0}"
B3,0.022671030161130784,0.014970293308611464,0.30447996904573177,0.33487206042638534,12.283209155952159,"{""family"": ""B3"", ""type"": ""graded_density_lattice"", ""rho_path"": [0.250797, 0.232752, 0.367816, 0.5], ""amp_z"": -0.002237, ""L"": 0.004, ""w"": 0.0, ""a_z"": 1.0}"
B3,0.02267094357702146,0.014970156586185026,0.3044863153051614,0.33487540907823643,12.277801423347128,"{""family"": ""B3"", ""type"": ""graded_density_lattice"", ""rho_path"": [0.250961, 0.232699, 0.367817, 0.499997], ""amp_z"": -0.002272, ""L"": 0.004, ""w"": 0.0, ""a_z"": 1.0}"
