w,rho,porosity,Re_Dh,v1,v2,v3,v1_pr04,gnielinski,wakao_kaguei
0.0,0.35,0.6499977111816406,10.0,15.19568270649737,21.168502185241067,16.68483806298216,18.598748645713687,13.578247104871078,12.593292465509167
0.0,0.35,0.6499977111816406,10.746643646866719,15.301417996683547,20.995893722034275,16.72549816125648,18.728163304017485,13.938527875756412,13.039983468229133
0.0,0.35,0.6499977111816406,11.549034967274082,15.415047945136429,20.83436843342469,16.77404740731158,18.86724062556467,14.312107015164106,13.506396755136533
0.0,0.35,0.6499977111816406,12.411336325849762,15.53716200149993,20.684257113018216,16.831014099388096,19.016702066967508,14.699480776185542,13.993403103773788
0.0,0.35,0.6499977111816406,13.338020867531947,15.668393626301121,20.545914689801553,16.896963533381854,19.17732295193784,15.101164446227314,14.501911738220292
0.0,0.35,0.6499977111816406,14.333895721783794,15.809423576994893,20.41972156931194,16.97250058626843,19.34993649323989,15.517693125670693,15.032872026582472
0.0,0.35,0.6499977111816406,15.404126939335784,15.960983439359008,20.306085054388454,17.058272479953654,19.535438114939577,15.949622542810923,15.587275253431335
0.0,0.35,0.6499977111816406,16.55426629081414,16.123859422558542,20.205440850147024,17.15497173815091,19.73479009737182,16.3975299071413,16.166156470496617
0.0,0.35,0.6499977111816406,17.790280066271766,16.298896437566384,20.118254658093466,17.263339349766028,19.949026568921393,16.86201480319154,16.77059642907271
0.0,0.35,0.6499977111816406,19.118580025017913,16.48700248009644,20.04502386457664,17.38416815321202,20.17925887051193,17.343700127286592,17.401723597744123
0.0,0.35,0.6499977111816406,20.54605665629717,16.689153340785722,19.986279329088557,17.51830645708322,20.426681320631076,17.843233069761094,18.060716269197442
0.0,0.35,0.6499977111816406,22.080114923355968,16.906397667059235,19.942587278241035,17.66666191369591,20.692577410797583,18.361286145347684,18.748804760053208
0.0,0.35,0.6499977111816406,23.728712676317045,17.139862402935748,19.914551311589634,17.830205663155404,20.97832646360905,18.898558274655315,19.467273707824653
0.0,0.35,0.6499977111816406,25.500401933126838,17.39075863499322,19.902814525837364,18.009976766842883,21.2854107879085,19.4557759198677,20.217464469291713
0.0,0.35,0.6499977111816406,27.404373242718535,17.66038787481954,19.908061764333116,18.207086950534794,21.615423368187002,20.03369427802415,21.000777624767938
0.0,0.35,0.6499977111816406,29.450503360522546,17.950148810538447,19.931021999184694,18.422725678779226,21.97007612811061,20.633098535495495,21.818675592935673
0.0,0.35,0.6499977111816406,31.649406483638657,18.261544562433816,19.972470853735185,18.658165583663923,22.351208811038283,21.254805187539908,22.6726853611314
0.0,0.35,0.6499977111816406,34.01248931144978,18.59619048031059,20.03323327360506,18.914768272726416,22.760798523598083,21.89966342711746,23.56440133617848
0.0,0.35,0.6499977111816406,36.552010217301394,18.955822523040613,20.114186354982763,19.193990542484958,23.20096999182836,22.568556607460756,24.49548832108978
0.0,0.35,0.6499977111816406,39.28114283819694,19.342306263762044,20.2162623393551,19.497391025918734,23.67400658308724,23.262403783244466,25.467684623197584
0.0,0.35,0.6499977111816406,42.21404441237733,19.757646567446177,20.34045178440683,19.826637304203693,24.182362150906027,23.98216133557013,26.482805299513487
0.0,0.35,0.6499977111816406,45.36592921928244,20.20399799103365,20.487806921388625,20.183513515127306,24.728673764230926,24.728824686387842,27.542745545377294
0.0,0.35,0.6499977111816406,48.75314750286069,20.68367596009027,20.659445209855765,20.56992849286981,25.31577538708568,25.50343010841504,28.649484232721527
0.0,0.35,0.6499977111816406,52.39327028763739,21.1991687799607,20.856553101318006,20.987924476262055,25.946712579617405,26.307056637088053,29.80508760455709
0.0,0.35,0.6499977111816406,56.305180527520925,21.753150543727294,21.080390024017152,21.439686425221762,26.624758296786695,27.140828091596784,31.011713132577828
0.0,0.35,0.6499977111816406,60.50917106017665,22.348495003933525,21.332292601763864,21.927551987842964,27.353429866656953,28.005915212610834,32.2716135450859
0.0,0.35,0.6499977111816406,65.0270498751019,22.988290480030784,21.613679120522445,22.454022163579417,28.136507236356813,28.90353792490882,33.58714103275787
0.0,0.35,0.6499977111816406,69.88225324147491,23.675855878880252,21.92605425723405,23.021772711136705,28.97805258036583,29.834967733777727,34.960751640103744
0.0,0.35,0.6499977111816406,75.09996728262276,24.41475791141535,22.27101408621668,23.633666353082635,29.882431372840298,30.80153026475579,36.39500985081745
0.0,0.35,0.6499977111816406,80.70725862776963,25.20882959477538,22.650251379378872,24.292765832818137,30.854335033290976,31.804607957060604,37.89259337557961
0.0,0.35,0.6499977111816406,86.73321481881497,26.062190135889153,23.06556121743417,25.002347883436535,31.89880526308585,32.84564292187232,39.45629815125105
0.0,0.35,0.6499977111816406,93.20909520049443,26.979266299653865,23.51884693031009,25.765918172156827,33.02126019902251,33.926139977540444,41.08904356079074
0.0,0.35,0.6499977111816406,100.16849307665888,27.964815372555357,24.012126386009996,26.587227288463886,34.22752251964029,35.04766987475272,42.79387788364319
0.0,0.35,0.6499977111816406,107.64750997384891,29.02394984085258,24.54753864831428,27.470287848847374,35.52384965007247,36.21187272575491,44.57398398677113
0.0,0.35,0.6499977111816406,115.68494291614851,30.16216391134297,25.127351024900296,28.419392796121272,36.916966222124465,37.42046165284431,46.432685266958586
0.0,0.35,0.6499977111816406,124.32248568279667,31.38536201228396,25.75396652872416,29.439134976752698,38.4140989579632,38.675226672585865,48.37345185547816
0.0,0.35,0.6499977111816406,133.60494509257055,32.699889422317646,26.429931776844626,30.53442808545474,40.02301415837495,39.97803883352307,50.39990709670662
0.0,0.35,0.6499977111816406,143.580473436905,34.11256518628472,27.1579453522849,31.71052907253187,41.75205799006017,41.33085462658468,52.515834312784015
0.0,0.35,0.6499977111816406,154.3008182674831,35.63071748867665,27.94086665602669,32.97306211613519,43.610199780953586,42.735720688929455,54.72518386694588
0.0,0.35,0.6499977111816406,165.82159083405836,37.262221668224285,28.781725277816875,34.328044268719296,45.60707854816181,44.19477882363249,57.03208053871529
0.0,0.35,0.6499977111816406,178.20255456501658,39.01554107082149,29.683730916146292,35.78191289462539,47.753052999879934,45.710271359407535,59.440831224724135
0.0,0.35,0.6499977111816406,191.50793508715554,40.89977095270644,30.650283879537216,37.34155502388142,50.05925527066943,47.28454687648697,61.95593297954086
0.0,0.35,0.6499977111816406,205.80675339289442,42.92468566164596,31.684986203157518,39.01433875604568,52.53764866884637,48.92006632685629,64.58208141151643
0.0,0.35,0.6499977111816406,221.17318388320146,45.10078934087315,32.79165341677102,40.80814685726742,55.20108973554184,50.6194095792695,67.32417944932334
0.0,0.35,0.6499977111816406,237.68693914356916,47.43937041880216,33.97432700214117,42.73141270373628,58.063394937362524,52.38528242186886,70.18734649555469
0.0,0.35,0.6499977111816406,255.43368344904343,49.95256016718303,35.23728758023708,44.79315873539041,61.13941233861651,54.22052405780426,73.17692798447241
0.0,0.35,0.6499977111816406,274.5054771433427,52.65339563146381,36.58506887095235,47.00303759519723,64.44509862490027,56.12811513200671,76.29850536174895
0.0,0.35,0.6499977111816406,295.00125419726214,55.555887259808344,38.02247247054807,49.3713761415648,67.99760187760285,58.111186330225834,79.55790650483411
0.0,0.35,0.6499977111816406,317.0273354236721,58.6750915815916,39.55458349467707,51.90922253454046,71.81535052871578,60.17302759460638,82.96121660340157
0.0,0.35,0.6499977111816406,340.69798001138906,62.027189312388735,41.18678713764905,54.628396610467334,75.91814895739749,62.31709800346157,86.51478952018823
0.0,0.35,0.6499977111816406,366.1359782389719,65.62956929062346,42.924786201560835,57.541543774761166,80.32728022419418,64.54703636651601,90.2252596534375
0.0,0.35,0.6499977111816406,393.4732884431179,69.50091868129307,44.77461965205562,60.662192658510065,85.06561647584638,66.86667259074675,94.0995543230918
0.0,0.35,0.6499977111816406,422.8517215458989,73.66131991469717,46.742682260797864,64.00481680175898,90.15773759340003,69.2800398760609,98.14490670386073
0.0,0.35,0.6499977111816406,454.42367669178896,78.13235486303503,48.83574539826735,67.58490064469835,95.6300586991034,71.79138780442288,102.36886932930886
0.0,0.35,0.6499977111816406,488.352931810563,82.93721679528245,51.06097904420015,71.41901012761772,101.5109671835256,74.4051963906937,106.77932819217594
0.0,0.35,0.6499977111816406,524.8154932070723,88.10083069110829,53.42597508694424,75.52486822149521,107.8309699637176,77.12619116838229,111.38451746725366
0.0,0.35,0.6499977111816406,564.0005085851008,93.64998253795325,55.93877198717038,79.92143573357471,114.6228517363107,79.95935938874229,116.19303488430631
0.0,0.35,0.6499977111816406,606.1112482415672,99.61345828199275,58.60788088579418,84.62899775633035,121.92184504648138,82.90996741718978,121.21385777973632
0.0,0.35,0.6499977111816406,651.3661595209695,106.02219315378534,61.44231324064071,89.6692561539474,129.76581305500827,85.98357941687621,126.45635985696192
0.0,0.35,0.6499977111816406,700.0,112.90943214322562,64.45161008133,95.06542850797408,138.19544595151436,89.18607741543654,131.93032868679873
0.0,0.2,0.7999763488769531,10.0,18.972007895748092,27.587587303932537,20.857957503118897,23.22078007108165,19.18625737763597,20.907196320977548
0.0,0.2,0.7999763488769531,10.746643646866719,19.085794283566464,27.042894668877175,20.88832114821867,23.360048866516074,19.63612344359851,21.594847732136223
0.0,0.2,0.7999763488769531,11.549034967274082,19.20807645974129,26.51974404989302,20.92724165009917,23.50971607808229,20.102543777005522,22.3128603022844
0.0,0.2,0.7999763488769531,12.411336325849762,19.33948875691271,26.017942885272117,20.975287322165457,23.670558096914522,20.586131268400823,23.0625745361607
0.0,0.2,0.7999763488769531,13.338020867531947,19.48071286976445,25.537320457065345,21.033066284405557,23.843409282897785,21.087521857395426,23.845390124418074
0.0,0.2,0.7999763488769531,14.333895721783794,19.632481391280702,25.077728130012968,21.10122924179478,24.029166292867824,21.607375433598037,24.662768556798017
0.0,0.2,0.7999763488769531,15.404126939335784,19.795581613035402,24.6390396219935,21.180472456670024,24.228792731973368,22.146376775951186,25.516235850681568
0.0,0.2,0.7999763488769531,16.55426629081414,19.970859609227677,24.221151306959477,21.271540928615583,24.443324152329403,22.705236532395816,26.407385400111252
0.0,0.2,0.7999763488769531,17.790280066271766,20.15922462564919,23.82398255138736,21.37523179634735,24.67387342489164,23.284692241906303,27.337880950602806
0.0,0.2,0.7999763488769531,19.118580025017913,20.36165379635102,23.44747608533045,21.49239797709374,24.92163651241871,23.885509401066415,28.309459705300824
0.0,0.2,0.7999763488769531,20.54605665629717,20.57919721247735,23.091598409227455,21.62395206005336,25.187898673468805,24.508482577495034,29.323935568277157
0.0,0.2,0.7999763488769531,22.080114923355968,20.81298336956052,22.756340237686043,21.770870471667347,25.4740411296138,25.15443657257895,30.38320253102733
0.0,0.2,0.7999763488769531,23.728712676317045,21.064225021534842,22.441716981530178,21.934197931682387,25.78154823045675,25.824227636130473,31.489238208487446
0.0,0.2,0.7999763488769531,25.500401933126838,21.334225471836657,22.14776926947247,22.115052220305035,26.112015153620774,26.51874473576013,32.644107531173184
0.0,0.2,0.7999763488769531,27.404373242718535,21.62438533422537,21.874563510848304,22.314629278165704,26.467156179652797,27.23891088394093,33.84996660033394
0.0,0.2,0.7999763488769531,29.450503360522546,21.936209798396916,21.6221925009274,22.53420866232625,26.848813584767683,27.985684525941387,35.109066713319514
0.0,0.2,0.7999763488769531,31.649406483638657,22.271316438079587,21.39077607040054,22.77515938318772,27.25896719756343,28.760060992021344,36.42375856667489
0.0,0.2,0.7999763488769531,34.01248931144978,22.631443602116445,21.180461780725388,23.03894614888962,27.699744669282506,29.563074017518446,37.79649664480956
0.0,0.2,0.7999763488769531,36.552010217301394,23.01845943206254,20.99142566710456,23.327136045648846,28.1734325108957,30.395797334705875,39.22984380243547
0.0,0.2,0.7999763488769531,39.28114283819694,23.43437155307523,20.82387303096309,23.64140568447213,28.68248795426273,31.259346340574982,40.726476049328475
0.0,0.2,0.7999763488769531,42.21404441237733,23.881337488368832,20.678039283889916,23.983548846800943,29.229551698899062,32.154879844991655,42.289187546346426
0.0,0.2,0.7999763488769531,45.36592921928244,24.361675851257715,20.55419084511046,24.35548466392027,29.817461610471778,33.08360190399414,43.92089582203125
0.0,0.2,0.7999763488769531,48.75314750286069,24.877878372846325,20.452626094663593,24.759266367394808,30.44926744208506,34.0467637433456,45.62464721953425
0.0,0.2,0.7999763488769531,52.39327028763739,25.43262282775901,20.37367638456846,25.197090650397477,31.128246654721085,35.045665777827395,47.403622584033855
0.0,0.2,0.7999763488769531,56.305180527520925,26.0287869249612,20.31770711038246,25.671307682577865,31.857921418904034,36.08165973216417,49.261143201263984
0.0,0.2,0.7999763488769531,60.50917106017665,26.669463235730003,20.285118845674095,26.18443182409621,32.64207688578261,37.15615086990791,51.200676998240176
0.0,0.2,0.7999763488769531,65.0270498751019,27.35797523621216,20.276348542061257,26.73915308763312,33.48478082241125,38.27060033708305,53.22584501775985
0.0,0.2,0.7999763488769531,69.88225324147491,28.097894547789462,20.291870797599028,27.338349400593188,34.39040471308722,39.42652762790621,55.34042817876448
0.0,0.2,0.7999763488769531,75.09996728262276,28.893059464685077,20.33219919644001,27.98509972336602,35.363646436205585,40.62551318045026,57.548374335185045
0.0,0.2,0.7999763488769531,80.70725862776963,29.74759486492184,20.397887722835847,28.682698083408127,36.409554634267145,41.86920111072336,59.85380564644937
0.0,0.2,0.7999763488769531,86.73321481881497,30.665933607919552,20.489532252700908,29.434668589081408,37.533554903457556,43.159302094285366,62.26102627341177
0.0,0.2,0.7999763488769531,93.20909520049443,31.652839529730343,20.607772126118167,30.244781491647483,38.74147793865472,44.497596405229416,64.77453041407314
0.0,0.2,0.7999763488769531,100.16849307665888,32.71343215519865,20.75329180433404,31.117070368592273,40.039589779865274,45.88593712312124,67.39901069409385
0.0,0.2,0.7999763488769531,107.64750997384891,33.85321325523893,20.926822614962983,32.05585050656352,41.43462431699205,47.32625351931674,70.13936692776413
0.0,0.2,0.7999763488769531,115.68494291614851,35.078095386995585,21.129144589304975,33.065738567669456,42.93381822154938,48.8205546349756,73.00071526578877
0.0,0.2,0.7999763488769531,124.32248568279667,36.3944325649359,21.361088395869807,34.15167362873293,44.5449484865326,50.370933064060495,75.9883977469641
0.0,0.2,0.7999763488769531,133.60494509257055,37.809053221980584,21.62353737440136,35.31893968935078,46.276372769178266,51.97956895566374,79.10799227158053
0.0,0.2,0.7999763488769531,143.580473436905,39.329295631656144,21.91742967490401,36.573189751299026,48.13707274589075,53.64873425114375,82.36532301517025
0.0,0.2,0.7999763488769531,154.3008182674831,40.963045975019874,22.24376050639169,37.920471578983765,50.13670070423697,55.380797172787354,85.76647130204233
0.0,0.2,0.7999763488769531,165.82159083405836,42.71877924982748,22.603584500308553,39.3672552582955,52.285629613702824,57.17822698205069,89.31778695890584
0.0,0.2,0.7999763488769531,178.20255456501658,44.605603234157854,22.99801819380972,40.920462679418065,54.595006934950774,59.04359902687777,93.02590016977746
0.0,0.2,0.7999763488769531,191.50793508715554,46.63330573255382,23.428242638340596,42.58749907790812,57.07681244671149,60.97960009916119,96.89773385430685
0.0,0.2,0.7999763488769531,205.80675339289442,48.81240534976612,23.895506139215442,44.376286777738194,59.743920390283726,62.98903412510235,100.94051659262908
0.0,0.2,0.7999763488769531,221.17318388320146,51.154206055486526,24.40112713217014,46.29530129002796,62.61016625401354,65.07482821306031,105.16179612087483
0.0,0.2,0.7999763488769531,237.68693914356916,53.67085582312235,24.946497203150905,48.35360993191997,65.69041854419456,67.24003908545798,109.56945342253371
0.0,0.2,0.7999763488769531,255.43368344904343,56.37540964679758,25.533084257901454,50.560913141537526,69.00065591469661,69.48785992345374,114.17171744197918
0.0,0.2,0.7999763488769531,274.5054771433427,59.281897263478406,26.16243584822517,52.927588677245005,72.55805005542925,71.82162765539772,118.97718044762401
0.0,0.2,0.7999763488769531,295.00125419726214,62.40539593152839,26.83618266212855,55.46473890257068,76.3810547696198,74.24483072258778,123.99481407338969
0.0,0.2,0.7999763488769531,317.0273354236721,65.762108643228,27.556042185396095,58.184241372210096,80.48950170198954,76.76111735853198,129.23398606843793
0.0,0.2,0.7999763488769531,340.69798001138906,69.36944817698233,28.3238225425082,61.09880294956636,84.90470321441356,79.37430442083,134.7044777864355
0.0,0.2,0.7999763488769531,366.1359782389719,73.24612742523355,29.141426525190717,64.22201770237304,89.64956294272638,82.08838681791566,140.41650244700497
0.0,0.2,0.7999763488769531,393.4732884431179,77.41225646664944,30.01085581728032,67.56842884015677,94.74869460818101,84.9075475762758,146.3807242034537
0.0,0.2,0.7999763488769531,422.8517215458989,81.88944688614536,30.93421542500381,71.15359497571062,100.22854969989055,87.83616859739158,152.6082780523808
0.0,0.2,0.7999763488769531,454.42367669178896,86.70092388389418,31.913718322202282,74.99416101244782,106.11755469059756,90.8788421575532,159.11079062233247
0.0,0.2,0.7999763488769531,488.352931810563,91.87164675488447,32.95169032048531,79.1079339805808,112.44625849757239,94.04038320789819,165.90040188031685
0.0,0.2,0.7999763488769531,524.8154932070723,97.42843836400807,34.05057517477436,83.51396416761438,119.24749095358507,97.32584253653232,172.9897877967044
0.0,0.2,0.7999763488769531,564.0005085851008,103.40012428832314,35.2129399351926,88.23263191276322,126.55653311001238,100.74052085943033,180.3921840108279
0.0,0.2,0.7999763488769531,606.1112482415672,109.81768234828552,36.44148055677818,93.28574046070568,134.41130025551738,104.28998391200358,188.12141054146537
0.0,0.2,0.7999763488769531,651.3661595209695,116.71440330363482,37.73902777904336,98.69661529769158,142.85253859970328,107.9800786187767,196.19189758833897
0.0,0.2,0.7999763488769531,700.0,124.12606354753652,39.1085532879722,104.49021042255303,151.92403664202655,111.8169504245636,204.61871247280092
1.0,0.35,0.6499557495117188,10.0,15.126490756438901,21.07160570040138,16.608858368401236,18.514061191237293,13.577209378895182,12.591697569130131
1.0,0.35,0.6499557495117188,10.746643646866719,15.201063322254441,20.857751961046713,16.615796707867588,18.605334247819087,13.937472011895087,13.038338316698665
1.0,0.35,0.6499557495117188,11.549034967274082,15.28120380131965,20.65309696277225,16.628396678376557,18.70342214918357,14.311032356889585,13.50469912959109
1.0,0.35,0.6499557495117188,12.411336325849762,15.36732791833995,20.457853323189852,16.647030437724702,18.808833721386883,14.698386643709688,13.99165068738265
1.0,0.35,0.6499557495117188,13.338020867531947,15.459882437841767,20.272250995991495,16.67209623923583,18.92211578165938,15.100050135726203,14.500102111860121
1.0,0.35,0.6499557495117188,14.333895721783794,15.55934748174107,20.09653821242087,16.70402025377977,19.043855974992518,15.516557908488103,15.031002664320896
1.0,0.35,0.6499557495117188,15.404126939335784,15.666239019951648,19.930982478958967,16.74325851904132,19.17468582251771,15.94846566464067,15.585343517811097
1.0,0.35,0.6499557495117188,16.55426629081414,15.7811115469531,19.775871634497594,16.790299024926426,19.315283997490422,16.396350587188394,16.164159607611555
1.0,0.35,0.6499557495117188,17.790280066271766,15.904560958203067,19.63151497046708,16.845663944613314,19.466379845873576,16.86081223331221,16.768531563426304
1.0,0.35,0.6499557495117188,19.118580025017913,16.037227641314956,19.49824441758743,16.909912021420183,19.628757169783057,17.34247347110731,17.399587726881037
1.0,0.35,0.6499557495117188,20.54605665629717,16.179799798036484,19.37641580312711,16.983641122371644,19.80325829342176,17.841981461776786,18.058506258098046
1.0,0.35,0.6499557495117188,22.080114923355968,16.33301701426163,19.266410182781524,17.067490970105858,19.99078843259405,18.360008689999503,18.7465173352806
1.0,0.35,0.6499557495117188,23.728712676317045,16.49767409659529,19.168635251523913,17.162146065577655,20.19232039046725,18.897254045388294,19.464905451413273
1.0,0.35,0.6499557495117188,25.500401933126838,16.674625195372553,19.08352683803664,17.268338814882508,20.408899603939112,19.45444395816899,20.21501181236612
1.0,0.35,0.6499557495117188,27.404373242718535,16.86478823552063,19.01155048760072,17.386852874457052,20.641649566789187,20.032333592442317,20.998236840879834
1.0,0.35,0.6499557495117188,29.450503360522546,17.069149678248248,18.953203138607186,17.51852672990729,20.891777657746314,20.631708100641884,21.81604279110675
1.0,0.35,0.6499557495117188,31.649406483638657,17.288769638263577,18.909014898156514,17.66425752478089,21.16058140370504,21.25338394307302,22.669956478589036
1.0,0.35,0.6499557495117188,34.01248931144978,17.52478738306596,18.879550922532317,17.82500515673937,21.449455210581174,21.89821027671144,23.561572130770656
1.0,0.35,0.6499557495117188,36.552010217301394,17.77842724283879,18.86541340867466,18.001796659805088,21.759897596722336,22.567070417759513,24.492554363365162
1.0,0.35,0.6499557495117188,39.28114283819694,18.051004961600782,18.86724370313703,18.195730892662393,22.09351896639654,23.260883382803005,25.464641288135855
1.0,0.35,0.6499557495117188,42.21404441237733,18.34393452256188,18.885724535390782,18.40798355438723,22.452049963683372,23.980605513784884,26.479647757890604
1.0,0.35,0.6499557495117188,45.36592921928244,18.658735483090084,18.92158238274281,18.639812550472676,22.8373504501031,24.727232192418242,27.539468754749524
1.0,0.35,0.6499557495117188,48.75314750286069,18.99704085733888,18.975589974557995,18.892563733614672,23.25141915255482,25.501799650098732,28.646082928011317
1.0,0.35,0.6499557495117188,52.39327028763739,19.360605587426047,19.048568943928032,19.16767704543083,23.696404031611735,26.305386879852502,29.801556288223416
1.0,0.35,0.6499557495117188,56.305180527520925,19.751315647107653,19.141392635405424,19.46669308711312,24.174613423958608,27.139117657370488,31.008046064352417
1.0,0.35,0.6499557495117188,60.50917106017665,20.17119782517208,19.254989077925845,19.791260148970807,24.68852801677226,28.004162678737536,32.26780473125638
1.0,0.35,0.6499557495117188,65.0270498751019,20.622430239304943,19.390344132576594,20.143141730911985,25.240813716161558,28.901741823068946,33.58318421497773
1.0,0.35,0.6499557495117188,69.88225324147491,21.107353634965072,19.54850482543416,20.524224588150577,25.834335476421288,29.83312654892109,34.95664028370816
1.0,0.35,0.6499557495117188,75.09996728262276,21.628483527883866,19.730582876292793,20.93652733881986,26.472172161838525,30.79964243405097,36.39073713262336
1.0,0.35,0.6499557495117188,80.70725862776963,22.188523253176673,19.937758434739376,21.382209672735673,27.157632518146293,31.80267186886617,37.88815217114699
1.0,0.35,0.6499557495117188,86.73321481881497,22.79037798875777,20.171284035701,21.863582203292967,27.894272336475684,32.84365691473622,39.45168102158191
1.0,0.35,0.6499557495117188,93.20909520049443,23.437169825804688,20.43248878730128,22.38311700741152,28.68591289884354,33.924102339234246,41.08424273844072
1.0,0.35,0.6499557495117188,100.16849307665888,24.132253964449248,20.72278280461352,22.943458901583615,29.536660800860798,35.04557884134829,42.78888525822002
1.0,0.35,0.6499557495117188,107.64750997384891,24.879236118709485,21.043661903693877,23.547437505432196,30.45092925449069,36.20972648075179,44.5687910897928
1.0,0.35,0.6499557495117188,115.68494291614851,25.681991220949833,21.396712571120375,24.19808014777866,31.433460981363915,37.41825832635698,46.42728325604301
1.0,0.35,0.6499557495117188,124.32248568279667,26.54468352289795,21.783617225154703,24.89862567406022,32.48935281540864,38.67296434060066,48.36783149783473
1.0,0.35,0.6499557495117188,133.60494509257055,27.471788197491115,22.206159785587495,25.652539218046346,33.624082142420164,39.97571551723623,50.394058751898854
1.0,0.35,0.6499557495117188,143.580473436905,28.468114553610803,22.66623157032671,26.46352800520001,34.84353531372432,41.3284682918332,52.50974791473135
1.0,0.35,0.6499557495117188,154.3008182674831,29.53883098413077,23.16583753784611,27.3355582597328,36.15403818132906,42.73326924572805,54.71884890513046
1.0,0.35,0.6499557495117188,165.82159083405836,30.689491776695085,23.70710289572982,28.272873292434877,37.56238891296357,44.19226012583124,57.02548603855929
1.0,0.35,0.6499557495117188,178.20255456501658,31.926065926306077,24.292280096734142,29.280012851744036,39.07589325723157,45.70768320448548,59.433965727100635
1.0,0.35,0.6499557495117188,191.50793508715554,33.25496809918573,24.923756245041442,30.3618338262772,40.70240244181487,47.28188700549935,61.948784519379956
1.0,0.35,0.6499557495117188,205.80675339289442,34.683091908534195,25.604060936708947,31.52353239320929,42.45035390132211,48.91733242455344,64.57463749546689
1.0,0.35,0.6499557495117188,221.17318388320146,36.217845674801566,26.335874559720043,32.77066771347617,44.32881504605661,50.61659927440773,67.31642703242801
1.0,0.35,0.6499557495117188,237.68693914356916,37.86719085597776,27.122037080533467,34.10918728183019,46.3475302987513,52.382393287735205,70.17927195689596
1.0,0.35,0.6499557495117188,255.43368344904343,39.639683347255506,27.965557345600363,35.54545404732198,48.516971643271745,54.21755361297842,73.16851710174238
1.0,0.35,0.6499557495117188,274.5054771433427,41.5445178643064,28.869622927985695,37.08627542785321,50.84839294750579,56.125060841385626,76.28974328469697
1.0,0.35,0.6499557495117188,295.00125419726214,43.591575640406134,29.837610550995016,38.73893435108048,53.353888342237454,58.10804560633839,79.54877772754182
1.0,0.35,0.6499557495117188,317.0273354236721,45.791475684835284,30.873097122575178,40.511222463188936,56.04645495884215,60.16979779924735,82.95170493533386
1.0,0.35,0.6499557495117188,340.69798001138906,48.1556298684559,31.979871416234236,42.41147565693748,58.94006035125215,62.3137764496766,86.5048780559662
1.0,0.35,0.6499557495117188,366.1359782389719,50.69630212221791,33.161946436319,44.44861208095145,62.04971495194041,64.54362032097097,90.21493074127646
1.0,0.35,0.6499557495117188,393.4732884431179,53.42667205568409,34.423572507702886,46.63217280355063,65.391549937784,66.863159276518,94.08878953184625
1.0,0.35,0.6499557495117188,422.8517215458989,56.360903325592126,35.76925113228278,48.97236531650309,68.98290090973333,69.27642647588439,98.1336867886138
1.0,0.35,0.6499557495117188,454.42367669178896,59.514217109111605,37.20374965716441,51.48011007704239,72.84239782037011,71.78767146444335,102.357174195443
1.0,0.35,0.6499557495117188,488.352931810563,62.90297106293531,38.73211680204408,54.16709030033781,76.99006161584975,74.40137422475696,106.76713685785673
1.0,0.35,0.6499557495117188,524.8154932070723,66.5447441778007,40.35969909607526,57.045805229426165,81.4474080935528,77.12226026291687,111.37180802425749
1.0,0.35,0.6499557495117188,564.0005085851008,70.45842796862048,42.09215827745268,60.12962712546778,86.23755951420189,79.95531680827855,116.17978445711859
1.0,0.35,0.6499557495117188,606.1112482415672,74.66432447326639,43.93548971206285,63.43286223815082,91.38536454742675,82.90581021056785,121.20004248284354
1.0,0.35,0.6499557495117188,651.3661595209695,79.18425156836958,45.89604189084862,66.97081603421373,96.91752717298817,85.97930462419613,126.44195475025838
1.0,0.35,0.6499557495117188,700.0,84.04165614845869,47.98053706902743,70.75986298146849,102.86274520633047,89.18168207580688,131.91530772902397
1.0,0.2,0.7999534606933594,10.0,18.983900296629894,27.60485816399761,20.871028649766753,23.235335769503816,19.184897395489376,20.905275252520248
1.0,0.2,0.7999534606933594,10.746643646866719,19.06615979272158,27.015097191827262,20.866828947907383,23.33601724075342,19.634743285093027,21.59287551819242
1.0,0.2,0.7999534606933594,11.549034967274082,19.154561141828395,26.445923787714854,20.868933310173986,23.444216030089592,20.10114270662264,22.31083468468051
1.0,0.2,0.7999534606933594,12.411336325849762,19.249562921503713,25.897070490437837,20.877752053866363,23.560493413291418,20.584708524057724,23.06049315702036
1.0,0.2,0.7999534606933594,13.338020867531947,19.351657948702588,25.36828891294981,20.89372427603175,23.685452573437427,21.08607664950954,23.84325052176004
1.0,0.2,0.7999534606933594,14.333895721783794,19.461375836244944,24.859349831227767,20.917319862043684,23.819741729887532,21.60590694412098,24.660568159939746
1.0,0.2,0.7999534606933594,15.404126939335784,19.57928574015541,24.370043298056363,20.949041634407426,23.964057500888284,22.144884157371365,25.513971975439837
1.0,0.2,0.7999534606933594,16.55426629081414,19.705999312131613,23.90017878239475,20.989427651581707,24.119148517245076,22.703718906708794,26.405055243790883
1.0,0.2,0.7999534606933594,17.790280066271766,19.842173872456605,23.449585335015307,21.03905366728954,24.28581930580676,23.283148699552296,27.33548158676414
1.0,0.2,0.7999534606933594,19.118580025017913,19.98851581981475,23.018111781149415,21.098535761522466,24.464934462908232,23.8839389998341,28.30698807829614
1.0,0.2,0.7999534606933594,20.54605665629717,20.145784295699396,22.605626940923006,21.168533155224356,24.657423139420434,24.506884341390975,29.321388487545892
1.0,0.2,0.7999534606933594,22.080114923355968,20.314795122421213,22.21201987841421,21.249751221478096,24.8642838606738,25.152809490661877,30.380576665139404
1.0,0.2,0.7999534606933594,23.728712676317045,20.496425035145386,21.837200180216662,21.342944706913315,25.086589706258177,25.822570661309797,31.48653007892363
1.0,0.2,0.7999534606933594,25.500401933126838,20.6916162299112,21.481098264445865,21.4489211780113,25.325493876569244,26.517056783557944,32.64131350583079
1.0,0.2,0.7999534606933594,27.404373242718535,20.90138125122664,21.14366572118184,21.568544708007725,25.58223567497758,27.237190831216964,33.84708288674578
1.0,0.2,0.7999534606933594,29.450503360522546,21.12680824459208,20.824875685399302,21.702739821189848,25.858146936652588,27.983931209580284,35.10608935157361
1.0,0.2,0.7999534606933594,31.649406483638657,21.36906660120038,20.524723243497377,21.852495712557566,26.15465893739046,28.75827320758176,36.420683422021305
1.0,0.2,0.7999534606933594,34.01248931144978,21.629413024094873,20.24322587460403,22.01887076207215,26.473309818285397,29.56125051784347,37.793319399941076
1.0,0.2,0.7999534606933594,36.552010217301394,21.90919804725323,19.98042392789627,22.202997364058536,26.815752564759205,30.393936828494414,39.22655994942729
1.0,0.2,0.7999534606933594,39.28114283819694,22.209873041414554,19.736381137246042,22.406087093762824,27.183763581340035,31.257447490913773,40.72308088122205
1.0,0.2,0.7999534606933594,42.21404441237733,22.532997742992105,19.51118517457322,22.629436234602593,27.57925190667158,32.152941267847666,42.28567614836177
1.0,0.2,0.7999534606933594,45.36592921928244,22.880248345127512,19.3049482433623,22.874431691290937,28.004269116554994,33.08162216666725,43.917263062391214
1.0,0.2,0.7999534606933594,48.75314750286069,23.25342619285842,19.117807713877266,23.142557315772976,28.461019966395252,34.04474136288154,45.6208877398836
1.0,0.2,0.7999534606933594,52.39327028763739,23.6544671275053,18.949926801690786,23.43540067479434,28.951873828258933,35.0435992193911,47.39973078943551
1.0,0.2,0.7999534606933594,56.305180527520925,24.085451528750937,18.801495291229188,23.75466028993294,29.479376981872665,36.07954740737373,49.2571132497534
1.0,0.2,0.7999534606933594,60.50917106017665,24.548615106505444,18.672730306123476,24.10215338307801,30.046265823321182,37.15399113512975,51.19650278991862
1.0,0.2,0.7999534606933594,65.0270498751019,25.046360498539002,18.56387712824975,24.47982416264284,30.65548105996442,38.26839149168863,53.22152018340607
1.0,0.2,0.7999534606933594,69.88225324147491,25.581269734044465,18.4752100674395,24.889752688261176,31.310182965209066,39.42426791249146,55.33594606794362
1.0,0.2,0.7999534606933594,75.09996728262276,26.15611762778397,18.40703338394166,25.33416435435263,32.013767772267954,40.62320077501848,57.543728003832506
1.0,0.2,0.7999534606933594,80.70725862776963,26.77388617430101,18.359682265824517,25.815440035762016,32.76988529194909,41.866834132833134,59.84898784390648
1.0,0.2,0.7999534606933594,86.73321481881497,27.437780016867144,18.33352386361639,26.336126941693436,33.58245784586567,43.15687859716496,62.25602942888904
1.0,0.2,0.7999534606933594,93.20909520049443,28.151243071407883,18.32895838459983,26.898950227387065,34.45570061328227,44.49511437585953,64.76934662251587
1.0,0.2,0.7999534606933594,100.16849307665888,28.917976391643315,18.34642024929546,27.50682541643848,35.39414349714525,45.883394480288565,67.39363170142367
1.0,0.2,0.7999534606933594,107.64750997384891,29.741957368118232,18.3863793127982,28.162871690353555,36.4026546227266,47.32364811164073,70.13378411546894
1.0,0.2,0.7999534606933594,115.68494291614851,30.62746036071555,18.44934215376101,28.870426105882682,37.48646559077892,48.81788423891161,72.99491963483219
1.0,0.2,0.7999534606933594,124.32248568279667,31.579078871683294,18.535853433960156,29.633058804905016,38.651198616201306,50.368195381882785,75.98237990098471
1.0,0.2,0.7999534606933594,133.60494509257055,32.60174937419652,18.6464973315208,30.454589286155013,39.902895692996445,51.97676161343241,79.10174239934906
1.0,0.2,0.7999534606933594,143.580473436905,33.700776920063696,18.781899051033175,31.339103812921227,41.24804993681066,53.64585479666006,82.35883087227242
1.0,0.2,0.7999534606933594,154.3008182674831,34.8818626594162,18.94272641394865,32.29097403602232,42.69363926764484,55.377843073542635,85.75972619175292
1.0,0.2,0.7999534606933594,165.82159083405836,36.15113341513794,19.129691532810433,33.314876916901845,44.247162607463586,57.175195623174744,89.31077771221815
1.0,0.2,0.7999534606933594,178.20255456501658,37.51517346545102,19.34355257304764,34.41581604160631,45.91667878047582,59.0404877090932,93.01861512455129
1.0,0.2,0.7999534606933594,191.50793508715554,38.98105869952791,19.58511560624292,35.59914442274759,47.710848317880135,60.97640603675089,96.89016083349557
1.0,0.2,0.7999534606933594,205.80675339289442,40.5563933233107,19.855236558973857,36.87058889332946,49.63897838393491,62.985754443898585,100.93264288154563
1.0,0.2,0.7999534606933594,221.17318388320146,42.24934930594717,20.154823261527476,38.23627620357047,51.71107105640495,65.07145994846412,105.1536084434537
1.0,0.2,0.7999534606933594,237.68693914356916,44.06870877146969,20.484837600994926,39.702760939613206,53.93787521183687,67.23657918049925,109.56093791654513
1.0,0.2,0.7999534606933594,255.43368344904343,46.023909555622126,20.84629778347164,41.27705539131083,56.330942284815755,69.48430522690276,114.16285963314863
1.0,0.2,0.7999534606933594,274.5054771433427,48.1250941641582,21.2402807103159,42.96666150516041,58.902686190451206,71.81797491994088,118.96796522260945
1.0,0.2,0.7999534606933594,295.00125419726214,50.38316238658002,21.667924473657415,44.779605067952524,61.66644772093775,74.24107660308051,123.98522565156533
1.0,0.2,0.7999534606933594,317.0273354236721,52.80982783824813,22.130430976597232,46.724472276869044,64.63656375024352,76.75725841034418,129.2240079724324
1.0,0.2,0.7999534606933594,340.69798001138906,55.417678724172134,22.629068683801613,48.81044886263288,67.82844160592312,79.3703370982998,134.6940928113692
1.0,0.2,0.7999534606933594,366.1359782389719,58.22024313969124,23.165175508466024,51.04736194394472,71.2586389938545,82.08430747292975,140.40569262836897
1.0,0.2,0.7999534606933594,393.4732884431179,61.23205924678855,23.74016184191182,53.445724803884346,74.94494989050565,84.90335245699544,146.36947078357088
1.0,0.2,0.7999534606933594,422.8517215458989,64.46875069007535,24.35551373237783,56.016784792266876,78.90649684829282,87.83185384714564,152.59656144538576
1.0,0.2,0.7999534606933594,454.42367669178896,67.94710764366197,25.01279621988284,58.772574572183835,83.16383019285958,90.87440381392098,159.09859037760543
1.0,0.2,0.7999534606933594,488.352931810563,71.68517390934159,25.713656834363487,61.725966944195456,87.73903462685779,94.03581720200759,165.88769664430305
1.0,0.2,0.7999534606933594,524.8154932070723,75.70234051790484,26.459829264635797,64.89073349793877,92.65584379323212,97.3211446925994,172.97655527304767
1.0,0.2,0.7999534606933594,564.0005085851008,80.019446319137,27.253137206088567,68.28160735835296,97.93976339229941,100.73568689457053,180.3784009187443
1.0,0.2,0.7999534606933594,606.1112482415672,84.65888608230331,28.09549839539368,71.91435031237718,103.61820349128651,104.28500943634522,188.1070525722786
1.0,0.2,0.7999534606933594,651.3661595209695,89.64472666788852,28.988928840913015,75.80582462193324,109.72062071267582,107.97495913591128,196.17693936009698
1.0,0.2,0.7999534606933594,700.0,95.00283187322545,29.935547257894203,79.97406985035323,116.27867103895314,111.81168133236874,204.60312748288885
0.0,0.5,0.5,10.0,13.484710445628393,16.245685467614194,14.779133804844692,16.50460495804086,10.595507581086718,8.081032722407322
0.0,0.5,0.5,10.746643646866719,13.589463007718932,16.30130375805895,14.827435516271773,16.632816806757827,10.899677104762043,8.378956889566092
0.0,0.5,0.5,11.549034967274082,13.702036853307261,16.365482149250766,14.883506860041699,16.770601511704548,11.215120882387378,8.69003499323854
0.0,0.5,0.5,12.411336325849762,13.823015953556776,16.438800004063207,14.947871041403364,16.91867382410965,11.542264120868857,9.014847805530046
0.0,0.5,0.5,13.338020867531947,13.95302788146679,16.521877345605404,15.021087907308619,17.077801861648172,11.88154875813442,9.35400174077394
0.0,0.5,0.5,14.333895721783794,14.09274706737589,16.61537770433694,15.103756506017072,17.248811093013344,12.233434185863707,9.708129987686158
0.0,0.5,0.5,15.404126939335784,14.242898297535435,16.72001116457152,15.196517825531028,17.43258861999395,12.598398009111207,10.077893691506777
0.0,0.5,0.5,16.55426629081414,14.404260473901763,16.83653762433279,15.300057723354735,17.63008777927025,12.976936845153663,10.463983188335405
0.0,0.5,0.5,17.790280066271766,14.577670654650943,16.965770283503662,15.415110060944835,17.84233308780007,13.36956716406882,10.867119293964905
0.0,0.5,0.5,19.118580025017913,14.764028396375961,17.108579376256845,15.542460057152963,18.070425557448996,13.776826173743292,11.288054649619648
0.0,0.5,0.5,20.54605665629717,14.96430042049132,17.26589616487386,15.68294787596045,18.31554840643407,14.19927275221368,11.72757512711076
0.0,0.5,0.5,22.080114923355968,15.179525628051769,17.438717213257945,15.837472464874145,18.578973197208807,14.637488430469006,12.186501296031716
0.0,0.5,0.5,23.728712676317045,15.410820488999272,17.628108959728134,16.006995661495914,18.862066432629454,15.092078429084543,12.66568995573354
0.0,0.5,0.5,25.500401933126838,15.659384833794714,17.83521261005356,16.192546587001967,19.16629664461988,15.56367275231996,13.166035734939644
0.0,0.5,0.5,27.404373242718535,15.926508077478067,18.061249373154848,16.395226346577076,19.49324201210706,16.052927343598682,13.68847276198686
0.0,0.5,0.5,29.450503360522546,16.213575908444078,18.307526063469922,16.6162130582494,19.844598547744923,16.560525306593902,14.233976408810884
0.0,0.5,0.5,31.649406483638657,16.52207747663115,18.57544109566232,16.856767233069668,20.2221888958947,17.08717819647977,14.803565111932063
0.0,0.5,0.5,34.01248931144978,16.85361311841175,18.866490899148143,17.11823753118177,20.627971787500893,17.633627386268277,15.398302273841315
0.0,0.5,0.5,36.552010217301394,17.209902658256894,19.182276781842145,17.40206692004653,21.06405220090959,18.200645513543215,16.019298248335943
0.0,0.5,0.5,39.28114283819694,17.59279433023907,19.52451227458234,17.709799262915393,21.53269228133774,18.78903801332682,16.667712413511953
0.0,0.5,0.5,42.21404441237733,18.004274365653625,19.895030989895673,18.04308636761372,22.03632307563778,19.399644743273118,17.344755336283008
0.0,0.5,0.5,45.36592921928244,18.446477296493647,20.29579503112461,18.403695527793417,22.57755714323087,20.0333417078787,18.05169103246716
0.0,0.5,0.5,48.75314750286069,18.921697028227427,20.72890399045731,18.793517591061747,23.15920210862758,20.691042888939037,18.789839326660864
0.0,0.5,0.5,52.39327028763739,19.43239873931768,21.19660457710289,19.214575590796674,23.784275225838837,21.373702190059536,19.560578316306028
0.0,0.5,0.5,56.305180527520925,19.981231669210885,21.701300919741712,19.66903398103118,24.456019030229392,22.082315503658865,20.36534694455049
0.0,0.5,0.5,60.50917106017665,20.571042861133687,22.245565590471042,20.159208516540303,25.17791815900697,22.817922909582098,21.205647686705273
0.0,0.5,0.5,65.0270498751019,21.204891930986502,22.832151400773313,20.68757682320839,25.9537174276026,23.581611015174577,22.083049355314305
0.0,0.5,0.5,69.88225324147491,21.886066938947106,23.46400402357269,21.25678970690341,26.7874412557123,24.37451544746103,22.99919002907334
0.0,0.5,0.5,75.09996728262276,22.618101446117535,24.1442754992321,21.86968325245468,27.683414543771953,25.19782350893017,23.95578011106652
0.0,0.5,0.5,80.70725862776963,23.40479284469456,24.876338687393936,22.529291767934946,28.646285108160804,26.05277700934863,24.954605522029986
0.0,0.5,0.5,86.73321481881497,24.250222056750804,25.663802730903406,23.238861633304616,29.681047791515244,26.940675287024657,25.99753103460441
0.0,0.5,0.5,93.20909520049443,25.15877470381279,26.510529602691747,24.001866116602034,30.793070373223827,27.862878434014814,27.086503754801253
0.0,0.5,0.5,100.16849307665888,26.135163857052046,27.420651811460427,24.822021225277876,31.98812141451291,28.820810740924085,28.223556757182653
0.0,0.5,0.5,107.64750997384891,27.184454486104872,28.398591347318714,25.703302664994784,33.272400182567985,29.8159643781937,29.410812880541613
0.0,0.5,0.5,115.68494291614851,28.31208973334761,29.44907995421008,26.649963983265977,34.652568808920485,30.84990333210988,30.65048869116889
0.0,0.5,0.5,124.32248568279667,29.523919149924023,30.577180822044173,27.666555980712342,36.13578684892006,31.924267615205487,31.944898621105924
0.0,0.5,0.5,133.60494509257055,30.826229039997724,31.78831179795819,28.75794747850094,37.72974842156802,33.04077777227092,33.29645928910977
0.0,0.5,0.5,143.580473436905,32.22577507063896,33.0882702230942,29.929347536715568,39.44272212237271,34.20123970484848,34.70769401239704
0.0,0.5,0.5,154.3008182674831,33.72981731650777,34.483259508729425,31.186329225029414,41.283593916272956,35.407549838860724,36.18123751759031
0.0,0.5,0.5,165.82159083405836,35.34615792112629,35.97991757356856,32.53485505413265,43.26191323313437,36.66170066192606,37.71984085966187
0.0,0.5,0.5,178.20255456501658,37.08318157010593,37.58534727253775,33.981304183944445,45.38794250493662,37.965786658949895,39.32637655805869
0.0,0.5,0.5,191.50793508715554,38.94989898628236,39.30714895654765,35.53250153274576,47.67271040162326,39.322010676754765,41.003843959597276
0.0,0.5,0.5,205.80675339289442,40.95599367238714,41.153455312459926,37.19574892004176,50.1280690417725,40.73269075083452,42.755374838140874
0.0,0.5,0.5,221.17318388320146,43.11187214373125,43.132968642943084,38.978858385241885,52.76675547486642,42.200267429793044,44.58423924151339
0.0,0.5,0.5,237.68693914356916,45.428717911479936,45.25500075708583,40.89018783417231,55.602457754094644,43.72731163566413,46.49385159656604
0.0,0.5,0.5,255.43368344904343,47.91854949655459,47.529515654603124,42.938679176056375,58.64988594244199,45.31653310111299,48.48777708379472
0.0,0.5,0.5,274.5054771433427,50.59428277510564,49.96717519927324,45.133899124961026,61.92484842040052,46.970789427498,50.569738293409195
0.0,0.5,0.5,295.00125419726214,53.469797978970696,52.579387990946216,47.48608285186407,65.44433389114853,48.69309581093061,52.74362217528077
0.0,0.5,0.5,317.0273354236721,56.560011698679205,55.378361660123076,50.00618068650251,69.22659950859392,50.48663548681844,55.013487295743836
0.0,0.5,0.5,340.69798001138906,59.880954262515786,58.37715882479344,52.70590808207688,73.29126558544212,52.35477094691652,57.38357141479949
0.0,0.5,0.5,366.1359782389719,63.44985289304215,61.58975696600381,55.59779907077325,77.65941737258164,54.301055986652536,59.85829939786741
0.0,0.5,0.5,393.4732884431179,67.28522107244791,65.03111249659048,58.69526345399097,82.3537144377629,56.32924864443619,62.44229147685722
0.0,0.5,0.5,422.8517215458989,71.40695458030845,68.71722931672963,62.01264798820379,87.3985082109664,58.443325098819344,65.14037187598242
0.0,0.5,0.5,454.42367669178896,75.8364347019412,72.66523217052256,65.56530184561194,92.81996830622144,60.647494593743865,67.95757781842069
0.0,0.5,0.5,488.352931810563,80.59663914274788,76.89344513983805,69.36964664824596,98.64621827516284,62.94621546670542,70.89916893063621
0.0,0.5,0.5,524.8154932070723,85.71226122390608,81.42147563518137,73.44325139504969,104.907481496541,65.34421235947681,73.97063706192097
0.0,0.5,0.5,564.0005085851008,91.20983797773104,86.27030426855328,77.80491262379324,111.63623795847934,67.84649469607858,77.17771653748841
0.0,0.5,0.5,606.1112482415672,97.1178878071966,91.46238102022247,82.47474017355113,118.86739274677971,70.4583765179619,80.52639486426096
0.0,0.5,0.5,651.3661595209695,103.46705842371638,97.02172814018233,87.47424893903198,126.63845711329948,73.18549777188352,84.02292390933935
0.0,0.5,0.5,700.0,110.29028583060587,102.97405025593093,92.82645703538518,134.98974306368467,76.0338471517102,87.67383157202305
1.0,0.5,0.5,10.0,13.31849612961522,16.045439010038972,14.596964256114351,16.301167024743766,10.595507581086718,8.081032722407322
1.0,0.5,0.5,10.746643646866719,13.390009358620953,16.0620482026516,14.609812044409379,16.388695607487357,10.899677104762043,8.378956889566092
1.0,0.5,0.5,11.549034967274082,13.466862077437092,16.084593356025234,14.62805393523603,16.482759456253422,11.215120882387378,8.690034993238537
1.0,0.5,0.5,12.411336325849762,13.549452955678083,16.11346959673754,14.652046712781488,16.58384652252759,11.54226412086886,9.014847805530048
1.0,0.5,0.5,13.338020867531947,13.638210429371851,16.149099811298505,14.682172177845041,16.692481190383155,11.88154875813442,9.354001740773938
1.0,0.5,0.5,14.333895721783794,13.733594923450157,16.19193658983182,14.718838895239408,16.80922699669711,12.233434185863706,9.708129987686158
1.0,0.5,0.5,15.404126939335784,13.836101240179781,16.242464305876457,14.762484063277144,16.934689554469323,12.598398009111207,10.077893691506775
1.0,0.5,0.5,16.55426629081414,13.946261125924392,16.30120134184108,14.813575513871719,17.069519694409568,12.976936845153665,10.463983188335405
1.0,0.5,0.5,17.790280066271766,14.06464602955208,16.368702470311508,14.872613852378702,17.21441684108906,13.369567164068823,10.867119293964905
1.0,0.5,0.5,19.118580025017913,14.191870066797625,16.445561402125865,14.940134746940101,17.370132641170294,13.776826173743292,11.28805464961965
1.0,0.5,0.5,20.54605665629717,14.328593205956981,16.532413512896287,15.016711377776948,17.537474862536268,14.199272752213682,11.72757512711076
1.0,0.5,0.5,22.080114923355968,14.475524691439638,16.629938760474154,15.102957057605042,17.71731158454579,14.637488430469004,12.186501296031716
1.0,0.5,0.5,23.728712676317045,14.633426722938324,16.738864806730692,15.199528035129475,17.910575701151483,15.092078429084546,12.66568995573354
1.0,0.5,0.5,25.500401933126838,14.803118409301597,16.859970357961572,15.30712649440881,18.118269760240274,15.563672752319958,13.166035734939642
1.0,0.5,0.5,27.404373242718535,14.985480017619793,16.994088739225877,15.426503763773496,18.341471164300128,16.052927343598682,13.688472761986862
1.0,0.5,0.5,29.450503360522546,15.181457539566305,17.14211171900227,15.558463748939158,18.58133775939128,16.560525306593906,14.233976408810886
1.0,0.5,0.5,31.649406483638657,15.392067598681825,17.304993601692313,15.703866605978236,18.83911384141447,17.087178196479773,14.803565111932063
1.0,0.5,0.5,34.01248931144978,15.618402724057825,17.483755606728682,15.863632670907876,19.116136610833337,17.633627386268277,15.398302273841312
1.0,0.5,0.5,36.552010217301394,15.861637017776303,17.67949055435945,16.038746663822664,19.41384310933461,18.200645513543215,16.019298248335943
1.0,0.5,0.5,39.28114283819694,16.123032245505282,17.89336787958556,16.230262186753503,19.733777674409577,18.789038013326824,16.667712413511953
1.0,0.5,0.5,42.21404441237733,16.403944381844777,18.126638997232305,16.43930653577396,20.07759995052717,19.39964474327312,17.344755336283004
1.0,0.5,0.5,45.36592921928244,16.70583064437683,18.380643042745163,16.66708584930917,20.44709349845621,20.0333417078787,18.051691032467158
1.0,0.5,0.5,48.75314750286069,17.03025705290848,18.656813015022617,16.914890616136333,20.84417504739719,20.691042888939045,18.789839326660864
1.0,0.5,0.5,52.39327028763739,17.378906553120718,18.95668234944095,17.184101568206845,21.270904437918656,21.37370219005954,19.56057831630603
1.0,0.5,0.5,56.305180527520925,17.75358774676463,19.281891951197927,17.476195985175874,21.72949530727653,22.08231550365887,20.365346944550495
1.0,0.5,0.5,60.50917106017665,18.15624427369201,19.634197721212217,17.792754439403595,22.222326572546123,22.8179229095821,21.205647686705273
1.0,0.5,0.5,65.0270498751019,18.588964894389367,20.015478609072677,18.135468012201898,22.751954771134802,23.58161101517458,22.083049355314305
1.0,0.5,0.5,69.88225324147491,19.05399432531791,20.427745229947604,18.50614601425041,23.321127322691247,24.374515447461032,22.999190029073343
1.0,0.5,0.5,75.09996728262276,19.55374488326734,20.87314908494877,18.90672424540601,23.932796781206747,25.197823508930167,23.955780111066524
1.0,0.5,0.5,80.70725862776963,20.090808999127866,21.353992427210876,19.33927383159079,24.590136151240547,26.05277700934863,24.95460552202999
1.0,0.5,0.5,86.73321481881497,20.667972665995133,21.872738818906786,19.806010679076497,25.296555347721455,26.94067528702466,25.99753103460441
1.0,0.5,0.5,93.20909520049443,21.28822989136928,22.43202442758566,20.30930558930026,26.055718884710085,27.862878434014814,27.086503754801257
1.0,0.5,0.5,100.16849307665888,21.954798228418298,23.034670113609593,20.851695080359903,26.871564884881256,28.82081074092409,28.223556757182653
1.0,0.5,0.5,107.64750997384891,22.671135466873338,23.683694364090602,21.4358929645617,27.748325508337366,29.815964378193698,29.41081288054161
1.0,0.5,0.5,115.68494291614851,23.440957570139027,24.382327132609284,22.064802734842374,28.690548906726125,30.849903332109882,30.65048869116889
1.0,0.5,0.5,124.32248568279667,24.268257951666804,25.134024648148277,22.74153081657809,29.70312281654849,31.92426761520549,31.944898621105928
1.0,0.5,0.5,133.60494509257055,25.157328190586394,25.942485261115888,23.469400745241078,30.791299914046043,33.04077777227093,33.29645928910978
1.0,0.5,0.5,143.580473436905,26.11278029405674,26.81166639908863,24.25196833458895,31.960725063194836,34.20123970484849,34.70769401239705
1.0,0.5,0.5,154.3008182674831,27.139570621821253,27.7458027099877,25.093037904590833,33.21746459815345,35.407549838860724,36.18123751759032
1.0,0.5,0.5,165.82159083405836,28.243025597074713,28.749425475846877,25.996679643129486,34.568037792066356,36.66170066192606,37.719840859661865
1.0,0.5,0.5,178.20255456501658,29.428869337015826,29.82738338615314,26.967248180691463,36.019450675465635,37.9657866589499,39.32637655805869
1.0,0.5,0.5,191.50793508715554,30.70325334641731,30.98486476597242,28.009402462791428,37.57923237970196,39.32201067675477,41.00384395959728
1.0,0.5,0.5,205.80675339289442,32.072788428247605,32.227421360741175,29.128127010797687,39.255474193934994,40.73269075083452,42.75537483814088
1.0,0.5,0.5,221.17318388320146,33.544578976878874,33.56099378673884,30.328754668160407,41.056871538288966,42.20026742979305,44.58423924151339
1.0,0.5,0.5,237.68693914356916,35.12625983177554,34.991938763891255,31.616990935821295,42.992769070907386,43.72731163566413,46.493851596566046
1.0,0.5,0.5,255.43368344904343,36.82603588284014,36.52705825572365,32.99894000783366,45.07320916289726,45.316533101112995,48.48777708379473
1.0,0.5,0.5,274.5054771433427,38.6527246328671,38.17363065002362,34.48113262597934,47.308983992624235,46.970789427498,50.5697382934092
1.0,0.5,0.5,295.00125419726214,40.61580193789511,39.93944412312742,36.07055588046782,49.71169152959522,48.69309581093061,52.74362217528076
1.0,0.5,0.5,317.0273354236721,42.725451162733854,41.83283234075169,37.77468509268184,52.293795698342024,50.486635486818436,55.01348729574384
1.0,0.5,0.5,340.69798001138906,44.992616006656924,43.86271265900173,39.60151792543281,55.06869103440312,52.35477094691653,57.3835714147995
1.0,0.5,0.5,366.1359782389719,47.42905727329146,46.03862700064709,41.55961087635273,58.05077216780323,54.30105598665254,59.85829939786741
1.0,0.5,0.5,393.4732884431179,50.047413879195666,48.37078559401677,43.65811832092184,61.25550849447278,56.3292486444362,62.442291476857235
1.0,0.5,0.5,422.8517215458989,52.86126841760285,50.87011377498689,45.90683428326373,64.69952442296139,58.443325098819344,65.14037187598244
1.0,0.5,0.5,454.42367669178896,55.88521761744092,53.54830206657348,48.31623712528555,68.40068561272139,60.647494593743865,67.9575778184207
1.0,0.5,0.5,488.352931810563,59.13494806312967,56.417859765664716,50.897537358054926,72.37819165131779,62.946215466705425,70.89916893063621
1.0,0.5,0.5,524.8154932070723,62.62731756794871,59.492172282502764,53.66272879355099,76.65267565132339,65.34421235947681,73.97063706192097
1.0,0.5,0.5,564.0005085851008,66.38044262309616,62.785562495724605,56.62464327016664,81.24631128355274,67.8464946960786,77.17771653748841
1.0,0.5,0.5,606.1112482415672,70.41379237607583,66.31335640417679,59.79700920164467,86.18292780186458,70.45837651796191,80.52639486426096
1.0,0.5,0.5,651.3661595209695,74.74828962592086,70.09195337641279,63.19451421657425,91.48813365621787,73.18549777188352,84.02292390933937
1.0,0.5,0.5,700.0,79.40641935916169,74.13890131985455,66.83287217423751,97.18944933521846,76.0338471517102,87.67383157202308
