family,pump_power_cap,R,R_active,pump_power,mass,design
B1,0.1,0.018433227783521994,0.018433227783521994,0.09683142022876573,0.28820089787293457,"{""family"": ""B1"", ""type"": ""channel"", ""channel_width"": 0.003416666666666667, ""rib_thickness"": 0.00075, ""n_starts"": 12, ""layout"": ""helical""}"
B1,0.25,0.01432705475429558,0.01432705475429558,0.2006399568666922,0.2956998167052004,"{""family"": ""B1"", ""type"": ""channel"", ""channel_width"": 0.002, ""rib_thickness"": 0.0005, ""n_starts"": 20, ""layout"": ""helical""}"
B1,0.5,0.012427659711430608,0.012427659711430608,0.435149811459368,0.37068900502785807,"{""family"": ""B1"", ""type"": ""channel"", ""channel_width"": 0.0015, ""rib_thickness"": 0.001, ""n_starts"": 20, ""layout"": ""helical""}"
B1,1.0,0.010333951671924376,0.010333951671924376,0.8173155244948185,0.3256954920342634,"{""family"": ""B1"", ""type"": ""channel"", ""channel_width"": 0.0009, ""rib_thickness"": 0.00035, ""n_starts"": 40, ""layout"": ""helical""}"
B1,2.0,0.009936588183521278,0.009936588183521278,1.9214424191814639,0.3519417079471936,"{""family"": ""B1"", ""type"": ""channel"", ""channel_width"": 0.0009285714285714286, ""rib_thickness"": 0.0005, ""n_starts"": 24, ""layout"": ""helical""}"
B1s,0.1,0.028892701686441064,0.02166447608103371,0.084461175642015,0.29440297612133326,"{""family"": ""B1s"", ""type"": ""channel"", ""channel_width"": 0.0013166666666666667, ""rib_thickness"": 0.00035, ""n_starts"": 1, ""layout"": ""circumferential""}"
B1s,0.25,0.025666818304536525,0.018269122605752214,0.1813863416904335,0.31896709203426343,"{""family"": ""B1s"", ""type"": ""channel"", ""channel_width"": 0.0009, ""rib_thickness"": 0.00035, ""n_starts"": 1, ""layout"": ""circumferential""}"
B1s,0.5,0.025666818304536525,0.018269122605752214,0.1813863416904335,0.31896709203426343,"{""family"": ""B1s"", ""type"": ""channel"", ""channel_width"": 0.0009, ""rib_thickness"": 0.00035, ""n_starts"": 1, ""layout"": ""circumferential""}"
B1s,1.0,0.025666818304536525,0.018269122605752214,0.1813863416904335,0.31896709203426343,"{""family"": ""B1s"", ""type"": ""channel"", ""channel_width"": 0.0009, ""rib_thickness"": 0.00035, ""n_starts"": 1, ""layout"": ""circumferential""}"
B1s,2.0,0.025666818304536525,0.018269122605752214,0.1813863416904335,0.31896709203426343,"{""family"": ""B1s"", ""type"": ""channel"", ""channel_width"": 0.0009, ""rib_thickness"": 0.00035, ""n_starts"": 1, ""layout"": ""circumferential""}"
B2,0.1,0.028099995137933383,0.020770805480250537,0.0996997352209229,0.29966671524553257,"{""family"": ""B2"", ""type"": ""uniform_lattice"", ""rho"": 0.225, ""L"": 0.006, ""w"": 0.0, ""a_z"": 1.0}"
B2,0.25,0.02494854922717988,0.01742693025960676,0.24917910366775478,0.33475830940686135,"{""family"": ""B2"", ""type"": ""uniform_lattice"", ""rho"": 0.325, ""L"": 0.00425, ""w"": 0.0, ""a_z"": 1.0}"
B2,0.5,0.023157651913084453,0.01556484203575541,0.4868828551338094,0.30843961378586476,"{""family"": ""B2"", ""type"": ""uniform_lattice"", ""rho"": 0.25, ""L"": 0.002, ""w"": 0.0, ""a_z"": 1.0}"
B2,1.0,0.02164555681920253,0.01391162099693625,0.9946415572583958,0.36984990356819014,"{""family"": ""B2"", ""type"": ""uniform_lattice"", ""rho"": 0.425, ""L"": 0.00225, ""w"": 0.0, ""a_z"": 1.0}"
B2,2.0,0.020715175228368132,0.012901443771379594,1.8113740954963795,0.3961685991891868,"{""family"": ""B2"", ""type"": ""uniform_lattice"", ""rho"": 0.5, ""L"": 0.002, ""w"": 0.0, ""a_z"": 1.0}"
B3,0.25,0.023814985218044576,0.01621009772468871,0.22411392954314016,0.3194105047640542,"{""family"": ""B3"", ""type"": ""graded_density_lattice"", ""rho_path"": [0.345819, 0.256905, 0.213618, 0.400687], ""amp_z"": -0.005124, ""L"": 0.004, ""w"": 0.0, ""a_z"": 1.0}"
B3,0.5,0.02267093125613025,0.01497015084251773,0.3044903309356291,0.33487470444772605,"{""family"": ""B3"", ""type"": ""graded_density_lattice"", ""rho_path"": [0.250858, 0.232731, 0.367829, 0.5], ""amp_z"": -0.002265, ""L"": 0.004, ""w"": 0.0, ""a_z"": 1.0}"
B3,1.0,0.02267093125613025,0.01497015084251773,0.3044903309356291,0.33487470444772605,"{""family"": ""B3"", ""type"": ""graded_density_lattice"", ""rho_path"": [0.250858, 0.232731, 0.367829, 0.5], ""amp_z"": -0.002265, ""L"": 0.004, ""w"": 0.0, ""a_z"": 1.0}"
B3,2.0,0.02267093125613025,0.01497015084251773,0.3044903309356291,0.33487470444772605,"{""family"": ""B3"", ""type"": ""graded_density_lattice"", ""rho_path"": [0.250858, 0.232731, 0.367829, 0.5], ""amp_z"": -0.002265, ""L"": 0.004, ""w"": 0.0, ""a_z"": 1.0}"
