w,rho,porosity,n1,n2,K_mean,K_min,K_max,K_mean_raw_n1,K_mean_raw_n2,correction,a_sf_L,kozeny_c,tortuosity,interstitial_u_mean,anisotropy,time_s,n_solves,Kxx,Kxy,Kxz,Kyy,Kyz,Kzz
0.0,0.15,0.8499755859375,32,64,0.01342689578531842,0.013426895785318419,0.013426895785318419,0.013538655022199864,0.013482775403759141,0.00416176749519599,2.28956937789917,8.724411080657049,1.0943108384100473,0.015796801705203003,0.0,21.59196760900022,1,0.013426895785318419,0.0,0.0,0.013426895785318419,0.0,0.013426895785318419
0.0,0.2,0.7999763488769531,32,64,0.010304101835152664,0.010304101835152664,0.010304101835152664,0.01029388526982067,0.010298993552486667,0.0004957523467566763,2.5308656692504883,7.756809228054112,1.116494181648506,0.012880508092043068,0.0,25.572238808999828,1,0.010304101835152664,0.0,0.0,0.010304101835152664,0.0,0.010304101835152664
0.0,0.25,0.7499580383300781,32,64,0.00793803282884941,0.00793803282884941,0.00793803282884941,0.00801078918545807,0.00797441100715374,0.004582769949264953,2.7202954292297363,7.180684724534129,1.1382251088227755,0.010584635970466995,0.0,21.432899996999822,1,0.00793803282884941,0.0,0.0,0.00793803282884941,0.0,0.00793803282884941
0.0,0.3,0.7000045776367188,32,64,0.006214039113954153,0.006214039113954153,0.006214039113954153,0.006205294922644142,0.006209667018299146,0.000703583542818002,2.866424322128296,6.718119074005899,1.160045750028773,0.008877140682327153,0.0,19.84862210199981,1,0.006214039113954153,0.0,0.0,0.006214039113954153,0.0,0.006214039113954153
0.0,0.35,0.6499977111816406,32,64,0.0048869531324447525,0.0048869531324447525,0.0048869531324447525,0.004840247238394938,0.004863600185419845,0.004778631264103126,2.969595432281494,6.372395687818313,1.1812849793292013,0.007518415908820182,0.0,16.86599007299992,1,0.0048869531324447525,0.0,0.0,0.0048869531324447525,0.0,0.0048869531324447525
0.0,0.4,0.5999946594238281,32,64,0.0038286187746930556,0.0038286187746930556,0.0038286187746930556,0.0037372336897621918,0.0037829262322276237,0.011934471712738003,3.0367918014526367,6.117443866356429,1.201092096756131,0.006381088088966757,0.0,15.766315478999786,1,0.0038286187746930556,0.0,0.0,0.0038286187746930556,0.0,0.0038286187746930556
0.0,0.45,0.5499954223632812,32,64,0.0029495260735132845,0.0029495260735132845,0.0029495260735132845,0.002881476783173555,0.0029155014283434194,0.011535631257986049,3.0801796913146973,5.9452877443836805,1.2216189924912402,0.005362819313730711,0.0,13.351182024000082,1,0.0029495260735132845,0.0,0.0,0.0029495260735132845,0.0,0.0029495260735132845
0.0,0.5,0.5,32,64,0.0022244365328054003,0.0022244365328054003,0.0022244365328054003,0.0022212498439399568,0.0022228431883726785,0.0007162912536381803,3.093299388885498,5.87281178276266,1.2404182662854069,0.0044488730656108005,0.0,8.574090798999805,1,0.0022244365328054003,0.0,0.0,0.0022244365328054003,0.0,0.0022244365328054003
0.0,0.55,0.4500083923339844,32,64,0.0016805223426093728,0.0016805223426093728,0.0016805223426093728,0.0016513018698779368,0.0016659121062436548,0.00869386618391068,3.0801773071289062,5.715656422517151,1.2586233193622671,0.0037344244490492375,0.0,9.59073531499962,1,0.0016805223426093728,0.0,0.0,0.0016805223426093728,0.0,0.0016805223426093728
0.5,0.15,0.8499984741210938,32,64,0.014606891040237614,0.01371195947491603,0.016396754167638534,0.014588961221838165,0.014597926131037888,0.0006137451976798736,2.1873579025268555,8.787330270045649,1.0703510858854364,0.01718460854337565,0.18380329430312714,135.85612176800032,3,0.0146068910402683,0.0008949315628791855,0.0008949315629161059,0.014606891040223488,0.00089493156530609,0.014606891040221053
0.5,0.2,0.7999992370605469,32,64,0.010489188766200343,0.009831133407871465,0.011804681990653026,0.01049967096065252,0.010494429863426432,0.0025016185532996484,2.5141239166259766,7.7224207185013345,1.0894843220433454,0.01311149846184976,0.18815073565469537,117.22069052000006,3,0.010488898615520024,0.0006575564820037995,0.0006575026933425484,0.010489198371335095,0.0006581804560598736,0.01048946931174591
0.5,0.25,0.75,32,64,0.007647976216030893,0.007148064467831855,0.008647799697044118,0.0076519105551963625,0.007649943385613627,0.002320995118450307,2.7848305702209473,7.112785403980043,1.10973188783326,0.010197301621374524,0.1960956973256107,108.6190572380001,3,0.0076479762161239225,0.0004999117421223678,0.0004999117462557807,0.0076479762159549795,0.0004999117331416917,0.007647976216013777
0.5,0.3,0.6999969482421875,32,64,0.005574377861868971,0.005260472700835062,0.0062021879942791465,0.005571046870881589,0.0055727123663752804,0.0021442346036059765,3.026946544647217,6.7155646251535055,1.1332780187831013,0.007963431663333949,0.1689363937607822,91.06635767800026,3,0.0055743778608716744,0.0003139050173661788,0.0003139050197261108,0.005574377862344689,0.0003139051615229607,0.005574377862390552
0.5,0.35,0.6500015258789062,32,64,0.004038821172484395,0.0038925878100700656,0.004331108805562532,0.00399808030893444,0.004018450740709417,0.0050490573157722365,3.2614290714263916,6.39252783965669,1.1640185791128752,0.006213556448230274,0.1085764822864686,83.34140884199996,3,0.0040388459108794544,0.00014620588412287956,0.0001461627570579244,0.0040387523735401385,0.00014606278653388855,0.0040388652330335915
0.5,0.4,0.6000022888183594,32,64,0.002948518004666682,0.0028907234385457657,0.0030636223439819516,0.002915163649426006,0.002931840827046344,0.005708522528613483,3.4532456398010254,6.143275512536022,1.2005559519209352,0.0049141779283433645,0.05863925713274778,71.3553435609997,3,0.0029484661045504706,5.770984189337956e-05,5.743604704349552e-05,0.002948414514005357,5.7510619249762196e-05,0.0029486733954442188
0.5,0.45,0.5499954223632812,32,64,0.002125466820158762,0.0020672699140335364,0.002241860627464533,0.0021124282813128168,0.0021189475507357894,0.004579276345237838,3.5547568798065186,6.194454795380655,1.2422489338509022,0.003864517291845486,0.08214229070767408,64.66354565900019,3,0.0021254668201783683,5.819690540254289e-05,5.819690430241886e-05,0.0021254668201491408,5.819690125369519e-05,0.002125466820148778
0.5,0.5,0.5,32,64,0.001393186684055152,0.0012371741377116738,0.0017052117585702425,0.0013965257297558406,0.001394856206905496,0.0067001340052742905,3.669796943664551,6.66218408833675,1.313386386560128,0.002786373368110304,0.33594752678531964,53.84102484899995,3,0.0013931866841529893,0.00015601254273364708,0.00015601254085178114,0.0013931866840160634,0.00015601252818720827,0.0013931866839964032
0.5,0.55,0.45000457763671875,32,64,0.0009784652354669872,0.0007983173510454604,0.0013387610004470091,0.0009529802607772808,0.0009657227481221341,0.013022933147390526,3.5547471046447754,7.370347703719626,1.3607821758157275,0.0021743450713447767,0.5523381207750461,45.13454978400023,3,0.000978465235474808,0.00018014788210349842,0.00018014788432718458,0.0009784652354559193,0.00018014788103935,0.0009784652354702344
1.0,0.15,0.849945068359375,32,64,0.008734652887206196,0.008734652887206196,0.008734652887206196,0.008825671589678293,0.008780162238442244,0.005210207185531829,2.7901101112365723,9.029926973610019,1.1104876378260813,0.010276726358406256,0.0,18.09169435700005,1,0.008734652887206196,0.0,0.0,0.008734652887206196,0.0,0.008734652887206196
1.0,0.2,0.7999534606933594,32,64,0.006650718360258943,0.006650718360258942,0.006650718360258942,0.006644697246204844,0.006647707803231893,0.000452666443528627,3.111595630645752,7.94985672396177,1.1373029708990274,0.00831388160318031,0.0,16.162249069000154,1,0.006650718360258942,0.0,0.0,0.006650718360258942,0.0,0.006650718360258942
1.0,0.25,0.75,32,64,0.005136394625854003,0.005136394625854003,0.005136394625854003,0.0051015729179186425,0.005118983771886323,0.0033897033300445503,3.3610544204711914,7.270668075865403,1.1632410944524447,0.006848526167805337,0.0,11.10483061099967,1,0.005136394625854003,0.0,0.0,0.005136394625854003,0.0,0.005136394625854003
1.0,0.3,0.7000274658203125,32,64,0.004009638563603657,0.004009638563603657,0.004009638563603657,0.003959643531835903,0.00398464104771978,0.006234356410770974,3.545354127883911,6.806451769325535,1.1874807232814233,0.00572783034863503,0.0,13.963559745000111,1,0.004009638563603657,0.0,0.0,0.004009638563603657,0.0,0.004009638563603657
1.0,0.35,0.6499557495117188,32,64,0.0031033355318171242,0.0031033355318171242,0.0031033355318171242,0.003064481747056078,0.003083908639436601,0.006260003851129791,3.679922103881836,6.5334923111774446,1.2129936284965444,0.004774687406255756,0.0,13.457351241999731,1,0.0031033355318171242,0.0,0.0,0.0031033355318171242,0.0,0.0031033355318171242
1.0,0.4,0.6000213623046875,32,64,0.002390385228416182,0.002390385228416182,0.002390385228416182,0.0023813358443869007,0.0023858605364015413,0.0018928714756317924,3.771742820739746,6.352550071161777,1.2377733813795957,0.003983833540917094,0.0,10.845149273999596,1,0.002390385228416182,0.0,0.0,0.002390385228416182,0.0,0.002390385228416182
1.0,0.45,0.54998779296875,32,64,0.0018590855178152678,0.0018590855178152678,0.0018590855178152678,0.0018027961973175971,0.0018309408575664324,0.015138980955491469,3.8237690925598145,6.120352930192872,1.2623312377408473,0.003380230509808606,0.0,9.546631742000045,1,0.0018590855178152678,0.0,0.0,0.0018590855178152678,0.0,0.0018590855178152678
1.0,0.5,0.5,32,64,0.0014094686073775585,0.0014094686073775585,0.0014094686073775585,0.001350055265477837,0.0013797619364276977,0.02107650414799424,3.8419110774993896,6.008415919528359,1.2889603986763343,0.002818937214755117,0.0,6.15783998400002,1,0.0014094686073775585,0.0,0.0,0.0014094686073775585,0.0,0.0014094686073775585
1.0,0.55,0.449981689453125,32,64,0.001013871115656965,0.001013871115656965,0.001013871115656965,0.0010176793360940327,0.0010157752258754989,0.0018780594388468903,3.8237690925598145,6.146366572915492,1.3158107592309007,0.0022531386041266485,0.0,7.044604593000258,1,0.001013871115656965,0.0,0.0,0.001013871115656965,0.0,0.001013871115656965
