case,N,h_over_D,K,K_exact,err,K_normal_rel
plates,2,0.5,0.3333333333333332,0.2222222222222222,0.49999999999999956,
plates,4,0.25,1.2,1.0666666666666667,0.125,
plates,8,0.125,4.888888888888889,4.7407407407407405,0.03125000000000022,
plates,16,0.0625,20.235294117647033,20.07843137254902,0.007812499999998668,
plates,32,0.03125,82.90909090909076,82.74747474747474,0.0019531249999984457,
plates,64,0.015625,336.24615384615424,336.0820512820513,0.0004882812500011102,
duct 1:1,4,0.25,0.44000000000000006,0.35987715828780753,0.22263941977699853,
duct 1:1,8,0.125,1.8816267247639804,1.7771711520385556,0.058776315722661954,
duct 1:1,16,0.0625,8.088856340411128,7.96959796900335,0.014964164048377082,
duct 1:1,32,0.03125,33.96700908363064,33.839688713196956,0.00376245690416277,
duct 1:1,64,0.015625,139.6871713025466,139.55567719260208,0.0009422340429980913,
duct 2:1,4,0.25,0.7491276894993562,0.6504723260304535,0.15166727241257583,
duct 2:1,8,0.125,3.180446545469382,3.0610462401433107,0.03900637101139681,
duct 2:1,16,0.0625,13.488759022402443,13.357292684261719,0.0098422892459058,
duct 2:1,32,0.03125,56.03306083549698,55.895132463372114,0.0024676276098862804,
duct 2:1,64,0.015625,228.92133370700492,228.78007705938353,0.0006174342164624314,
slit 1:1 along t,10,0.28284271247461906,0.5000000000000006,0.5208333333333333,-0.039999999999998814,-8.450767752920132e-17
slit 1:1 along z,10,0.28284271247461906,0.5624999999999999,0.5208333333333333,0.07999999999999985,-8.450767752920132e-17
slit 1:1 along t,20,0.14142135623730953,2.0624999999999942,2.083333333333333,-0.010000000000002673,1.184026427275585e-16
slit 1:1 along z,20,0.14142135623730953,2.1249999999999987,2.083333333333333,0.019999999999999574,1.184026427275585e-16
slit 1:1 along t,40,0.07071067811865477,8.312500000000057,8.333333333333332,-0.0024999999999930633,1.0925940321517831e-16
slit 1:1 along z,40,0.07071067811865477,8.375000000000007,8.333333333333332,0.005000000000001004,1.0925940321517831e-16
slit 1:1 along t,80,0.03535533905932738,33.31249999999965,33.33333333333333,-0.0006250000000103118,-2.110742568153512e-15
slit 1:1 along z,80,0.03535533905932738,33.375000000000526,33.33333333333333,0.0012500000000159606,-2.110742568153512e-15
slit 1:1 along t,160,0.01767766952966369,133.31249999996191,133.33333333333331,-0.00015625000028551828,-2.6990856167952433e-15
slit 1:1 along z,160,0.01767766952966369,133.3750000000133,133.33333333333331,0.0003125000000998579,-2.6990856167952433e-15
slit 1:2 along t,10,0.4472135954999579,0.1928571428571427,0.20833333333333337,-0.07428571428571518,-6.272587692589806e-17
slit 1:2 along z,10,0.4472135954999579,0.24558823529411758,0.20833333333333337,0.17882352941176416,-6.272587692589806e-17
slit 1:2 along t,20,0.22360679774997896,0.7981504315659677,0.8333333333333335,-0.042219482120839036,-2.6645352591003747e-17
slit 1:2 along z,20,0.22360679774997896,0.8381720430107535,0.8333333333333335,0.005806451612904162,-2.6645352591003747e-17
slit 1:2 along t,40,0.11180339887498948,3.261534770450095,3.333333333333334,-0.02153956886497166,3.609805113823154e-16
slit 1:2 along z,40,0.11180339887498948,3.272656147558905,3.333333333333334,-0.01820315573232867,3.609805113823154e-16
slit 1:2 along t,80,0.05590169943749474,13.187297325767796,13.333333333333336,-0.010952700567415485,6.528598164142113e-18
slit 1:2 along z,80,0.05590169943749474,13.140717036061169,13.333333333333336,-0.01444622229541248,6.528598164142113e-18
slit 1:2 along t,160,0.02795084971874737,53.038375198878754,53.33333333333334,-0.005530465021023501,1.2029860454606766e-15
slit 1:2 along z,160,0.02795084971874737,52.87639528119139,53.33333333333334,-0.008567588477661592,1.2029860454606766e-15
slit 1:3 along t,10,0.6324555320336759,0.10526315789473675,0.10416666666666664,0.01052631578947305,-2.0605581604972072e-16
slit 1:3 along z,10,0.6324555320336759,0.16249999999999992,0.10416666666666664,0.5599999999999996,-2.0605581604972072e-16
slit 1:3 along t,20,0.31622776601683794,0.40424722179936057,0.4166666666666666,-0.029806667681534393,3.8754054227559913e-16
slit 1:3 along z,20,0.31622776601683794,0.4440119760479037,0.4166666666666666,0.06562874251496909,3.8754054227559913e-16
slit 1:3 along t,40,0.15811388300841897,1.6166597219411372,1.6666666666666663,-0.03000416683531748,4.996288278184884e-16
slit 1:3 along z,40,0.15811388300841897,1.6357149182360247,1.6666666666666663,-0.018571049058385025,4.996288278184884e-16
slit 1:3 along t,80,0.07905694150420949,6.541298334912963,6.666666666666665,-0.01880524976305531,-6.617944243645019e-16
slit 1:3 along z,80,0.07905694150420949,6.516370231624305,6.666666666666665,-0.022544465256354007,-6.617944243645019e-16
slit 1:3 along t,160,0.03952847075210474,26.389429590947454,26.66666666666666,-0.010396390339470263,-1.1856255369474167e-15
slit 1:3 along z,160,0.03952847075210474,26.276716507731862,26.66666666666666,-0.014623130960054964,-1.1856255369474167e-15
