w,rho,a_z,phase,quantity,a_1term,rms_1term,max_1term,a_2term,b_2term,rms_2term,delta_N1
0.0,0.25,1.0,0.0,k_n,-0.0025073703940846088,0.0008522836628890641,0.001973890264832967,-0.0014117797732047669,-0.0014144665347207183,0.0008296709119311771,0.0034145837780372723
0.0,0.25,1.0,0.0,K_t,0.2776758008089637,0.0002625958769916536,0.00047303958098632304,0.2765255497197297,0.0014850361451075294,0.0001668343981156588,-0.2781374381192989
0.0,0.25,1.0,0.0,C_nn,-0.08410970033269395,0.004234287112711375,0.009692853510786525,-0.07851917845754045,-0.007217665023161977,0.004025682530828076,0.09682481010566857
0.0,0.25,1.0,0.0,G_t,-0.09316246014785248,0.0012575802320872846,0.002383705258935054,-0.08717952348340102,-0.00772429366401839,0.0003313863282562246,0.10511705721417264
0.0,0.25,1.0,0.0,G_sz,-0.11022094321876365,0.00039894085494780404,0.0006684861025317429,-0.10911467568456276,-0.0014282510052144274,0.0003480168539391185,0.11032861951823114
0.0,0.25,1.0,0.125,k_n,0.04034258219669523,0.0009604953025172087,0.0022300077770013305,0.041653402301700525,-0.0016923393977945002,0.0009406026300042373,-0.037787511527824
0.0,0.25,1.0,0.125,K_t,0.28711369659259284,0.00017596259175741598,0.00037648982059826364,0.28654107834812226,0.0007392810129421815,0.0001441234116490681,-0.28738580050170515
0.0,0.25,1.0,0.125,C_nn,-0.04607676876285859,0.0041790653955525005,0.009615271922188251,-0.04052930952248017,-0.0071620688409517515,0.004016561864010115,0.05302297699506431
0.0,0.25,1.0,0.125,G_t,-0.0500781983285419,0.0003305087092037814,0.0006009646067004493,-0.048677798815657695,-0.0018079912409464916,0.00019047898822272682,0.053319197034280785
0.0,0.25,1.0,0.125,G_sz,-0.1205554306367658,0.0010199677339311807,0.0021944524163434453,-0.11972921318256709,-0.0010666912595762162,0.0010095132659162743,0.1201244323268651
0.0,0.25,1.0,0.3333333333333333,k_n,0.028880357212026204,0.0008727908826121736,0.002025239859608008,0.030052759589897383,-0.0015136346525073665,0.0008533713034719759,-0.027163812821677236
0.0,0.25,1.0,0.3333333333333333,K_t,0.28484741861101,0.00010854451405745486,0.00019811192632074315,0.284301071426466,0.0007053636587868957,5.004310275028168e-05,-0.2850455305373307
0.0,0.25,1.0,0.3333333333333333,C_nn,-0.05948372023211218,0.003924344900869955,0.009016134238386986,-0.054272720382868386,-0.006727681634651775,0.0037573683843641213,0.06774572095447673
0.0,0.25,1.0,0.3333333333333333,G_t,-0.057065158930268305,0.0005722698498289778,0.0010679618855213846,-0.054372094739209606,-0.0034768910042768933,0.00023824827292152353,0.06158662812287208
0.0,0.25,1.0,0.3333333333333333,G_sz,-0.11070388804433628,0.0010140687474609806,0.0022067749710588114,-0.11005170512537153,-0.0008420032955843368,0.0010075292822762172,0.11022212161279588
0.0,0.35,0.75,0.0,k_n,0.004848630367539506,5.267287804339117e-07,7.128182754057022e-07,0.004845782973907622,3.2764529462802447e-06,1.0765247989310461e-07,-0.004825677953609331
0.0,0.35,0.75,0.0,K_t,0.23931805402037934,2.5301486195229216e-05,3.418641465229022e-05,0.23945410204191453,-0.0001565484083417639,5.124885830985995e-06,-0.23929667038257763
0.0,0.35,0.75,0.0,C_nn,-0.054214714571302176,0.00017585802541703296,0.00023544468119918172,-0.05332885137417718,-0.0010193494323082492,3.496323577231375e-05,0.05747817111771836
0.0,0.35,0.75,0.0,G_t,-0.03832615669184834,0.0021210807067738283,0.0025184876135604384,-0.027154396653108356,-0.012855175934988486,5.619082657072222e-05,0.041687326419955095
0.0,0.35,0.75,0.0,G_sz,-0.11157708888020247,0.00014222515124004236,0.0001924753933345083,-0.11081277588825578,-0.0008794834427880701,2.919499745526193e-05,0.11169729095738679
0.0,0.35,0.75,0.3333333333333333,k_n,0.03351997394615428,3.788085496545647e-05,5.409443937409719e-05,0.033320893332703265,0.00022907906205324121,1.3857519912564877e-05,-0.0324586221901072
0.0,0.35,0.75,0.3333333333333333,K_t,0.24269583869120853,9.18280659066165e-05,0.00013336821674288235,0.24315687217582418,-0.0005305042836672299,3.7182842200955586e-05,-0.24263277618757162
0.0,0.35,0.75,0.3333333333333333,C_nn,-0.015012434213020296,0.00010333369874166949,0.00014288695244157879,-0.014472576942163641,-0.0006212056267391683,2.554203841650748e-05,0.01532958793824668
0.0,0.35,0.75,0.3333333333333333,G_t,-0.015587850933475826,0.00026229372176285,0.0003560523050873954,-0.014206759683920161,-0.0015892008898996763,5.608920317517128e-05,0.016059354192997866
0.0,0.35,0.75,0.3333333333333333,G_sz,-0.07695070480770007,0.00013766011449511367,0.00020150614005166184,-0.07624745186430008,-0.000809222565008228,5.046578969423737e-05,0.0770653719809089
0.0,0.35,0.75,0.6666666666666666,k_n,0.03363573034929724,1.2720167421264623e-07,1.5923011698060208e-07,0.033635008323547926,8.308241499114191e-07,1.070117087737156e-08,-0.03254128746287255
0.0,0.35,0.75,0.6666666666666666,K_t,0.24262656302602667,6.981208209645442e-06,9.502616343345927e-06,0.24258912895463922,4.307482187058605e-05,1.5030719739562067e-06,-0.24263246282419593
0.0,0.35,0.75,0.6666666666666666,C_nn,-0.014993243968717433,0.00011024343031882525,0.00014869117322269254,-0.014410904518977268,-0.0006700892298380016,2.2318835096054434e-05,0.015315837506592045
0.0,0.35,0.75,0.6666666666666666,G_t,-0.015503428146541704,0.0002945564982021407,0.0003829675970552504,-0.013931049102724871,-0.0018093128723371836,4.233817384077066e-05,0.015999538616717768
0.0,0.35,0.75,0.6666666666666666,G_sz,-0.07689165056817406,0.00017468634754238285,0.00023439221321209375,-0.07595009460448303,-0.0010834342595897211,3.33369084066342e-05,0.0770392743301167
0.0,0.35,1.0,0.0,k_n,0.018714160834344636,0.0009066386590380505,0.002102482120323379,0.019913650679865235,-0.001548606033030557,0.0008852696725807821,-0.01742412535096549
0.0,0.35,1.0,0.0,K_t,0.26213592071788516,0.0001137456382971046,0.0002056495863852481,0.2615920296754486,0.0007021926469606014,6.118577881441684e-05,-0.2623415703042704
0.0,0.35,1.0,0.0,C_nn,-0.03538358843241813,0.003961213942632831,0.009103648405086595,-0.02931530531875202,-0.007834480529413844,0.0037734102501698983,0.04133772154817095
0.0,0.35,1.0,0.0,G_t,-0.038486362075459864,0.0007278054088824249,0.0013389207896745692,-0.03475525210556185,-0.004817064046737918,0.0002125713511380527,0.04136577070366432
0.0,0.35,1.0,0.0,G_sz,-0.04725968981493975,0.00044768131153459273,0.0009998934590901148,-0.04717436110376375,-0.00011016396463154537,0.0004474284910519909,0.046983943223948055
0.0,0.35,1.0,0.125,k_n,0.03153896729758964,0.0008363584668921565,0.0019410393021019878,0.03266583517991883,-0.0014548471648344404,0.000818074398288069,-0.029708181822792334
0.0,0.35,1.0,0.125,K_t,0.2681964516079236,3.0082028334338403e-05,5.4354535108602775e-05,0.2683581980257922,-0.00020882334224651118,9.580411398569123e-06,-0.268142097072815
0.0,0.35,1.0,0.125,C_nn,-0.035084034840370135,0.002982603347821077,0.0068483722096996935,-0.030234532405972334,-0.006260968990400517,0.0028244475616999954,0.03993812054731616
0.0,0.35,1.0,0.125,G_t,-0.022391673791817716,0.0003861166522448209,0.0007023018861702646,-0.020769913569367682,-0.00209377984648555,0.00024549258645332263,0.023585642563962228
0.0,0.35,1.0,0.125,G_sz,-0.039941639770958805,0.0006399595903999202,0.0014522039596994128,-0.040047965719947,0.00013727253022251127,0.000639684998723956,0.039476353240855744
0.0,0.35,1.0,0.3333333333333333,k_n,0.021818121091123802,0.000820439776035408,0.0019030886595330365,0.022914964339855192,-0.001416083744783231,0.0008011889859904704,-0.020496166964743212
0.0,0.35,1.0,0.3333333333333333,K_t,0.26689549456424533,5.751445166095315e-06,1.181487720106067e-05,0.26687468197592396,2.687017314714206e-05,4.428979203524617e-06,-0.26690483982464386
0.0,0.35,1.0,0.3333333333333333,C_nn,-0.03539357855725565,0.0033995163640866554,0.007804853122888034,-0.02989815779215551,-0.007094884364929215,0.0032209759696565435,0.040761164229997426
0.0,0.35,1.0,0.3333333333333333,G_t,-0.03231395482871603,0.000598446253161935,0.0010952267409520822,-0.02939879692953849,-0.003763625950450338,0.00025665688438036193,0.03448824195488576
0.0,0.35,1.0,0.3333333333333333,G_sz,-0.03925091590796501,0.0005131685465436074,0.0011360572876867106,-0.039046718439164366,-0.00026362993675615006,0.0005119042638539079,0.03895584820614295
0.0,0.35,1.5,0.0,k_n,0.03712206685145615,2.8694686824152205e-07,3.901910259340724e-07,0.037120457817690605,1.8514909083259078e-06,5.955006667456886e-08,-0.03579357914320003
0.0,0.35,1.5,0.0,K_t,0.30250570948814925,0.0009429917806247994,0.0012690761444676402,0.2974280874075878,0.005842743215988627,0.00018465902468560027,-0.3033026557749403
0.0,0.35,1.5,0.0,C_nn,-0.028306245494943056,0.0008506465696994593,0.0011479646227749996,-0.023887315887679308,-0.005084795712467899,0.00017598548400868277,0.02986812690569063
0.0,0.35,1.5,0.0,G_t,-0.04354866903368926,0.00023759845434121778,0.00028212686199502457,-0.04230604353258967,-0.0014298704396214724,6.182844800666745e-06,0.04573736048701038
0.0,0.35,1.5,0.0,G_sz,-0.013769587200970393,0.00010214233922346094,0.00013915084733542166,-0.014317102378440376,0.0006300174644860011,2.2143141862903773e-05,0.013683268643167379
0.0,0.35,1.5,0.3333333333333333,k_n,-0.008299720799777657,4.701966268107671e-05,6.116202434491846e-05,-0.008546980752450464,0.0002845183017056923,1.2309158020117218e-05,0.008333443813007602
0.0,0.35,1.5,0.3333333333333333,K_t,0.2928459226860677,0.0001026164014095657,0.00012076214082229475,0.29340934657603346,-0.0006483233802345247,1.0937727979531485e-06,-0.2927608346889825
0.0,0.35,1.5,0.3333333333333333,C_nn,-0.07078744231126845,0.0011227648900793564,0.0015059206329359753,-0.06525916689168523,-0.0063613032225341695,0.00023282053605408666,0.07719004820508957
0.0,0.35,1.5,0.3333333333333333,G_t,-0.06896963797905616,0.0019278282267349812,0.0022791991855919402,-0.05917235135787483,-0.011273590084647069,4.9729027736209926e-05,0.07579414462441614
0.0,0.35,1.5,0.3333333333333333,G_sz,-0.03874517137257616,5.816988668935055e-05,8.297204933427338e-05,-0.03904088862409053,0.0003402773853041928,2.198351101767447e-05,0.03870439999791597
0.0,0.35,1.5,0.6666666666666666,k_n,-0.008194171510038714,9.35559773781334e-06,1.2633413196905252e-05,-0.008243984516171783,5.7319075550375686e-05,1.8996727118729094e-06,0.008253909211458632
0.0,0.35,1.5,0.6666666666666666,K_t,0.2927518580852782,7.21834674487169e-05,9.65770081553241e-05,0.29314128700617126,-0.00044810999116440416,1.3432364785575193e-05,-0.29269086200742334
0.0,0.35,1.5,0.6666666666666666,C_nn,-0.07076340418397174,0.0011331558343815546,0.001514911482770831,-0.06517566520435057,-0.006429727045043586,0.00022854838991750103,0.07717174075392852
0.0,0.35,1.5,0.6666666666666666,G_t,-0.06883382970577923,0.001970126486199687,0.002311340305654719,-0.05881421590377156,-0.01152941862148832,3.271973046849647e-05,0.07567251341027204
0.0,0.35,1.5,0.6666666666666666,G_sz,-0.038555903093062435,3.3946450703120926e-06,3.923131611401759e-06,-0.03853743545710739,-2.12504304140534e-05,4.6010378496805644e-07,0.03855860659070598
0.0,0.45,1.0,0.0,k_n,0.030261518105997587,0.0007510027535873698,0.0017429028182409656,0.03126746856700025,-0.0012987362574649098,0.0007346038687034241,-0.028595264280395827
0.0,0.45,1.0,0.0,K_t,0.25423259014596944,5.515673444573721e-05,0.00010776228975026281,0.25445207939635833,-0.0002833724508856645,3.930535070212468e-05,-0.2541393204470018
0.0,0.45,1.0,0.0,C_nn,0.00231131834172492,0.0030215967301804605,0.006971379751829931,0.007370574318785746,-0.0065317721179388895,0.002889050848794935,0.0012087187235230168
0.0,0.45,1.0,0.0,G_t,-0.008623535123960592,0.00039165376450308735,0.0005471549227875627,-0.006530704552328902,-0.002701957054028228,0.00012185193209031502,0.009245702275370693
0.0,0.45,1.0,0.0,G_sz,-0.030356813782767337,0.0004611230619407642,0.0010687525908843476,-0.030976451163956763,0.0007999852523843008,0.00044799645639613815,0.029864003439385556
0.0,0.45,1.0,0.125,k_n,0.009927164122996638,0.0004098624303566644,0.0009502879062565084,0.010455597056455969,-0.0006822353952083549,0.00039998858239668946,-0.009402039585206912
0.0,0.45,1.0,0.125,K_t,0.25371426065184577,0.00021336294537503388,0.0003788271365716689,0.2546612323188682,-0.0012225914559731673,0.0001328589008432512,-0.25333736764924053
0.0,0.45,1.0,0.125,C_nn,-0.032143970934564385,0.00102222911473664,0.002200551773611892,-0.02914410985513156,-0.0038729823209523967,0.000848569554530886,0.03478123845562875
0.0,0.45,1.0,0.125,G_t,-0.021134105044850058,0.0005428212498969984,0.0011172538360753048,-0.01924423632872227,-0.002439922360627378,0.0004163703926874289,0.022473579409313382
0.0,0.45,1.0,0.125,G_sz,-0.009976370571227158,0.0003356495376161597,0.0007748404627446219,-0.010568412251266522,0.0007643577150222439,0.0003190081911512406,0.009579272231368119
0.0,0.45,1.0,0.3333333333333333,k_n,0.019876416307428823,0.0006185154782824519,0.001431586030803289,0.020519587670559076,-0.0008303688913545619,0.0006099950072442966,-0.0188849137087711
0.0,0.45,1.0,0.3333333333333333,K_t,0.2536188401940275,0.00016999515026379253,0.00030490102804858754,0.254509780053507,-0.0011502513727896723,6.501449091406226e-05,-0.2533139391659789
0.0,0.45,1.0,0.3333333333333333,C_nn,-0.019379341671329337,0.001950816351468046,0.004462439689993047,-0.015625183265533207,-0.00484682081960018,0.0018201391581693653,0.0222225683123205
0.0,0.45,1.0,0.3333333333333333,G_t,-0.014219157497015567,0.0003559569627713441,0.0006331302417013074,-0.012707930400057937,-0.0019510756246645064,0.00022754823433724744,0.015053857478985577
0.0,0.45,1.0,0.3333333333333333,G_sz,-0.017378121448885772,0.0003239634734926836,0.0007440494102181165,-0.01802437768906263,0.0008343516338707819,0.00030326777888667875,0.016981983492854402
0.5,0.25,1.0,0.0,k_n,0.01651294381697414,0.030413581680901344,0.06883308507709318,0.05856486722836127,-0.05429129937081613,0.029632044362307278,0.018174889820125717
0.5,0.25,1.0,0.0,K_t,0.2181026184207987,0.02231955752422916,0.0515146805443166,0.2566344702054017,-0.04974669719823859,0.02126067341198953,-0.1924007019188554
0.5,0.25,1.0,0.0,C_nn,-0.2932994324906006,0.07135269462460012,0.1494988722444297,-0.13283961867772268,-0.2071622670734101,0.04153473154502352,0.5645253289575831
0.5,0.25,1.0,0.0,G_t,-0.24382685988556152,0.03856598549851143,0.07260728596845611,-0.15809882614730805,-0.11067951157959698,0.027081824253097804,0.3950557398353325
0.5,0.25,1.0,0.0,G_sz,-1.3036791146988813,0.07343028633672403,0.17018939560334745,-1.2045658884090833,-0.12796051651349097,0.07132098298305986,1.3822120105301292
0.5,0.25,1.0,0.3333333333333333,k_n,-0.1483142418609072,0.06252630152475679,0.13523073136248642,-0.07851166602274304,-0.09011888718168998,0.05890086206251469,0.2581986240101093
0.5,0.25,1.0,0.3333333333333333,K_t,0.25404343346167524,0.02406588011541656,0.055537100907271486,0.23401385175646425,0.025859269408242343,0.023805404619466817,-0.27676127039081433
0.5,0.25,1.0,0.3333333333333333,C_nn,-0.4335007415724417,0.36005434291926347,0.8769510174255606,-0.028936762773269165,-0.5223138992421622,0.20037326113462742,1.6421783943787398
0.5,0.25,1.0,0.3333333333333333,G_t,-0.36241264067655926,0.10977100061019882,0.22592590033162185,-0.20115409495704714,-0.20819347300983962,0.0756392176948571,0.7943384251048924
0.5,0.25,1.0,0.3333333333333333,G_sz,-0.8746638882489605,0.06881477680790261,0.15937959508127508,-0.7711974122371215,-0.13358079650837115,0.06635314049207518,0.9510559388347466
0.5,0.25,1.0,0.6666666666666666,k_n,-0.07089142836734233,0.06693692120464223,0.16058092280568892,-0.14121940361314275,0.09079720613157917,0.06485481949978981,0.013618691774796243
0.5,0.25,1.0,0.6666666666666666,K_t,0.3278413919459709,0.0022848465546926296,0.0032580757815171765,0.3371626692525656,-0.012034271341645586,0.0015874487334957995,-0.3262575954598592
0.5,0.25,1.0,0.6666666666666666,C_nn,-0.285715188981289,0.06306358987218039,0.14846464658922964,-0.3048843224154109,0.024748384319306017,0.06175523215780832,0.3405791041430539
0.5,0.25,1.0,0.6666666666666666,G_t,-0.31376523691345576,0.056367024323657464,0.13125509645000633,-0.33853669346465226,0.03198128538177632,0.05426697405515112,0.3972487207269293
0.5,0.25,1.0,0.6666666666666666,G_sz,-0.9477354792575408,0.1346161528586098,0.3117155790985231,-1.0884102634461568,0.18161872758098388,0.1323118659668963,0.8148176189275289
0.5,0.35,1.0,0.0,k_n,0.0009076956453333005,0.021528601309182906,0.04905969973793123,0.029630864652806028,-0.0370831591270562,0.020938137659121708,0.023085948072707474
0.5,0.35,1.0,0.0,K_t,0.22623450876931067,0.02326759336062565,0.053900479847775684,0.2600212770292811,-0.043620538647650205,0.022492226569087226,-0.20084752218630064
0.5,0.35,1.0,0.0,C_nn,-0.2554285618374824,0.053355479869019964,0.111093362494318,-0.11277766664811298,-0.18416999337879983,0.028754699912022945,0.4541478348332504
0.5,0.35,1.0,0.0,G_t,-0.21784316452271582,0.027643397674951584,0.053777914357405754,-0.14210575771255793,-0.09778107380425133,0.017167176894635247,0.3322938777060922
0.5,0.35,1.0,0.0,G_sz,-0.877209654137429,0.021539550008866794,0.049915030816369055,-0.8517106678679212,-0.03292056545587897,0.0210652142559073,0.8992460178870878
0.5,0.35,1.0,0.3333333333333333,k_n,-0.22058858364284828,0.07082912506091715,0.15003413275827748,-0.14939357486331376,-0.0919165931494806,0.06544987006171052,0.38487034144484067
0.5,0.35,1.0,0.3333333333333333,K_t,0.18509452472404742,0.01995983321188656,0.04623181812678741,0.162996924148965,0.028529193218155023,0.01957595092009487,-0.2052602772880725
0.5,0.35,1.0,0.3333333333333333,C_nn,-0.45179737744697485,0.43988712888719256,1.094673166122238,0.006516874517645669,-0.5917083985886123,0.2308310591944566,1.9188162089681784
0.5,0.35,1.0,0.3333333333333333,G_t,-0.39758692106783816,0.1162886525364448,0.24171510845053157,-0.24665547668922513,-0.19486062863441014,0.08013006563458867,0.9017056281992086
0.5,0.35,1.0,0.3333333333333333,G_sz,-0.8510799197316318,0.08790971171047407,0.20297038652366783,-0.6957301764999798,-0.20056489056301216,0.08353452711760134,0.9547649937530536
0.5,0.35,1.0,0.6666666666666666,k_n,-0.06508559058946202,0.06478469288480018,0.15533377185397623,-0.13391928576991644,0.08886801003802841,0.06280572347644675,0.00892271573980441
0.5,0.35,1.0,0.6666666666666666,K_t,0.30687266433274946,0.005725662275451555,0.013170952542476716,0.30278101568849347,0.005282538905350998,0.00568004043345465,-0.31212868616729006
0.5,0.35,1.0,0.6666666666666666,C_nn,-0.21591423483663708,0.0617355174369037,0.14604238165387406,-0.2477548166609864,0.04110790707610333,0.06009191866710669,0.21698556714427175
0.5,0.35,1.0,0.6666666666666666,G_t,-0.2594359875379792,0.052988850589793066,0.12411980875968442,-0.2866011946315945,0.03507174633515873,0.05120360531245522,0.2962089866780495
0.5,0.35,1.0,0.6666666666666666,G_sz,-0.7517692212034348,0.10282353609309632,0.23794259667816964,-0.8518575881453472,0.1292194756472909,0.10129816247718086,0.652239591803732
0.5,0.45,1.0,0.0,k_n,-0.006230236268507228,0.021086273437038134,0.049567035155321015,-0.032279938760341936,0.03363156977789809,0.020541964359038167,-0.01483344513630036
0.5,0.45,1.0,0.0,K_t,0.2708745779394188,0.023416820277359727,0.054272541562136345,0.3025672988114609,-0.04091701061820688,0.022740461668970702,-0.2458327653807444
0.5,0.45,1.0,0.0,C_nn,-0.06507879574422346,0.03254379529747512,0.07669406491615027,-0.10104895438251214,0.04643941329252652,0.03149741115249406,0.036774886770531534
0.5,0.45,1.0,0.0,G_t,-0.07587473182449114,0.018887102609984757,0.04411630972914682,-0.09410698431995604,0.02353882053745857,0.018366790235153644,0.06306359792075744
0.5,0.45,1.0,0.0,G_sz,-0.1441830191999235,0.04183825853187604,0.09696251693690831,-0.19448784303092745,0.06494623857480085,0.0408874856650196,0.10105735779123681
0.5,0.45,1.0,0.3333333333333333,k_n,-0.02464124638978439,0.025535697514129867,0.05789418900395782,0.008345548521231084,-0.042587729942281376,0.024730088850533908,0.054427815348166986
0.5,0.45,1.0,0.3333333333333333,K_t,0.1452201161249335,0.013215394109836435,0.030626441956335362,0.12934595782343508,0.020494393851507,0.01291566941596727,-0.15886377601102297
0.5,0.45,1.0,0.3333333333333333,C_nn,-0.1025085594809109,0.033030785111918884,0.07376987857306205,-0.06139961298587599,-0.05307386535324187,0.03135236671033694,0.15543742962896023
0.5,0.45,1.0,0.3333333333333333,G_t,-0.031928547256317906,0.013735863682796315,0.03136883475192098,-0.011601028187654218,-0.026243922600790007,0.01313918553534383,0.04915519133544244
0.5,0.45,1.0,0.3333333333333333,G_sz,-0.10089906786558077,0.02135034679180035,0.04948657861672193,-0.07322435225707156,-0.03572954928613115,0.02078539170870451,0.12341273365216643
0.5,0.45,1.0,0.6666666666666666,k_n,-0.02606118413351354,0.024114387387971253,0.05671355757492447,-0.05490125082777669,0.037234080340509575,0.023434418609256654,0.0024978581599583993
0.5,0.45,1.0,0.6666666666666666,K_t,0.28461645950187225,0.01261927462140164,0.029244649510960063,0.2693147527875345,0.01975532800213332,0.01232755707817741,-0.2977003507513979
0.5,0.45,1.0,0.6666666666666666,C_nn,-0.10931267653541363,0.03188206631814645,0.07485954839148512,-0.13820640836711254,0.037303364925040904,0.030893089234228833,0.09074874956237378
0.5,0.45,1.0,0.6666666666666666,G_t,-0.08751724072772811,0.006637065642567455,0.015022480576347474,-0.08620170371056364,-0.0016984291855940668,0.006648023553674642,0.09152904428632458
0.5,0.45,1.0,0.6666666666666666,G_sz,-0.19160587423151543,0.0011093480114433311,0.002537598074375369,-0.1920302761359798,0.000547925730374164,0.0011068219158102725,0.1907156154175944
1.0,0.25,1.0,0.0,k_n,-0.02989534228253742,0.0002660064687707719,0.000615140241023715,-0.02956591209219925,-0.0004253121292566396,0.0002578978490568651,0.03110236781769049
1.0,0.25,1.0,0.0,K_t,0.21202939072989324,1.373272860979838e-05,2.5088821879126755e-05,0.21209998909933078,-9.114629960500107e-05,5.803012268196398e-06,-0.21200430190801411
1.0,0.25,1.0,0.0,C_nn,-0.08669760520678008,0.0015174614115456293,0.0034887292184164753,-0.08496965812395738,-0.002230872805809688,0.001458593137684985,0.09662306392805187
1.0,0.25,1.0,0.0,G_t,-0.009691657878935188,0.0014460799054526058,0.0023123994839691075,-0.0016057599776213918,-0.0104393299528175,0.0001184822890735335,0.01209890482449505
1.0,0.25,1.0,0.0,G_sz,-0.08291099309837789,0.0013644646881461964,0.002001402782793607,-0.07535421616712154,-0.009756206265281562,0.0002947440419693713,0.0849123958811715
1.0,0.25,1.0,0.125,k_n,0.03426388321621183,0.00038626014564514127,0.0008968790928970405,0.03478625469635616,-0.0006744097323170883,0.00037795136263493647,-0.03272959500146644
1.0,0.25,1.0,0.125,K_t,0.2329279753622706,1.1825213410318368e-05,2.160399556172532e-05,0.23298875401474858,-7.846851580969129e-05,5.002021833148143e-06,-0.2329063713667089
1.0,0.25,1.0,0.125,C_nn,0.002900702150123924,0.0020216365986955595,0.004679691359935179,0.005525567104934163,-0.003388842114912093,0.0019693147110277955,-0.0007552386034253011
1.0,0.25,1.0,0.125,G_t,0.04591965823322308,4.3148769529143e-05,7.670186276420576e-05,0.0456764770163227,0.0003139600564506539,1.6110653988087067e-05,-0.043980320913954984
1.0,0.25,1.0,0.125,G_sz,-0.12876716649636205,0.0004037726102922813,0.0009358808684186704,-0.12824683616079435,-0.0006717745046680467,0.00039321403193581886,0.1291924236606059
1.0,0.25,1.0,0.3333333333333333,k_n,0.013412773314717293,0.0003552820159335547,0.00082397057897865,0.01387980934196629,-0.0006029686805114363,0.0003466281955734862,-0.012863609988337132
1.0,0.25,1.0,0.3333333333333333,K_t,0.22611269146434995,1.2529502861831124e-05,2.289072593561481e-05,0.22617708298660977,-8.313292540151662e-05,5.3025775112697725e-06,-0.22608980073841434
1.0,0.25,1.0,0.3333333333333333,C_nn,-0.0341088379202461,0.0019254207344439245,0.004445684313530762,-0.031737410271364966,-0.0030616408948079795,0.001865543422981281,0.03739462042149233
1.0,0.25,1.0,0.3333333333333333,G_t,0.030821080444127985,0.0003012098331245023,0.0004955951945780912,0.03258890125104434,-0.002282351932474605,2.1532638341295146e-05,-0.02940394899290477
1.0,0.25,1.0,0.3333333333333333,G_sz,-0.12221079890318447,0.0004696489243951882,0.0008380894619943319,-0.1196651717317225,-0.003286541866356099,0.00013840872613713877,0.1230488883651788
1.0,0.35,0.75,0.0,k_n,0.008971379477622584,5.910462785490955e-09,8.003789409016804e-09,0.00897141158062911,-3.694044585807686e-08,1.2103390064377315e-09,-0.008891604516882201
1.0,0.35,0.75,0.0,K_t,0.17454867518930745,2.264582151460407e-06,3.070284203349205e-06,0.1745608367327867,-1.3994104825323933e-05,4.719576653767045e-07,-0.17454676128818292
1.0,0.35,0.75,0.0,C_nn,-0.024252340487735946,2.735119183337466e-06,3.6801598803926083e-06,-0.024238047449743207,-1.6446783443721428e-05,5.474882366602483e-07,0.02485749528849568
1.0,0.35,0.75,0.0,G_t,0.013638652182346103,0.0010894679593197404,0.0012425027184721493,0.019709416645746915,-0.006985537190762569,2.6680403612958707e-05,-0.012568552532828958
1.0,0.35,0.75,0.0,G_sz,-0.07197614415215714,0.0005893991618260764,0.000689166558112797,-0.06873983267117481,-0.003723974854829013,1.9384814854320933e-06,0.07246414161455861
1.0,0.35,0.75,0.3333333333333333,k_n,0.009040341790676238,6.558624706895472e-05,9.303599127175044e-05,0.008702655869193866,0.0003885701014317758,2.401391723939436e-05,-0.009005230825261723
1.0,0.35,0.75,0.3333333333333333,K_t,0.17483812169504623,0.0001713743308729342,0.00024139057446472684,0.17571605268935317,-0.001010221966051733,6.168329047079962e-05,-0.17471646156064713
1.0,0.35,0.75,0.3333333333333333,C_nn,-0.026378095616529616,5.875780763750519e-05,8.40692813655064e-05,-0.02666805814447577,0.00033365551160926713,2.3141418362475797e-05,0.027050789937245634
1.0,0.35,0.75,0.3333333333333333,G_t,0.023514289495495316,0.0002950001146817157,0.00036531358140401426,0.025172370050756832,-0.0019079283101639272,2.095352494375017e-05,-0.022732005432314684
1.0,0.35,0.75,0.3333333333333333,G_sz,-0.09164651285877244,0.0001389848439327229,0.0001996465135930478,-0.09092388978310588,-0.0008315114843287131,4.4690121177908705e-05,0.09176310340857485
1.0,0.35,0.75,0.6666666666666666,k_n,0.008992344979240629,6.523438513582267e-05,9.253543359122318e-05,0.008656483915875578,0.00038647026469403614,2.388494752427916e-05,-0.008957844346227373
1.0,0.35,0.75,0.6666666666666666,K_t,0.17484786309400394,0.00016654739969832136,0.00023456374390675577,0.17570112509776095,-0.0009818357303504662,5.991814234117301e-05,-0.1747296159894247
1.0,0.35,0.75,0.6666666666666666,C_nn,-0.026443519546446474,5.89460252296044e-05,8.432872041774786e-05,-0.02673441295825677,0.0003347266656447161,2.320712731264812e-05,0.027119669469787944
1.0,0.35,0.75,0.6666666666666666,G_t,0.023689017288023993,0.00030032835956924454,0.00037066865737267474,0.025377780401289646,-0.0019432342673193653,2.003474668163822e-05,-0.022894590394727632
1.0,0.35,0.75,0.6666666666666666,G_sz,-0.09158155579623971,0.00013636683913025407,0.00019722166302321015,-0.09087662270197697,-0.0008111558892886705,4.5977497790699676e-05,0.09169570260596793
1.0,0.35,1.0,0.0,k_n,-0.0015847431649299196,0.0003548866230916718,0.0008222700841820085,-0.0011278759751859372,-0.0005898401632772257,0.00034550886232934564,0.0019618164987547093
1.0,0.35,1.0,0.0,K_t,0.1992347404936224,9.291174633929907e-06,1.954620391109163e-05,0.19924477848971442,-1.295959391880965e-05,9.121082112328675e-06,-0.19923780088983822
1.0,0.35,1.0,0.0,C_nn,-0.04937094230583113,0.0019871498590294,0.004582412904771571,-0.0469766537270441,-0.003091155587329275,0.0019209429167687823,0.05410429003249728
1.0,0.35,1.0,0.0,G_t,0.02890076151605887,0.0008898399801987178,0.0012184506693547759,0.03391999243789427,-0.006480097614627394,0.0002287965545210673,-0.02687051825460085
1.0,0.35,1.0,0.0,G_sz,-0.0614590025833637,0.0005811240513812339,0.000967130337059946,-0.058163253858905195,-0.004254989216548161,1.0104292406234043e-05,0.06242613292042365
1.0,0.35,1.0,0.125,k_n,0.02347923744202825,0.00031702313071660566,0.0007357029658169312,0.023901737821602438,-0.0005454707592645855,0.0003097387995755743,-0.022610982543326275
1.0,0.35,1.0,0.125,K_t,0.2082951063843131,2.023853138078027e-05,4.637201469157026e-05,0.20833727486989745,-5.444178741784644e-05,1.8823657835515132e-05,-0.2082694720398932
1.0,0.35,1.0,0.125,C_nn,-0.019082924264184765,0.0018684281498300777,0.004319089189743552,-0.01673163079262098,-0.0030356465868276467,0.0018143265195098457,0.021454887444975812
1.0,0.35,1.0,0.125,G_t,0.052280869770923485,0.00010213879373379079,0.00023755689794291435,0.052126956431097375,0.00019871041635632558,9.975064941780942e-05,-0.04979087785389358
1.0,0.35,1.0,0.125,G_sz,-0.08492017853103473,0.0003007086676638743,0.0006969949594499703,-0.08453308941948307,-0.0004997529038764902,0.0002928626880964718,0.08523677002946384
1.0,0.35,1.0,0.3333333333333333,k_n,0.0007097908406584319,0.0003549373446485035,0.0008166795240225344,0.0009620173161930301,-0.0003256379728111706,0.00035217137472318236,-0.00038482588886534774
1.0,0.35,1.0,0.3333333333333333,K_t,0.20284334664788228,9.665823438240972e-05,0.00013416741268745813,0.20333023417450283,-0.0006285980360297775,4.443776052904952e-05,-0.20270917923519483
1.0,0.35,1.0,0.3333333333333333,C_nn,-0.05164828265328864,0.001890558597187729,0.004360144442411729,-0.04946596138293532,-0.0028174943688775286,0.0018312182304799098,0.056505121173595185
1.0,0.35,1.0,0.3333333333333333,G_t,0.03531977479676269,0.00031160607884266875,0.00043702100863274307,0.03710071344393477,-0.0022992877711865596,7.34613084924141e-05,-0.033677825106130266
1.0,0.35,1.0,0.3333333333333333,G_sz,-0.08155223108595441,0.00018668756947891685,0.0003192773984661834,-0.08078584292451403,-0.0009894484183270926,0.0001288280359730968,0.0818715084844206
1.0,0.35,1.5,0.0,k_n,-0.015607188134166002,1.376637322069764e-07,1.8566717763235374e-07,-0.015606461535980727,-8.360855830653739e-07,2.7865117820638576e-08,0.015854752285023643
1.0,0.35,1.5,0.0,K_t,0.2409821564846651,4.137207380315813e-05,5.593967493741636e-05,0.2412045607812558,-0.00025591727278918304,8.429622470434836e-06,-0.24094719070099324
1.0,0.35,1.5,0.0,C_nn,-0.07369113427799004,3.164659625083554e-05,4.218792240284763e-05,-0.07353557140261734,-0.00017900385659330842,6.22284559166807e-06,0.07958202968931372
1.0,0.35,1.5,0.0,G_t,0.011305395564393635,0.0011878260030707896,0.0013617710693185625,0.017909673220683507,-0.007599442782580124,2.2186551240048054e-05,-0.01020879918633999
1.0,0.35,1.5,0.0,G_sz,-0.12073527557581253,0.0008954296367711381,0.001051571917964171,-0.11581873308968453,-0.0056573913539007484,7.396492813876324e-06,0.12147739919581446
1.0,0.35,1.5,0.3333333333333333,k_n,-0.01365137299363095,1.8321027741557274e-07,2.4545533450215373e-07,-0.013650401321962586,-1.1180879471700526e-06,3.4953003115599834e-08,0.013840468889209534
1.0,0.35,1.5,0.3333333333333333,K_t,0.24679156559968304,3.417169539770382e-05,4.620481095897466e-05,0.24697526151291385,-0.0002113761193339605,6.963613117456136e-06,-0.24676268524621692
1.0,0.35,1.5,0.3333333333333333,C_nn,-0.07353748613963801,4.155708805754045e-05,5.545260011885489e-05,-0.0733332470216884,-0.00023501487544891542,8.23837339726369e-06,0.07941191312050555
1.0,0.35,1.5,0.3333333333333333,G_t,0.019682237748791277,0.0006920525589833013,0.0008018010086762173,0.023563401205703147,-0.0044659963065835145,5.4874101475332545e-06,-0.018740452917689332
1.0,0.35,1.5,0.3333333333333333,G_sz,-0.12486830798840848,0.0004161004953791894,0.00048605246463692686,-0.12258354917147299,-0.0026290375427751576,9.017176541583094e-07,0.12521274212122524
1.0,0.35,1.5,0.6666666666666666,k_n,-0.013470179436867014,6.799567216167685e-05,9.562601821477834e-05,-0.013126371869486758,-0.00039561418712249477,2.4717294670113496e-05,0.013702999221305134
1.0,0.35,1.5,0.6666666666666666,K_t,0.24669798551166364,2.124257234182351e-05,3.153791675105516e-05,0.2466842017237985,1.5860796995642514e-05,2.1093726063634504e-05,-0.24669642711209439
1.0,0.35,1.5,0.6666666666666666,C_nn,-0.07328700481992667,0.0001474461614907227,0.00017896891665403203,-0.0725520887524877,-0.0008456568447243505,3.1792334503399836e-05,0.07920564611211844
1.0,0.35,1.5,0.6666666666666666,G_t,0.019798739763367657,0.0007392730233813621,0.0008370592048860814,0.02394218830948703,-0.0047678038064935205,2.4132811677671265e-05,-0.018817709879928257
1.0,0.35,1.5,0.6666666666666666,G_sz,-0.12472920931879779,0.00045892675165294883,0.0005182585857581926,-0.12221080875833534,-0.002897885576422624,1.5927599564982452e-05,0.12510594928469665
1.0,0.45,1.0,0.0,k_n,0.02074431197304566,0.00042678744084747856,0.0009901890108088285,0.021310959277226343,-0.0007315722072443636,0.00041682385727693133,-0.019878164874252313
1.0,0.45,1.0,0.0,K_t,0.19470244708148368,1.4558233541345829e-05,3.367542970078574e-05,0.19468866949578215,1.7787605637177457e-05,1.4354172449567996e-05,-0.19471636908389311
1.0,0.45,1.0,0.0,C_nn,-0.015021760132753217,0.002222337787604582,0.005137316784760593,-0.012207472448408403,-0.003633397067040961,0.0021592157337012,0.017626797391297577
1.0,0.45,1.0,0.0,G_t,0.04254006200894445,0.0006337309243884073,0.0007713475359198974,0.04520351458563699,-0.0034386608143119985,0.00043718199459069255,-0.04038982892087195
1.0,0.45,1.0,0.0,G_sz,-0.05077492691529753,0.0003528228740974593,0.0006323308749404954,-0.048916480961270374,-0.0023993538813315827,0.000130900589241386,0.051407257790238026
1.0,0.45,1.0,0.125,k_n,-0.012417892660327837,0.00025031415645986857,0.0005795956476499775,-0.012100472020161998,-0.00040980715276992056,0.00024331892192449407,0.012839922470058829
1.0,0.45,1.0,0.125,K_t,0.18260428655108613,2.2544560060430628e-06,4.961587809049206e-06,0.18261082651878727,-8.443450751653928e-06,1.9373154303341883e-06,-0.1826009759983248
1.0,0.45,1.0,0.125,C_nn,-0.06939501079749469,0.0011162757405029818,0.0025714277271979835,-0.06809525823624488,-0.0016780506023581605,0.0010761235761115118,0.0758002035294445
1.0,0.45,1.0,0.125,G_t,0.034272792370386204,8.50914497493965e-05,0.00018943828201878343,0.034526866064606906,-0.00032802283168454634,7.442533883989856e-05,-0.033015485411978296
1.0,0.45,1.0,0.125,G_sz,-0.057955183562579865,0.0001308822151576828,0.00030336180965578885,-0.05778367476063841,-0.00022142710619538425,0.00012734163301366002,0.058093820901433224
1.0,0.45,1.0,0.3333333333333333,k_n,0.009634754370186543,0.0003482674151888678,0.0007935582838125566,0.010402164319420655,-0.000990767601434614,0.0003223193154344703,-0.00911126273577545
1.0,0.45,1.0,0.3333333333333333,K_t,0.18482698741237646,0.00010974279749695738,0.0001587936078710217,0.18430800148014773,0.0006700388075053497,6.059590958954495e-05,-0.18494272083240393
1.0,0.45,1.0,0.3333333333333333,C_nn,-0.03640625575204667,0.0017831655645998833,0.00410657312361451,-0.03377025235045881,-0.003403222449971065,0.0017041156128405385,0.039819855453611996
1.0,0.45,1.0,0.3333333333333333,G_t,0.0448644571054137,0.00028739872433226546,0.00034266278110273163,0.04625311235916745,-0.001792828769491826,0.00016162978100027044,-0.04268294701677455
1.0,0.45,1.0,0.3333333333333333,G_sz,-0.055642320700776314,0.00021844599917700695,0.00042870896573618533,-0.05476539211720565,-0.0011321620605008547,0.00015432780830157823,0.056001084236386944
