w,rho,porosity,L_mm,flow_lpm,U_s,Re_Dh,Re_K,C_F,C_F_table,Fo,inertial_share,dp_dx,Nu_v1,Nu_v2,h_sf,h_sf_a_sf
0.0,0.2,0.7999763488769531,2.0,1.0,0.027777777777777776,38.1760117345683,2.4519111577476713,0.1359928927178448,0.2,0.33344249102926565,0.25006139617756296,2190.964582423989,23.2659526870267,20.88769053181439,3680.2963613027396,4657167.856744298
0.0,0.2,0.7999763488769531,2.0,2.0,0.05555555555555555,76.3520234691366,4.903822315495343,0.1359928927178448,0.2,0.6668849820585313,0.4000785832475118,5477.680489761046,29.083869299345718,20.345018513844053,4600.596407757308,5821745.753235046
0.0,0.2,0.7999763488769531,2.0,3.0,0.08333333333333333,114.5280352037049,7.355733473243013,0.1359928927178448,0.2,1.000327473087797,0.5000818548693158,9860.14772201117,34.90178591166474,21.09914548903536,5520.896454211876,6986323.649725793
0.0,0.2,0.7999763488769531,2.0,4.0,0.1111111111111111,152.7040469382732,9.807644630990685,0.1359928927178448,0.2,1.3337699641170626,0.5715087539151139,15338.366279174365,40.71970252398376,22.194574477249336,6441.196500666443,8150901.54621654
0.0,0.2,0.7999763488769531,2.0,5.0,0.13888888888888887,190.88005867284147,12.259555788738355,0.1359928927178448,0.2,1.667212455146328,0.6250767357993842,21912.33616125062,46.53761913630278,23.407825688928792,7361.496547121012,9315479.442707289
0.0,0.2,0.7999763488769531,4.0,1.0,0.027777777777777776,76.3520234691366,4.903822315495343,0.1359928927178448,0.2,0.6668849820585313,0.4000785832475118,684.7100612201308,29.083869299345718,20.345018513844053,2300.298203878654,1455436.4383087615
0.0,0.2,0.7999763488769531,4.0,2.0,0.05555555555555555,152.7040469382732,9.807644630990685,0.1359928927178448,0.2,1.3337699641170626,0.5715087539151139,1917.2957848967956,40.71970252398376,22.194574477249336,3220.5982503332216,2037725.386554135
0.0,0.2,0.7999763488769531,4.0,3.0,0.08333333333333333,229.0560704074098,14.711466946486025,0.1359928927178448,0.2,2.000654946175594,0.6667394225802191,3697.757171029994,52.3555357486218,24.66131019632917,4140.89829678779,2620014.3347995095
0.0,0.2,0.7999763488769531,4.0,4.0,0.1111111111111111,305.4080938765464,19.61528926198137,0.1359928927178448,0.2,2.6675399282341252,0.7273376651467057,6026.094219619727,63.99136897325984,27.176902029949566,5061.198343242358,3202303.283044883
0.0,0.2,0.7999763488769531,4.0,5.0,0.13888888888888887,381.76011734568294,24.51911157747671,0.1359928927178448,0.2,3.334424910292656,0.7692888859084006,8902.30693066599,75.62720219789786,29.639527025897777,5981.498389696923,3784592.2312902557
0.0,0.2,0.7999763488769531,6.0,1.0,0.027777777777777776,114.52803520370492,7.355733473243013,0.1359928927178448,0.2,1.000327473087797,0.5000818548693158,365.19065637078404,34.901785911664746,21.099145489035365,1840.2988180706252,776258.1833028658
0.0,0.2,0.7999763488769531,6.0,2.0,0.05555555555555555,229.05607040740983,14.711466946486025,0.1359928927178448,0.2,2.000654946175594,0.6667394225802191,1095.6317543792572,52.355535748621804,24.661310196329165,2760.5988645251928,1164450.8154664482
0.0,0.2,0.7999763488769531,6.0,3.0,0.08333333333333333,343.58410561111475,22.06720041972904,0.1359928927178448,0.2,3.0009824192633907,0.7500613861272335,2191.3232940254197,69.80928558557886,28.416987935656255,3680.898910979761,1552643.4476300308
0.0,0.2,0.7999763488769531,6.0,4.0,0.1111111111111111,458.11214081481967,29.42293389297205,0.1359928927178448,0.2,4.001309892351188,0.8000523819710988,3652.2652753092716,87.26303542253592,32.027288717596896,4601.198957434329,1940836.0797936134
0.0,0.2,0.7999763488769531,6.0,5.0,0.13888888888888887,572.6401760185246,36.77866736621506,0.1359928927178448,0.2,5.001637365438984,0.833378803298147,5478.457698230812,104.716785259493,35.466705408662335,5521.499003888897,2329028.7119571962
0.0,0.25,0.7499580383300781,2.0,1.0,0.027777777777777776,35.51759726158883,2.152068566750183,0.1528512317830483,0.2,0.3289463313093448,0.2475241652424371,2834.430163958631,21.20357578566716,20.70037854007891,3845.5478403506404,5230513.106495066
0.0,0.25,0.7499580383300781,2.0,2.0,0.05555555555555555,71.03519452317767,4.304137133500366,0.1528512317830483,0.2,0.6578926626186896,0.3968246421813153,7072.040248460951,26.451973182169176,20.831502122600646,4797.41385943329,6525191.496969883
0.0,0.25,0.7499580383300781,2.0,3.0,0.08333333333333333,106.5527917847665,6.45620570025055,0.1528512317830483,0.2,0.9868389939280344,0.496687953550291,12712.830253506958,31.700370578671194,22.01638197730896,5749.279878515939,7819869.887444702
0.0,0.25,0.7499580383300781,2.0,4.0,0.1111111111111111,142.07038904635533,8.608274267000732,0.1528512317830483,0.2,1.3157853252373792,0.5681810446322372,19756.800179096655,36.94876797517321,23.472308709641577,6701.145897598588,9114548.277919518
0.0,0.25,0.7499580383300781,2.0,5.0,0.13888888888888887,177.58798630794416,10.760342833750915,0.1528512317830483,0.2,1.6447316565467238,0.6218898058997339,28203.95002523004,42.197165371675226,25.01503339205902,7653.011916681237,10409226.668394336
0.0,0.25,0.7499580383300781,4.0,1.0,0.027777777777777776,71.03519452317767,4.304137133500366,0.1528512317830483,0.2,0.6578926626186896,0.3968246421813153,884.0050310576189,26.451973182169176,20.831502122600646,2398.706929716645,1631297.8742424708
0.0,0.25,0.7499580383300781,4.0,2.0,0.05555555555555555,142.07038904635533,8.608274267000732,0.1528512317830483,0.2,1.3157853252373792,0.5681810446322372,2469.600022387082,36.94876797517321,23.472308709641577,3350.572948799294,2278637.0694798795
0.0,0.25,0.7499580383300781,4.0,3.0,0.08333333333333333,213.105583569533,12.9124114005011,0.1528512317830483,0.2,1.9736779878560688,0.6637161104585606,4756.7849739883895,47.44556276817723,26.58095301078911,4302.4389678819425,2925976.2647172883
0.0,0.25,0.7499580383300781,4.0,4.0,0.1111111111111111,284.14077809271066,17.216548534001465,0.1528512317830483,0.2,2.6315706504747585,0.7246370520509441,7745.559885861541,57.94235756118127,29.69240266635216,5254.304986964591,3573315.4599546967
0.0,0.25,0.7499580383300781,4.0,5.0,0.13888888888888887,355.1759726158883,21.52068566750183,0.1528512317830483,0.2,3.2894633130934476,0.766870601982413,11435.924758006535,68.4391523541853,32.72772099636787,6206.171006047241,4220654.655192106
0.0,0.25,0.7499580383300781,6.0,1.0,0.027777777777777776,106.55279178476651,6.45620570025055,0.1528512317830483,0.2,0.9868389939280344,0.496687953550291,470.8455649447022,31.700370578671198,22.016381977308964,1916.4266261719797,868874.4319383001
0.0,0.25,0.7499580383300781,6.0,2.0,0.05555555555555555,213.10558356953302,12.9124114005011,0.1528512317830483,0.2,1.9736779878560688,0.6637161104585606,1409.4177700706339,47.44556276817725,26.580953010789113,2868.2926452546285,1300433.895429906
0.0,0.25,0.7499580383300781,6.0,3.0,0.08333333333333333,319.65837535429955,19.368617100751653,0.1528512317830483,0.2,2.960516981784104,0.7475077105844077,2815.7166153777957,63.19075495768329,31.22105599572711,3820.1586643372775,1731993.3589215118
0.0,0.25,0.7499580383300781,6.0,4.0,0.1111111111111111,426.21116713906605,25.8248228010022,0.1528512317830483,0.2,3.9473559757121377,0.7978718319625147,4689.742100866186,78.93594714718935,35.67328494772872,4772.024683419927,2163552.8224131176
0.0,0.25,0.7499580383300781,6.0,5.0,0.13888888888888887,532.7639589238325,32.28102850125275,0.1528512317830483,0.2,4.934194969640172,0.8314851458174054,7031.494226535806,94.6811393366954,39.929485684605275,5723.8907025025765,2595112.2859047237
0.0,0.3,0.7000045776367188,2.0,1.0,0.027777777777777776,33.706927736429606,1.9040863959802863,0.17316226410615096,0.2,0.32971591138166745,0.24795966458660304,3622.8978765516986,19.590905598889385,20.3704999168168,4011.1057909623505,5748765.598922069
0.0,0.3,0.7000045776367188,2.0,2.0,0.05555555555555555,67.41385547285921,3.8081727919605726,0.17316226410615096,0.2,0.6594318227633349,0.3973841008214664,9042.460837705949,24.4486599801378,21.229172162909908,5005.698237510756,7174227.588617788
0.0,0.3,0.7000045776367188,2.0,3.0,0.08333333333333333,101.12078320928882,5.712259187940859,0.17316226410615096,0.2,0.9891477341450025,0.4972721317605748,16258.688883462753,29.306414361386214,22.90108985621037,6000.290684059162,8599689.578313507
0.0,0.3,0.7000045776367188,2.0,4.0,0.1111111111111111,134.82771094571842,7.616345583921145,0.17316226410615096,0.2,1.3188636455266698,0.5687542896585988,25271.582013822102,34.16416874263463,24.773061443570995,6994.883130607567,10025151.568009224
0.0,0.3,0.7000045776367188,2.0,5.0,0.13888888888888887,168.53463868214803,9.52043197990143,0.17316226410615096,0.2,1.648579556908337,0.6224391306684814,36081.140228784,39.02192312388304,26.700564517920508,7989.475577155972,11450613.557704942
0.0,0.3,0.7000045776367188,4.0,1.0,0.027777777777777776,67.41385547285921,3.8081727919605726,0.17316226410615096,0.2,0.6594318227633349,0.3973841008214664,1130.3076047132436,24.4486599801378,21.229172162909908,2502.849118755378,1793556.897154447
0.0,0.3,0.7000045776367188,4.0,2.0,0.05555555555555555,134.82771094571842,7.616345583921145,0.17316226410615096,0.2,1.3188636455266698,0.5687542896585988,3158.947751727763,34.16416874263463,24.773061443570995,3497.4415653037836,2506287.892002306
0.0,0.3,0.7000045776367188,4.0,3.0,0.08333333333333333,202.24156641857763,11.424518375881718,0.17316226410615096,0.2,1.978295468290005,0.6642374772258065,6085.920441043559,43.879677505131454,28.634375457257224,4492.034011852188,3219018.8868501643
0.0,0.3,0.7000045776367188,4.0,4.0,0.1111111111111111,269.65542189143684,15.23269116784229,0.17316226410615096,0.2,2.6377272910533396,0.7251030877274914,9911.225672660628,53.595186267628286,32.45379057430713,5486.626458400594,3931749.881698024
0.0,0.3,0.7000045776367188,4.0,5.0,0.13888888888888887,337.06927736429606,19.04086395980286,0.17316226410615096,0.2,3.297159113816674,0.7672881144231556,14634.863446578975,63.31069503012512,36.17592785950007,6481.218904949,4644480.876545884
0.0,0.3,0.7000045776367188,6.0,1.0,0.027777777777777776,101.12078320928885,5.712259187940859,0.17316226410615096,0.2,0.9891477341450025,0.4972721317605748,602.1736623504722,29.30641436138622,22.90108985621037,2000.0968946863877,955521.0642570563
0.0,0.3,0.7000045776367188,6.0,2.0,0.05555555555555555,202.2415664185777,11.424518375881718,0.17316226410615096,0.2,1.978295468290005,0.6642374772258065,1803.2356862351285,43.879677505131475,28.634375457257235,2994.6893412347936,1430675.060822296
0.0,0.3,0.7000045776367188,6.0,3.0,0.08333333333333333,303.36234962786654,17.136777563822577,0.17316226410615096,0.2,2.9674432024350073,0.7479485026058463,3603.186071653968,58.45294064887672,34.32781169492184,3989.281787783199,1905829.0573875352
0.0,0.3,0.7000045776367188,6.0,4.0,0.1111111111111111,404.4831328371554,22.849036751763435,0.17316226410615096,0.2,3.95659093658001,0.7982484306663424,6002.024818606992,73.02620379262197,39.79548812273693,4983.874234331605,2380983.053952775
0.0,0.3,0.7000045776367188,6.0,5.0,0.13888888888888887,505.60391604644417,28.56129593970429,0.17316226410615096,0.2,4.945738670725011,0.8318123188084783,8999.751927094198,87.5994669363672,45.046341780752314,5978.466680880008,2856137.0505180135
0.0,0.35,0.6499977111816406,2.0,1.0,0.027777777777777776,32.535865470971686,1.6885687432938281,0.19802291121842144,0.2,0.3343752983394752,0.2505856476476887,4622.863061753161,18.38707968036743,19.993450305622492,4200.18308468755,6236422.251517072
0.0,0.35,0.6499977111816406,2.0,2.0,0.05555555555555555,65.07173094194337,3.3771374865876562,0.19802291121842144,0.2,0.6687505966789504,0.4007492779387517,11562.572392138307,22.99461795042196,21.616509976412992,5252.688683202846,7799180.160417934
0.0,0.35,0.6499977111816406,2.0,3.0,0.08333333333333333,97.60759641291506,5.065706229881485,0.19802291121842144,0.2,1.0031258950184256,0.5007802542581571,20819.127991155434,27.6021562204765,23.829977240369015,6305.194281718144,9361938.0693188
0.0,0.35,0.6499977111816406,2.0,4.0,0.1111111111111111,130.14346188388674,6.7542749731753124,0.19802291121842144,0.2,1.3375011933579009,0.5721927317763352,32392.529858804555,32.20969449053102,26.177633004416247,7357.69988023344,10924695.97821966
0.0,0.35,0.6499977111816406,2.0,5.0,0.13888888888888887,162.6793273548584,8.44284371646914,0.19802291121842144,0.2,1.6718764916973758,0.6257312031048542,46282.77799508565,36.81723276058555,28.552492855643035,8410.205478748736,12487453.88712052
0.0,0.35,0.6499977111816406,4.0,1.0,0.027777777777777776,65.07173094194337,3.3771374865876562,0.19802291121842144,0.2,0.6687505966789504,0.4007492779387517,1445.3215490172884,22.99461795042196,21.616509976412992,2626.344341601423,1949795.0401044835
0.0,0.35,0.6499977111816406,4.0,2.0,0.05555555555555555,130.14346188388674,6.7542749731753124,0.19802291121842144,0.2,1.3375011933579009,0.5721927317763352,4049.0662323505694,32.20969449053102,26.177633004416247,3678.84994011672,2731173.994554915
0.0,0.35,0.6499977111816406,4.0,3.0,0.08333333333333333,195.21519282583012,10.13141245976297,0.19802291121842144,0.2,2.0062517900368513,0.6673598654263947,7811.234049999843,41.42477103064008,30.918977593012166,4731.355538632017,3512552.9490053463
0.0,0.35,0.6499977111816406,4.0,4.0,0.1111111111111111,260.2869237677735,13.508549946350625,0.19802291121842144,0.2,2.6750023867158017,0.7278913331826,12731.82500196511,50.63984757074915,35.581196567340626,5783.8611371473135,4293931.903455778
0.0,0.35,0.6499977111816406,4.0,5.0,0.13888888888888887,325.3586547097168,16.88568743293828,0.19802291121842144,0.2,3.3437529833947517,0.7697843307796763,18810.839088246365,59.8549241108582,40.13073951171509,6836.366735662609,5075310.857906208
0.0,0.35,0.6499977111816406,6.0,1.0,0.027777777777777776,97.60759641291506,5.065706229881485,0.19802291121842144,0.2,1.0031258950184256,0.5007802542581571,771.0788144872383,27.6021562204765,23.829977240369015,2101.731427239381,1040215.3410354218
0.0,0.35,0.6499977111816406,6.0,2.0,0.05555555555555555,195.21519282583012,10.13141245976297,0.19802291121842144,0.2,2.0062517900368513,0.6673598654263947,2314.439718518472,41.424771030640095,30.91897759301217,3154.2370257546777,1561134.644002376
0.0,0.35,0.6499977111816406,6.0,3.0,0.08333333333333333,292.82278923874514,15.197118689644455,0.19802291121842144,0.2,3.009377685055277,0.7505847344520717,4630.082712093701,55.24738584080368,37.87023322671193,4206.742624269974,2082053.9469693298
0.0,0.35,0.6499977111816406,6.0,4.0,0.1111111111111111,390.43038565166023,20.26282491952594,0.19802291121842144,0.2,4.012503580073703,0.8004988956067147,7718.007795212925,69.07000065096727,44.56961247146882,5259.248222785271,2602973.249936284
0.0,0.35,0.6499977111816406,6.0,5.0,0.13888888888888887,488.0379820645752,25.32853114940742,0.19802291121842144,0.2,5.015629475092128,0.8337663574293387,11578.214967876142,82.89261546113084,51.04043414766776,6311.7538213005655,3123892.5529032373
0.0,0.4,0.5999946594238281,2.0,1.0,0.027777777777777776,31.815930694262843,1.4945853508999623,0.22889646317324977,0.2000042791964887,0.3421053007315518,0.25490198164412126,5934.931026728603,17.48571396027197,19.553583944852615,4425.078787208869,6719021.490888935
0.0,0.4,0.5999946594238281,2.0,2.0,0.05555555555555555,63.631861388525685,2.9891707017999245,0.22889646317324977,0.2000042791964887,0.6842106014631036,0.4062500264923625,14895.513412725806,21.942857099207572,21.962055445675755,5553.040138999774,8431713.383625962
0.0,0.4,0.5999946594238281,2.0,3.0,0.08333333333333333,95.44779208278852,4.483756052699888,0.22889646317324977,0.2000042791964887,1.0263159021946555,0.5064935339465464,26881.74715799161,26.40000023814317,24.763388925079106,6681.001490790681,10144405.276362991
0.0,0.4,0.5999946594238281,2.0,4.0,0.1111111111111111,127.26372277705137,5.978341403599849,0.22889646317324977,0.2000042791964887,1.3684212029262073,0.5777778045710408,41893.63226252601,30.85714337707877,27.64218286168178,7808.962842581585,11857097.169100018
0.0,0.4,0.5999946594238281,2.0,5.0,0.13888888888888887,159.0796534713142,7.472926754499811,0.22889646317324977,0.2000042791964887,1.710526503657759,0.6310679867359587,59931.168726329015,35.31428651601437,30.525442547842307,8936.92419437249,13569789.061837044
0.0,0.4,0.5999946594238281,4.0,1.0,0.027777777777777776,63.631861388525685,2.9891707017999245,0.22889646317324977,0.2000042791964887,0.6842106014631036,0.4062500264923625,1861.9391765907258,21.942857099207572,21.962055445675755,2776.520069499887,2107928.3459064905
0.0,0.4,0.5999946594238281,4.0,2.0,0.05555555555555555,127.26372277705137,5.978341403599849,0.22889646317324977,0.2000042791964887,1.3684212029262073,0.5777778045710408,5236.704032815751,30.85714337707877,27.64218286168178,3904.4814212907927,2964274.2922750046
0.0,0.4,0.5999946594238281,4.0,3.0,0.08333333333333333,190.89558416557705,8.967512105399775,0.22889646317324977,0.2000042791964887,2.052631804389311,0.6724138172962352,10124.294568675079,39.77142965494997,33.38982623391113,5032.442773081698,3820620.238643518
0.0,0.4,0.5999946594238281,4.0,4.0,0.1111111111111111,254.52744555410274,11.956682807199698,0.22889646317324977,0.2000042791964887,2.7368424058524146,0.7323943877232122,16524.710784168703,48.68571593282117,39.03507214113698,6160.404124872603,4676966.185012031
0.0,0.4,0.5999946594238281,4.0,5.0,0.13888888888888887,318.1593069426284,14.945853508999623,0.22889646317324977,0.2000042791964887,3.421053007315518,0.7738095430330061,24437.952679296628,57.60000221069237,44.56263276818283,7288.365476663509,5533312.131380546
0.0,0.4,0.5999946594238281,6.0,1.0,0.027777777777777776,95.44779208278852,4.483756052699888,0.22889646317324977,0.2000042791964887,1.0263159021946555,0.5064935339465464,995.6202651108002,26.40000023814317,24.763388925079106,2227.0004969302267,1127156.1418181101
0.0,0.4,0.5999946594238281,6.0,2.0,0.05555555555555555,190.89558416557705,8.967512105399775,0.22889646317324977,0.2000042791964887,2.052631804389311,0.6724138172962352,2999.790983311134,39.77142965494997,33.38982623391113,3354.961848721132,1698053.439397119
0.0,0.4,0.5999946594238281,6.0,3.0,0.08333333333333333,286.3433762483656,13.451268158099662,0.22889646317324977,0.2000042791964887,3.0789477065839668,0.7548387300023812,6012.512154601001,53.14285907175677,41.81327750663534,4482.923200512037,2268950.7369761276
0.0,0.4,0.5999946594238281,6.0,4.0,0.1111111111111111,381.7911683311541,17.93502421079955,0.22889646317324977,0.2000042791964887,4.105263608778622,0.8041237286395013,10033.783778980402,66.51428848856357,49.979823058021346,5610.884552302942,2839848.034555137
0.0,0.4,0.5999946594238281,6.0,5.0,0.13888888888888887,477.2389604139426,22.418780263499432,0.22889646317324977,0.2000042791964887,5.1315795109732765,0.8369098862356156,15063.605856449332,79.88571790537037,57.922036426287356,6738.845904093848,3410745.3321341462
0.0,0.45,0.5499954223632812,2.0,1.0,0.027777777777777776,31.367766549581912,1.3118246240052138,0.26793899436279817,0.24653173471370052,0.3514889705363128,0.2600753525919128,7757.673106829456,16.831870874014143,19.046712332321217,4713.238031163567,7258810.031961043
0.0,0.45,0.5499954223632812,2.0,2.0,0.05555555555555555,62.735533099163824,2.6236492480104276,0.26793899436279817,0.24653173471370052,0.7029779410726256,0.4127933334414496,19550.50535076185,21.20942562635492,22.23845531328563,5939.035073968046,9146647.610421028
0.0,0.45,0.5499954223632812,2.0,3.0,0.08333333333333333,94.10329964874573,3.9354738720156415,0.26793899436279817,0.24653173471370052,1.0544669116089385,0.5132557286031644,35378.49673179718,25.586980378695692,25.658160292602396,7164.832116772523,11034485.188881008
0.0,0.45,0.5499954223632812,2.0,4.0,0.1111111111111111,125.47106619832765,5.247298496020855,0.26793899436279817,0.24653173471370052,1.4059558821452511,0.5843647809915957,55241.647249935464,29.96453513103647,29.111952448732648,8390.629159577002,12922322.767340994
0.0,0.45,0.5499954223632812,2.0,5.0,0.13888888888888887,156.83883274790955,6.559123120026069,0.26793899436279817,0.24653173471370052,1.757444852681564,0.6373454217851289,79139.95690517667,34.34208988337724,32.55598588405636,9616.426202381477,14810160.345800972
0.0,0.45,0.5499954223632812,4.0,1.0,0.027777777777777776,62.735533099163824,2.6236492480104276,0.26793899436279817,0.24653173471370052,0.7029779410726256,0.4127933334414496,2443.8131688452313,21.20942562635492,22.23845531328563,2969.517536984023,2286661.902605257
0.0,0.45,0.5499954223632812,4.0,2.0,0.05555555555555555,125.47106619832765,5.247298496020855,0.26793899436279817,0.24653173471370052,1.4059558821452511,0.5843647809915957,6905.205906241933,29.96453513103647,29.111952448732648,4195.314579788501,3230580.6918352484
0.0,0.45,0.5499954223632812,4.0,3.0,0.08333333333333333,188.20659929749146,7.870947744031283,0.26793899436279817,0.24653173471370052,2.108933823217877,0.6783463216450976,13384.178212190105,38.71964463571802,35.977080596435684,5421.111622592977,4174499.4810652384
0.0,0.45,0.5499954223632812,4.0,4.0,0.1111111111111111,250.9421323966553,10.49459699204171,0.26793899436279817,0.24653173471370052,2.8119117642905023,0.7376644419296714,21880.730086689746,47.47475414039957,42.73803905047252,6646.908665397455,5118418.27029523
0.0,0.45,0.5499954223632812,4.0,5.0,0.13888888888888887,313.6776654958191,13.118246240052137,0.26793899436279817,0.24653173471370052,3.514889705363128,0.7785106469351567,32394.861529740858,56.229863645081124,49.39229884182804,7872.705708201934,6062337.059525222
0.0,0.45,0.5499954223632812,6.0,1.0,0.027777777777777776,94.10329964874575,3.935473872015642,0.26793899436279817,0.24653173471370052,1.0544669116089385,0.5132557286031644,1310.3146937702659,25.58698037869569,25.658160292602396,2388.277372257507,1226053.9098756674
0.0,0.45,0.5499954223632812,6.0,2.0,0.05555555555555555,188.2065992974915,7.870947744031284,0.26793899436279817,0.24653173471370052,2.108933823217877,0.6783463216450976,3965.682433241512,38.71964463571802,35.977080596435684,3614.0744150619853,1855333.1026956616
0.0,0.45,0.5499954223632812,6.0,3.0,0.08333333333333333,282.30989894623724,11.806421616046928,0.26793899436279817,0.24653173471370052,3.163400734826816,0.7598117347592781,7966.103218413738,51.852308892740346,46.077979102339434,4839.871457866463,2484612.295515656
0.0,0.45,0.5499954223632812,6.0,4.0,0.1111111111111111,376.413198594983,15.741895488062568,0.26793899436279817,0.24653173471370052,4.217867646435754,0.8083508306917128,13311.577049286943,64.98497314976268,55.94941869671147,6065.668500670941,3113891.4883356504
0.0,0.45,0.5499954223632812,6.0,5.0,0.13888888888888887,470.5164982437287,19.67736936007821,0.26793899436279817,0.24653173471370052,5.272334558044693,0.8405697287435931,20002.10392586113,78.11763740678498,65.62541714599752,7291.465543475416,3743170.6811556425
0.0,0.5,0.5,2.0,1.0,0.027777777777777776,31.234725560377736,1.139225423714448,0.31838319798198395,0.31,0.3627102336245866,0.26616827603902016,10371.813704843298,16.463898599272536,18.524685186270315,5092.776747580255,7876741.600510138
0.0,0.5,0.5,2.0,2.0,0.05555555555555555,62.46945112075547,2.278450847428896,0.31838319798198395,0.31,0.7254204672491732,0.4204311244816206,26264.922956118644,20.846066106322144,22.49989360565695,6448.312354735299,9973280.333122753
0.0,0.5,0.5,2.0,3.0,0.08333333333333333,93.7041766811332,3.417676271143344,0.31838319798198395,0.31,1.08813070087376,0.5211027740832703,47679.32775382604,25.22823361337175,26.575272241040743,7803.847961890342,12069819.065735368
0.0,0.5,0.5,2.0,4.0,0.1111111111111111,124.93890224151095,4.556901694857792,0.31838319798198395,0.31,1.4508409344983464,0.5919767839993718,74615.02809796548,29.61040112042136,30.657648793388983,9159.383569045387,14166357.798347984
0.0,0.5,0.5,2.0,5.0,0.13888888888888887,156.17362780188867,5.69612711857224,0.31838319798198395,0.31,1.813551168122933,0.6445772832106863,107072.02398853694,33.99256862747097,34.72673367040703,10514.919176200432,16262896.5309606
0.0,0.5,0.5,4.0,1.0,0.027777777777777776,62.46945112075547,2.278450847428896,0.31838319798198395,0.31,0.7254204672491732,0.4204311244816206,3283.1153695148305,20.846066106322144,22.49989360565695,3224.1561773676494,2493320.083280688
0.0,0.5,0.5,4.0,2.0,0.05555555555555555,124.93890224151095,4.556901694857792,0.31838319798198395,0.31,1.4508409344983464,0.5919767839993718,9326.878512245685,29.61040112042136,30.657648793388983,4579.6917845226935,3541589.449586996
0.0,0.5,0.5,4.0,3.0,0.08333333333333333,187.4083533622664,6.835352542286688,0.31838319798198395,0.31,2.17626140174752,0.6851644516884478,18131.289428192562,38.374736134520575,38.7770244801604,5935.227391677737,4589858.815893303
0.0,0.5,0.5,4.0,4.0,0.1111111111111111,249.8778044830219,9.113803389715583,0.31838319798198395,0.31,2.901681868996693,0.7437002724527237,29696.348117355457,47.139071148619806,46.81809893852236,7290.7629988327835,5638128.182199612
0.0,0.5,0.5,4.0,5.0,0.13888888888888887,312.34725560377734,11.39225423714448,0.31838319798198395,0.31,3.627102336245866,0.7838820221963503,44022.05457973437,55.903406162719016,54.784338689818256,8646.298605987828,6686397.54850592
0.0,0.5,0.5,6.0,1.0,0.027777777777777776,93.7041766811332,3.417676271143344,0.31838319798198395,0.31,1.08813070087376,0.5211027740832703,1765.9010279194827,25.22823361337175,26.575272241040743,2601.282653963447,1341091.0073039297
0.0,0.5,0.5,6.0,2.0,0.05555555555555555,187.4083533622664,6.835352542286688,0.31838319798198395,0.31,2.17626140174752,0.6851644516884478,5372.233904649648,38.374736134520575,38.7770244801604,3956.818261118491,2039937.2515081347
0.0,0.5,0.5,6.0,3.0,0.08333333333333333,281.1125300433996,10.253028813430031,0.31838319798198395,0.31,3.2643921026212794,0.7654999878211691,10818.998630190494,51.52123865566941,50.81008233252539,5312.353868273536,2738783.4957123403
0.0,0.5,0.5,6.0,4.0,0.1111111111111111,374.8167067245328,13.670705084573376,0.31838319798198395,0.31,4.35252280349504,0.8131722111773108,18106.195204542026,64.66774117681824,62.68375005764638,6667.889475428581,3437629.739916546
0.0,0.5,0.5,6.0,5.0,0.13888888888888887,468.520883405666,17.08838135571672,0.31838319798198395,0.31,5.440653504368799,0.8447362524126343,27233.82362770423,77.81424369796706,74.42378936201388,8023.425082583624,4136475.9841207503
0.5,0.2,0.7999992370605469,2.0,1.0,0.027777777777777776,38.43022885585814,2.4738343153153775,0.11491409110300847,0.1949358868961793,0.28427842188389985,0.22135264210613587,2072.9484095635326,22.30891480202609,19.980087818832068,3505.464359180394,4406585.892147691
0.5,0.2,0.7999992370605469,2.0,2.0,0.05555555555555555,76.86045771171628,4.947668630630755,0.11491409110300847,0.1949358868961793,0.5685568437677997,0.36247130349581747,5063.602033940265,27.24705203597525,19.01375529219561,4281.408156893866,5381995.322042206
0.5,0.2,0.7999992370605469,2.0,3.0,0.08333333333333333,115.29068656757441,7.421502945946133,0.11491409110300847,0.1949358868961793,0.8528352656516998,0.46028661126100223,8971.9608731302,32.185189269924415,19.409382894249106,5057.351954607339,6357404.751936723
0.5,0.2,0.7999992370605469,2.0,4.0,0.1111111111111111,153.72091542343256,9.89533726126151,0.11491409110300847,0.1949358868961793,1.1371136875355994,0.5320791749019471,13798.02492713333,37.12332650387357,20.184811375706268,5833.295752320812,7332814.181831238
0.5,0.2,0.7999992370605469,2.0,5.0,0.13888888888888887,192.15114427929066,12.369171576576887,0.11491409110300847,0.1949358868961793,1.4213921094194994,0.587014430207366,19541.794195949664,42.06146373782272,21.104480276919737,6609.239550034283,8308223.61172575
0.5,0.2,0.7999992370605469,4.0,1.0,0.027777777777777776,76.86045771171628,4.947668630630755,0.11491409110300847,0.1949358868961793,0.5685568437677997,0.36247130349581747,632.9502542425331,27.24705203597525,19.01375529219561,2140.704078446933,1345498.8305105516
0.5,0.2,0.7999992370605469,4.0,2.0,0.05555555555555555,153.72091542343256,9.89533726126151,0.11491409110300847,0.1949358868961793,1.1371136875355994,0.5320791749019471,1724.7531158916663,37.12332650387357,20.184811375706268,2916.647876160406,1833203.5454578095
0.5,0.2,0.7999992370605469,4.0,3.0,0.08333333333333333,230.58137313514882,14.843005891892266,0.11491409110300847,0.1949358868961793,1.7056705313033995,0.6304058500728574,3275.4085849474004,46.99960097177189,22.084077480346572,3692.5916738738783,2320908.260405067
0.5,0.2,0.7999992370605469,4.0,4.0,0.1111111111111111,307.4418308468651,19.79067452252302,0.11491409110300847,0.1949358868961793,2.2742273750711988,0.6945844361287662,5284.916661409733,56.8758754396702,24.09546633792773,4468.535471587351,2808612.9753523245
0.5,0.2,0.7999992370605469,4.0,5.0,0.13888888888888887,384.3022885585813,24.738343153153775,0.11491409110300847,0.1949358868961793,2.842784218838999,0.7397720134537961,7753.277345278668,66.75214990756851,26.096662469757373,5244.479269300823,3296317.6902995817
0.5,0.2,0.7999992370605469,6.0,1.0,0.027777777777777776,115.29068656757443,7.421502945946133,0.11491409110300847,0.1949358868961793,0.8528352656516998,0.46028661126100223,332.2948471529703,32.185189269924415,19.409382894249106,1685.783984869113,706378.3057707469
0.5,0.2,0.7999992370605469,6.0,2.0,0.05555555555555555,230.58137313514885,14.843005891892266,0.11491409110300847,0.1949358868961793,1.7056705313033995,0.6304058500728574,970.4914325770075,46.99960097177189,22.084077480346572,2461.7277825825854,1031514.7824022518
0.5,0.2,0.7999992370605469,6.0,3.0,0.08333333333333333,345.8720597027233,22.264508837838402,0.11491409110300847,0.1949358868961793,2.5585057969550995,0.7189831752260546,1914.5897562721113,61.814012673619374,25.100322950819205,3237.671580296059,1356651.2590337573
0.5,0.2,0.7999992370605469,6.0,4.0,0.1111111111111111,461.1627462702977,29.686011783784533,0.11491409110300847,0.1949358868961793,3.411341062606799,0.7733115653929807,3164.589818238282,76.62842437546685,28.054621795329087,4013.615378009531,1681787.7356652622
0.5,0.2,0.7999992370605469,6.0,5.0,0.13888888888888887,576.453432837872,37.10751472973067,0.11491409110300847,0.1949358868961793,4.264176328258499,0.8100367583373065,4720.491618475519,91.44283607731433,30.89418045775162,4789.559175723003,2006924.212296767
0.5,0.25,0.75,2.0,1.0,0.027777777777777776,34.69451912841399,2.1123842621864077,0.12865386208461102,0.1949358868961793,0.2717663935370329,0.21369207027180284,2815.3476123964656,20.099602683772126,19.764856786545593,3731.599200204242,5195935.764270406
0.5,0.25,0.75,2.0,2.0,0.05555555555555555,69.38903825682797,4.2247685243728155,0.12865386208461102,0.1949358868961793,0.5435327870740658,0.35213556305751775,6833.930144448486,24.39472839290807,19.350085470203037,4529.012358720489,6306266.034736649
0.5,0.25,0.75,2.0,3.0,0.08333333333333333,104.08355738524196,6.337152786559224,0.12865386208461102,0.1949358868961793,0.8152991806110987,0.44912661742988175,12055.747596156063,28.689854102044023,20.06905623804408,5326.4255172367375,7416596.305202895
0.5,0.25,0.75,2.0,4.0,0.1111111111111111,138.77807651365595,8.449537048745631,0.12865386208461102,0.1949358868961793,1.0870655741481317,0.52085837053387,18480.799967519197,32.984979811179976,21.104925551201926,6123.838675752986,8526926.575669141
0.5,0.25,0.75,2.0,5.0,0.13888888888888887,173.4725956420699,10.56192131093204,0.12865386208461102,0.1949358868961793,1.3588319676851646,0.5760613669394399,26109.087258537882,37.28010552031592,22.2588452837749,6921.251834269234,9637256.846135385
0.5,0.25,0.75,4.0,1.0,0.027777777777777776,69.38903825682797,4.2247685243728155,0.12865386208461102,0.1949358868961793,0.5435327870740658,0.35213556305751775,854.2412680560608,24.39472839290807,19.350085470203037,2264.5061793602445,1576566.5086841623
0.5,0.25,0.75,4.0,2.0,0.05555555555555555,138.77807651365595,8.449537048745631,0.12865386208461102,0.1949358868961793,1.0870655741481317,0.52085837053387,2310.0999959398996,32.984979811179976,21.104925551201926,3061.919337876493,2131731.6439172854
0.5,0.25,0.75,4.0,3.0,0.08333333333333333,208.16711477048392,12.674305573118447,0.12865386208461102,0.1949358868961793,1.6305983612221975,0.6198583505786904,4367.576183651516,41.57523122945187,23.4592425155367,3859.332496392741,2686896.7791504078
0.5,0.25,0.75,4.0,4.0,0.1111111111111111,277.5561530273119,16.899074097491262,0.12865386208461102,0.1949358868961793,2.1741311482962633,0.684953156224576,7026.66983119091,50.16548264772378,25.891266695866545,4656.74565490899,3242061.914383531
0.5,0.25,0.75,4.0,5.0,0.13888888888888887,346.9451912841398,21.12384262186408,0.12865386208461102,0.1949358868961793,2.717663935370329,0.7310138793111791,10287.380938558083,58.75573406599567,28.29804648802805,5454.158813425237,3797227.0496166525
0.5,0.25,0.75,6.0,1.0,0.027777777777777776,104.08355738524196,6.337152786559224,0.12865386208461102,0.1949358868961793,0.8152991806110987,0.44912661742988175,446.5091702280023,28.689854102044023,20.06905623804408,1775.4751724122457,824066.256133655
0.5,0.25,0.75,6.0,2.0,0.05555555555555555,208.16711477048392,12.674305573118447,0.12865386208461102,0.1949358868961793,1.6305983612221975,0.6198583505786904,1294.0966470078563,41.57523122945187,23.4592425155367,2572.888330928494,1194176.34628907
0.5,0.25,0.75,6.0,3.0,0.08333333333333333,312.25067215572585,19.011458359677672,0.12865386208461102,0.1949358868961793,2.4458975418332964,0.709799845218852,2542.7624303395623,54.46060835685972,27.100263252073216,3370.301489444742,1564286.436444485
0.5,0.25,0.75,6.0,4.0,0.1111111111111111,416.33422954096784,25.348611146236895,0.12865386208461102,0.1949358868961793,3.261196722444395,0.7653241412834,4192.50652022312,67.34598548426757,30.652911076468275,4167.71464796099,1934396.5265999
0.5,0.25,0.75,6.0,5.0,0.13888888888888887,520.4177869262097,31.68576393279611,0.12865386208461102,0.1949358868961793,4.076495903055493,0.8030137285448985,6243.328916658529,80.23136261167542,34.07705671092169,4965.127806477238,2304506.616755315
0.5,0.3,0.6999969482421875,2.0,1.0,0.027777777777777776,31.919413198353435,1.8034240665225223,0.1451649544731358,0.1949358868961793,0.26179397251249936,0.20747759001512112,3832.333128584463,18.58309431670504,19.598401421466754,4017.877025896837,6080949.490177933
0.5,0.3,0.6999969482421875,2.0,2.0,0.05555555555555555,63.83882639670687,3.6068481330450446,0.1451649544731358,0.1949358868961793,0.5235879450249987,0.3436545601024743,9254.912740476553,22.438669940558697,19.762088865144538,4851.496468207036,7342610.235403731
0.5,0.3,0.6999969482421875,2.0,3.0,0.08333333333333333,95.7582395950603,5.410272199567566,0.1451649544731358,0.1949358868961793,0.785381917537498,0.43989574993609326,16267.73883567627,26.294245564412353,20.840746069599852,5685.115910517235,8604270.98062953
0.5,0.3,0.6999969482421875,2.0,4.0,0.1111111111111111,127.67765279341374,7.213696266090089,0.1451649544731358,0.1949358868961793,1.0471758900499974,0.5115221877805637,24870.811414183616,30.149821188266007,22.17448785297799,6518.735352827432,9865931.725855324
0.5,0.3,0.6999969482421875,2.0,5.0,0.13888888888888887,159.59706599176715,9.01712033261261,0.1451649544731358,0.1949358868961793,1.3089698625624966,0.5669064303463021,35064.13047599858,34.005396812119656,23.6004561265968,7352.354795137629,11127592.47108112
0.5,0.3,0.6999969482421875,4.0,1.0,0.027777777777777776,63.83882639670687,3.6068481330450446,0.1451649544731358,0.1949358868961793,0.5235879450249987,0.3436545601024743,1156.8640925595691,22.438669940558697,19.762088865144538,2425.748234103518,1835652.5588509329
0.5,0.3,0.6999969482421875,4.0,2.0,0.05555555555555555,127.67765279341374,7.213696266090089,0.1451649544731358,0.1949358868961793,1.0471758900499974,0.5115221877805637,3108.851426772952,30.149821188266007,22.17448785297799,3259.367676413716,2466482.931463831
0.5,0.3,0.6999969482421875,4.0,3.0,0.08333333333333333,191.5164791901206,10.820544399135132,0.1451649544731358,0.1949358868961793,1.570763835074996,0.6110105540010339,5855.962002640148,37.86097243597332,25.05979025174761,4092.9871187239146,3097313.3040767303
0.5,0.3,0.6999969482421875,4.0,4.0,0.1111111111111111,255.35530558682748,14.427392532180178,0.1451649544731358,0.1949358868961793,2.094351780099995,0.6768305380044137,9398.195820161158,45.57212368368062,27.989893400873495,4926.606561034111,3728143.6766896276
0.5,0.3,0.6999969482421875,4.0,5.0,0.13888888888888887,319.1941319835343,18.03424066522522,0.1451649544731358,0.1949358868961793,2.617939725124993,0.723599596462196,13735.552879335979,53.28327493138793,30.881371455816208,5760.22600334431,4358974.049302527
0.5,0.3,0.6999969482421875,6.0,1.0,0.027777777777777776,95.7582395950603,5.410272199567566,0.1451649544731358,0.1949358868961793,0.785381917537498,0.43989574993609326,602.5088457657877,26.294245564412343,20.840746069599845,1895.0386368390775,956030.1089588363
0.5,0.3,0.6999969482421875,6.0,2.0,0.05555555555555555,191.5164791901206,10.820544399135132,0.1451649544731358,0.1949358868961793,1.570763835074996,0.6110105540010339,1735.0998526341177,37.86097243597331,25.059790251747604,2728.6580791492756,1376583.6907007687
0.5,0.3,0.6999969482421875,6.0,3.0,0.08333333333333333,287.27471878518094,16.2308165987027,0.1451649544731358,0.1949358868961793,2.356145752612494,0.7020391622677356,3397.7730206049896,49.42769930753428,29.442377266508487,3562.277521459474,1797137.272442701
0.5,0.3,0.6999969482421875,6.0,4.0,0.1111111111111111,383.0329583802412,21.641088798270264,0.1451649544731358,0.1949358868961793,3.141527670149992,0.7585432044297356,5590.528349678405,60.99442617909524,33.71389555380177,4395.896963769672,2217690.854184633
0.5,0.3,0.6999969482421875,6.0,5.0,0.13888888888888887,478.7911979753015,27.051360997837833,0.1451649544731358,0.1949358868961793,3.9269095876874904,0.7970330118297618,8313.365839854361,72.5611530506562,37.846581235546836,5229.516406079869,2638244.435926565
0.5,0.35,0.6500015258789062,2.0,1.0,0.027777777777777776,29.624546593517202,1.5350657114152466,0.1652646166579222,0.1949358868961793,0.25369204634176135,0.2023559510344089,5255.420315401406,17.329898224298145,19.218491571640797,4347.700091716105,7089857.736483048
0.5,0.35,0.6500015258789062,2.0,2.0,0.05555555555555555,59.249093187034404,3.0701314228304932,0.1652646166579222,0.1949358868961793,0.5073840926835227,0.33659907593973043,12637.771782820022,20.836706260805514,19.977245028344292,5227.483078587706,8524532.64144774
0.5,0.35,0.6500015258789062,2.0,3.0,0.08333333333333333,88.87363978055161,4.605197134245739,0.1652646166579222,0.1949358868961793,0.7610761390252839,0.43216538011043776,22147.054402255846,24.34351429731288,21.434352481351937,6107.2660654593055,9959207.546412429
0.5,0.35,0.6500015258789062,2.0,4.0,0.1111111111111111,118.49818637406881,6.1402628456609865,0.1652646166579222,0.1949358868961793,1.0147681853670454,0.5036649837619793,33783.26817370888,27.85032233382024,23.084474601811962,6987.049052330903,11393882.451377114
0.5,0.35,0.6500015258789062,2.0,5.0,0.13888888888888887,148.122732967586,7.675328557076233,0.1652646166579222,0.1949358868961793,1.2684602317088067,0.5591723469418237,47546.41309717914,31.35713037032761,24.80132192456595,7866.832039202503,12828557.356341805
0.5,0.35,0.6500015258789062,4.0,1.0,0.027777777777777776,59.249093187034404,3.0701314228304932,0.1652646166579222,0.1949358868961793,0.5073840926835227,0.33659907593973043,1579.7214728525028,20.836706260805514,19.977245028344292,2613.741539293853,2131133.160361935
0.5,0.35,0.6500015258789062,4.0,2.0,0.05555555555555555,118.49818637406881,6.1402628456609865,0.1652646166579222,0.1949358868961793,1.0147681853670454,0.5036649837619793,4222.90852171361,27.85032233382024,23.084474601811962,3493.5245261654513,2848470.6128442786
0.5,0.35,0.6500015258789062,4.0,3.0,0.08333333333333333,177.74727956110323,9.210394268491479,0.1652646166579222,0.1949358868961793,1.5221522780505679,0.6035132340332267,7929.561146583322,34.863938406834976,26.539136068403685,4373.307513037052,3565808.0653266236
0.5,0.35,0.6500015258789062,4.0,4.0,0.1111111111111111,236.99637274813762,12.280525691321973,0.1652646166579222,0.1949358868961793,2.0295363707340908,0.6699164896450183,12699.679347461639,41.87755447984971,30.00919340023699,5253.090499908651,4283145.517808968
0.5,0.35,0.6500015258789062,4.0,5.0,0.13888888888888887,296.245465935172,15.350657114152465,0.1652646166579222,0.1949358868961793,2.5369204634176135,0.7172681686390732,18533.263124348563,48.89117055286443,33.43121763609562,6132.87348678025,5000482.970291312
0.5,0.35,0.6500015258789062,6.0,1.0,0.027777777777777776,88.87363978055161,4.605197134245739,0.1652646166579222,0.1949358868961793,0.7610761390252839,0.43216538011043776,820.2612741576239,24.343514297312883,21.43435248135194,2035.7553551531016,1106578.6162680476
0.5,0.35,0.6500015258789062,6.0,2.0,0.05555555555555555,177.74727956110323,9.210394268491479,0.1652646166579222,0.1949358868961793,1.5221522780505679,0.6035132340332267,2349.4995989876506,34.86393840683498,26.53913606840369,2915.5383420247013,1584803.5845896106
0.5,0.35,0.6500015258789062,6.0,3.0,0.08333333333333333,266.6209193416548,13.815591402737219,0.1652646166579222,0.1949358868961793,2.283228417075852,0.6954217395295841,4587.714974490081,45.38436251635708,31.727594181305573,3795.3213288963,2063028.5529111736
0.5,0.35,0.6500015258789062,6.0,4.0,0.1111111111111111,355.49455912220645,18.420788536982958,0.1652646166579222,0.1949358868961793,3.0443045561011357,0.7527387005285185,7534.907400664913,55.904786625879176,36.79108292804401,4675.1043157679005,2541253.5212327368
0.5,0.35,0.6500015258789062,6.0,5.0,0.13888888888888887,444.368198902758,23.025985671228693,0.1652646166579222,0.1949358868961793,3.805380695126419,0.7918999422846575,11191.076877512149,66.42521073540127,41.71336900716661,5554.8873026394995,3019478.4895542995
0.5,0.4,0.6000022888183594,2.0,1.0,0.027777777777777776,27.97899934320624,1.3116004316242966,0.19011327856196003,0.1949358868961793,0.2493526582193769,0.19958548659492464,7173.8529508677475,16.34605186073983,18.65884924480126,4703.893082410359,8121849.138461889
0.5,0.4,0.6000022888183594,2.0,2.0,0.05555555555555555,55.95799868641248,2.6232008632485933,0.19011327856196003,0.1949358868961793,0.4987053164387538,0.3327574213346923,17211.299765654247,19.60848657527146,20.03321122902762,5642.721872153729,9742852.350812372
0.5,0.4,0.6000022888183594,2.0,3.0,0.08333333333333333,83.93699802961872,3.93480129487289,0.19011327856196003,0.1949358868961793,0.7480579746581307,0.42793659335264844,30112.3404443595,22.870921289803093,21.89853944082525,6581.550661897101,11363855.56316286
0.5,0.4,0.6000022888183594,2.0,4.0,0.1111111111111111,111.91599737282496,5.2464017264971865,0.19011327856196003,0.1949358868961793,0.9974106328775076,0.4993518190301305,45876.9749869835,26.133356004334725,23.896604257396344,7520.379451640473,12984858.775513345
0.5,0.4,0.6000022888183594,2.0,5.0,0.13888888888888887,139.8949967160312,6.558002158121483,0.19011327856196003,0.1949358868961793,1.2467632910968847,0.5549152845951149,64505.20339352626,29.39579071886635,25.937035092435544,8459.208241383843,14605861.98786383
0.5,0.4,0.6000022888183594,4.0,1.0,0.027777777777777776,55.95799868641248,2.6232008632485933,0.19011327856196003,0.1949358868961793,0.4987053164387538,0.3327574213346923,2151.412470706781,19.60848657527146,20.03321122902762,2821.3609360768646,2435713.087703093
0.5,0.4,0.6000022888183594,4.0,2.0,0.05555555555555555,111.91599737282496,5.2464017264971865,0.19011327856196003,0.1949358868961793,0.9974106328775076,0.4993518190301305,5734.621873372937,26.133356004334725,23.896604257396344,3760.1897258202366,3246214.6938783363
0.5,0.4,0.6000022888183594,4.0,3.0,0.08333333333333333,167.87399605923744,7.86960258974578,0.19011327856196003,0.1949358868961793,1.4961159493162615,0.5993775848938744,10749.62820799847,32.65822543339799,27.987144158374996,4699.018515563607,4056716.3000535783
0.5,0.4,0.6000022888183594,4.0,4.0,0.1111111111111111,223.83199474564992,10.492803452994373,0.19011327856196003,0.1949358868961793,1.9948212657550153,0.6660902567259241,17196.431474583376,39.183094862461246,32.06817567138193,5637.847305306978,4867217.906228821
0.5,0.4,0.6000022888183594,4.0,5.0,0.13888888888888887,279.7899934320624,13.116004316242966,0.19011327856196003,0.1949358868961793,2.4935265821937693,0.7137562928254442,25075.03167312766,45.70796429152452,36.09620745214548,6576.67609505035,5677719.512404064
0.5,0.4,0.6000022888183594,6.0,1.0,0.027777777777777776,83.93699802961872,3.93480129487289,0.19011327856196003,0.1949358868961793,0.7480579746581307,0.42793659335264844,1115.271868309611,22.870921289803093,21.89853944082525,2193.850220632367,1262650.6181292064
0.5,0.4,0.6000022888183594,6.0,2.0,0.05555555555555555,167.87399605923744,7.86960258974578,0.19011327856196003,0.1949358868961793,1.4961159493162615,0.5993775848938744,3185.075024592139,32.65822543339799,27.987144158374996,3132.679010375738,1802985.0222460346
0.5,0.4,0.6000022888183594,6.0,3.0,0.08333333333333333,251.81099408885618,11.80440388461867,0.19011327856196003,0.1949358868961793,2.2441739239743925,0.6917551205840056,6209.409468847584,42.44552957699288,34.089682331737215,4071.507800119109,2343319.426362863
0.5,0.4,0.6000022888183594,6.0,4.0,0.1111111111111111,335.7479921184749,15.73920517949156,0.19011327856196003,0.1949358868961793,2.992231898632523,0.7495135489642938,10188.275201075945,52.23283372058778,40.0630585392709,5010.336589862481,2883653.8304796913
0.5,0.4,0.6000022888183594,6.0,5.0,0.13888888888888887,419.68499014809356,19.67400647436445,0.19011327856196003,0.1949358868961793,3.7402898732906538,0.7890424369120255,15121.672221277226,62.02013786418268,45.90155700984136,5949.165379605853,3423988.23459652
0.5,0.45,0.5499954223632812,2.0,1.0,0.027777777777777776,27.180018424545963,1.1135938498539029,0.22138676685098962,0.2190934189359217,0.24653494200430193,0.1977761984015456,9929.361817075678,16.17538219594607,18.59463344344303,5227.275428718,9290846.646439439
0.5,0.45,0.5499954223632812,2.0,2.0,0.05555555555555555,54.36003684909193,2.2271876997078057,0.22138676685098962,0.2190934189359217,0.49306988400860385,0.3302389856560542,23786.30649962074,19.374487794352326,20.637228783036576,6261.106091007654,11128354.976103978
0.5,0.45,0.5499954223632812,2.0,3.0,0.08333333333333333,81.54005527363789,3.340781549561709,0.22138676685098962,0.2190934189359217,0.7396048260129059,0.42515680282863205,41570.83404763519,22.57359339275859,22.996016656912094,7294.936753297311,12965863.305768522
0.5,0.45,0.5499954223632812,2.0,4.0,0.1111111111111111,108.72007369818385,4.4543753994156114,0.22138676685098962,0.2190934189359217,0.9861397680172077,0.49651076117451964,63282.944461119005,25.772698991164845,25.43718970706978,8328.767415586966,14803371.635433063
0.5,0.45,0.5499954223632812,2.0,5.0,0.13888888888888887,135.9000921227298,5.567969249269514,0.22138676685098962,0.2190934189359217,1.2326747100215096,0.5521067195720751,88922.6377400722,28.971804589571104,27.901343566948754,9362.598077876622,16640879.965097606
0.5,0.45,0.5499954223632812,4.0,1.0,0.027777777777777776,54.36003684909193,2.2271876997078057,0.22138676685098962,0.2190934189359217,0.49306988400860385,0.3302389856560542,2973.2883124525924,19.374487794352326,20.637228783036576,3130.553045503827,2782088.7440259946
0.5,0.45,0.5499954223632812,4.0,2.0,0.05555555555555555,108.72007369818385,4.4543753994156114,0.22138676685098962,0.2190934189359217,0.9861397680172077,0.49651076117451964,7910.368057639876,25.772698991164845,25.43718970706978,4164.383707793483,3700842.9088582657
0.5,0.45,0.5499954223632812,4.0,3.0,0.08333333333333333,163.08011054727578,6.681563099123418,0.22138676685098962,0.2190934189359217,1.4792096520258118,0.5966456490749461,14811.239235561852,32.17091018797736,30.367101652744655,5198.214370083139,4619597.073690537
0.5,0.45,0.5499954223632812,4.0,4.0,0.1111111111111111,217.4401473963677,8.908750798831223,0.22138676685098962,0.2190934189359217,1.9722795360344154,0.6635578895334354,23675.901846218512,38.569121384789874,35.272565736348035,6232.045032372794,5538351.238522806
0.5,0.45,0.5499954223632812,4.0,5.0,0.13888888888888887,271.8001842454596,11.135938498539028,0.22138676685098962,0.2190934189359217,2.4653494200430193,0.71142881170477,34504.35588960987,44.9673325816024,40.12682283434065,7265.875694662449,6457105.403355077
0.5,0.45,0.5499954223632812,6.0,1.0,0.027777777777777776,81.5400552736379,3.3407815495617097,0.22138676685098962,0.2190934189359217,0.7396048260129061,0.4251568028286322,1539.6605202827845,22.57359339275859,22.996016656912094,2431.645584432437,1440651.4784187246
0.5,0.45,0.5499954223632812,6.0,2.0,0.05555555555555555,163.0801105472758,6.681563099123419,0.22138676685098962,0.2190934189359217,1.4792096520258122,0.5966456490749462,4388.5153290553635,32.17091018797736,30.367101652744655,3465.4762467220926,2053154.2549735717
0.5,0.45,0.5499954223632812,6.0,3.0,0.08333333333333333,244.6201658209137,10.022344648685127,0.22138676685098962,0.2190934189359217,2.218814478038718,0.6893266117625648,8546.564426317736,41.76822698319614,37.70655042511272,4499.306909011748,2665657.0315284184
0.5,0.45,0.5499954223632812,6.0,4.0,0.1111111111111111,326.1602210945516,13.363126198246839,0.22138676685098962,0.2190934189359217,2.9584193040516245,0.7473739078180894,14013.807812069905,51.36554377841492,44.92622869976769,5533.137571301403,3278159.8080832656
0.5,0.45,0.5499954223632812,6.0,5.0,0.13888888888888887,407.70027636818946,16.703907747808543,0.22138676685098962,0.2190934189359217,3.698024130064529,0.7871445585814255,20790.245486311862,60.962860573633684,52.02759524832949,6566.9682335910575,3890662.5846381118
0.5,0.5,0.5,2.0,1.0,0.027777777777777776,26.32798461907335,0.9015800980686015,0.26156674699154814,0.24899799195977468,0.23582337340412504,0.1908228784786131,15018.214371222855,16.937765528329884,19.254288501200712,6215.81601683718,11405391.310485123
0.5,0.5,0.5,2.0,2.0,0.05555555555555555,52.6559692381467,1.803160196137203,0.26156674699154814,0.24899799195977468,0.4716467468082501,0.3204891036732634,35768.06653429695,20.169878701441615,21.994436764577767,7401.935921263516,13581800.910526851
0.5,0.5,0.5,2.0,3.0,0.08333333333333333,78.98395385722006,2.7047402942058048,0.26156674699154814,0.24899799195977468,0.7074701202123752,0.4143382140850465,62249.55648922228,23.401991874553353,24.905594177593873,8588.055825689855,15758210.510568585
0.5,0.5,0.5,2.0,4.0,0.1111111111111111,105.3119384762934,3.606320392274406,0.26156674699154814,0.24899799195977468,0.9432934936165002,0.4854096906695323,94462.68423599885,26.634105047665088,27.860305038336865,9774.175730116192,17934620.110610317
0.5,0.5,0.5,2.0,5.0,0.13888888888888887,131.63992309536675,4.507900490343006,0.26156674699154814,0.24899799195977468,1.179116867020625,0.5410984995186423,132407.44977462664,29.86621822077682,30.82573155415172,10960.29563454253,20111029.710652046
0.5,0.5,0.5,4.0,1.0,0.027777777777777776,52.6559692381467,1.803160196137203,0.26156674699154814,0.24899799195977468,0.4716467468082501,0.3204891036732634,4471.008316787119,20.169878701441615,21.994436764577767,3700.967960631758,3395450.227631713
0.5,0.5,0.5,4.0,2.0,0.05555555555555555,105.3119384762934,3.606320392274406,0.26156674699154814,0.24899799195977468,0.9432934936165002,0.4854096906695323,11807.835529499856,26.634105047665088,27.860305038336865,4887.087865058096,4483655.027652579
0.5,0.5,0.5,4.0,3.0,0.08333333333333333,157.96790771444012,5.4094805884116095,0.26156674699154814,0.24899799195977468,1.4149402404247504,0.5859110783527647,22010.481638138215,33.098331393888564,33.790014898372824,6073.207769484436,5571859.827673446
0.5,0.5,0.5,4.0,4.0,0.1111111111111111,210.6238769525868,7.212640784548812,0.26156674699154814,0.24899799195977468,1.8865869872330003,0.6535701143174031,35078.94664270219,39.56255774011203,39.69815474377192,7259.327673910772,6660064.627694312
0.5,0.5,0.5,4.0,5.0,0.13888888888888887,263.2798461907335,9.015800980686013,0.26156674699154814,0.24899799195977468,2.35823373404125,0.7022244193835149,51013.23054319178,46.02678408633549,45.57031072784349,8445.447578337109,7748269.427715176
0.5,0.5,0.5,6.0,1.0,0.027777777777777776,78.98395385722006,2.7047402942058048,0.26156674699154814,0.24899799195977468,0.7074701202123752,0.4143382140850465,2305.539129230455,23.401991874553357,24.90559417759388,2862.6852752299524,1750912.2789520654
0.5,0.5,0.5,6.0,2.0,0.05555555555555555,157.96790771444012,5.4094805884116095,0.26156674699154814,0.24899799195977468,1.4149402404247504,0.5859110783527647,6521.624189077989,33.098331393888564,33.790014898372824,4048.8051796562904,2476382.145632643
0.5,0.5,0.5,6.0,3.0,0.08333333333333333,236.9518615716602,8.114220882617413,0.26156674699154814,0.24899799195977468,2.1224103606371254,0.6797346009971762,12648.255179542604,42.79467091322377,42.63894973444996,5234.925084082628,3201852.01231322
0.5,0.5,0.5,6.0,4.0,0.1111111111111111,315.93581542888023,10.818961176823219,0.26156674699154814,0.24899799195977468,2.829880480849501,0.7388952462093044,20685.432100624297,52.49101043255897,51.40500626303216,6421.0449885089665,3927321.8789937976
0.5,0.5,0.5,6.0,5.0,0.13888888888888887,394.9197692861003,13.523701471029021,0.26156674699154814,0.24899799195977468,3.5373506010618754,0.779607068546572,30633.15495232307,62.18734995189418,60.09079267699465,7607.164892935304,4652791.7456743745
1.0,0.2,0.7999534606933594,2.0,1.0,0.027777777777777776,31.05106477729287,1.9698535406257018,0.09711690863231254,0.19,0.19130608632398363,0.16058516658325597,3032.67598861223,21.30314588057121,20.60246471396918,4143.164502566211,6445926.281615801
1.0,0.2,0.7999534606933594,2.0,2.0,0.05555555555555555,62.10212955458574,3.9397070812514037,0.09711690863231254,0.19,0.38261217264796726,0.2767313786303441,7039.35753487313,24.72411511055014,18.631138994714636,4808.49526439264,7481046.427332464
1.0,0.2,0.7999534606933594,2.0,3.0,0.08333333333333333,93.15319433187861,5.909560621877105,0.09711690863231254,0.19,0.5739182589719509,0.3646429893677082,12020.044638782701,28.145084340529074,18.328906055195123,5473.826026219068,8516166.573049126
1.0,0.2,0.7999534606933594,2.0,4.0,0.1111111111111111,124.20425910917147,7.879414162502807,0.09711690863231254,0.19,0.7652243452959345,0.43349976864705375,17974.737300340945,31.566053570508,18.534554402779325,6139.156788045495,9551286.718765786
1.0,0.2,0.7999534606933594,2.0,5.0,0.13888888888888887,155.25532388646434,9.849267703128508,0.09711690863231254,0.19,0.956530431619918,0.48889115965753444,24903.435519547853,34.98702280048693,18.957704682869657,6804.487549871923,10586406.864482448
1.0,0.2,0.7999534606933594,4.0,1.0,0.027777777777777776,62.10212955458574,3.9397070812514037,0.09711690863231254,0.19,0.38261217264796726,0.2767313786303441,879.9196918591413,24.72411511055014,18.631138994714636,2404.24763219632,1870261.606833116
1.0,0.2,0.7999534606933594,4.0,2.0,0.05555555555555555,124.20425910917147,7.879414162502807,0.09711690863231254,0.19,0.7652243452959345,0.43349976864705375,2246.842162542618,31.566053570508,18.534554402779325,3069.5783940227475,2387821.6796914465
1.0,0.2,0.7999534606933594,4.0,3.0,0.08333333333333333,186.30638866375722,11.81912124375421,0.09711690863231254,0.19,1.1478365179439018,0.5344152165932592,4100.76741205043,38.40799203046586,19.4894150699885,3734.9091558491755,2905381.7525497773
1.0,0.2,0.7999534606933594,4.0,4.0,0.1111111111111111,248.40851821834295,15.758828325005615,0.09711690863231254,0.19,1.530448690591869,0.6048131686218459,6441.6954403825775,45.24993049042372,20.70250927623432,4400.239917675603,3422941.825408107
1.0,0.2,0.7999534606933594,4.0,5.0,0.13888888888888887,310.5106477729287,19.698535406257015,0.09711690863231254,0.19,1.913060863239836,0.6567184666070368,9269.62624753906,52.09186895038158,21.993376873274855,5065.5706795020305,3940501.898266438
1.0,0.2,0.7999534606933594,6.0,1.0,0.027777777777777776,93.15319433187861,5.909560621877104,0.09711690863231254,0.19,0.5739182589719508,0.36464298936770817,445.18683847343334,28.14508434052908,18.32890605519513,1824.6086754063563,946240.7303387919
1.0,0.2,0.7999534606933594,6.0,2.0,0.05555555555555555,186.30638866375722,11.819121243754209,0.09711690863231254,0.19,1.1478365179439016,0.5344152165932591,1215.0421961630902,38.40799203046588,19.489415069988507,2489.9394372327843,1291280.7789110122
1.0,0.2,0.7999534606933594,6.0,3.0,0.08333333333333333,279.45958299563586,17.728681865631312,0.09711690863231254,0.19,1.7217547769158523,0.6325899715575601,2309.5660730689706,48.67089972040268,21.343317189946706,3155.270199059213,1636320.8274832333
1.0,0.2,0.7999534606933594,6.0,4.0,0.1111111111111111,372.61277732751444,23.638242487508418,0.09711690863231254,0.19,2.2956730358878032,0.6965718415902822,3728.7584691910743,58.93380741033946,23.301555474822415,3820.60096088564,1981360.876055453
1.0,0.2,0.7999534606933594,6.0,5.0,0.13888888888888887,465.765971659393,29.54780310938552,0.09711690863231254,0.19,2.8695912948597537,0.7415747752667395,5472.619384529402,69.19671510027626,25.247756731152528,4485.931722712068,2326400.924627674
1.0,0.25,0.75,2.0,1.0,0.027777777777777776,28.746442455513,1.7311266823479436,0.10829806426124872,0.19,0.1874776686892799,0.15787890049015824,3914.1573234129673,19.18404531922672,19.997061791027583,4298.5746881804425,7223871.728717225
1.0,0.25,0.75,2.0,2.0,0.05555555555555555,57.492884911026,3.4622533646958873,0.10829806426124872,0.19,0.3749553373785598,0.2727036487551924,9064.240355957814,22.2128013011796,18.677125197147948,4977.228933625195,8364368.654529038
1.0,0.25,0.75,2.0,3.0,0.08333333333333333,86.239327366539,5.19338004704383,0.10829806426124872,0.19,0.5624330060678395,0.35997255810878537,15450.249097634542,25.24155728313248,18.71692728808103,5655.883179069949,9504865.580340853
1.0,0.25,0.75,2.0,4.0,0.1111111111111111,114.985769822052,6.924506729391775,0.10829806426124872,0.19,0.7499106747571196,0.4285422596563131,23072.18354844315,28.270313265085356,19.174233884195136,6334.5374245146995,10645362.506152663
1.0,0.25,0.75,2.0,5.0,0.13888888888888887,143.732212277565,8.655633411739716,0.10829806426124872,0.19,0.9373883434463992,0.4838412219301832,31930.043708383633,31.29906924703824,19.809646170968986,7013.191669959454,11785859.43196448
1.0,0.25,0.75,4.0,1.0,0.027777777777777776,57.492884911026,3.4622533646958873,0.10829806426124872,0.19,0.3749553373785598,0.2727036487551924,1133.0300444947268,22.2128013011796,18.677125197147948,2488.6144668125976,2091092.1636322595
1.0,0.25,0.75,4.0,2.0,0.05555555555555555,114.985769822052,6.924506729391775,0.10829806426124872,0.19,0.7499106747571196,0.4285422596563131,2884.022943555394,28.270313265085356,19.174233884195136,3167.2687122573498,2661340.626538166
1.0,0.25,0.75,4.0,3.0,0.08333333333333333,172.478654733078,10.38676009408766,0.10829806426124872,0.19,1.124866012135679,0.5293820907818507,5252.978697182,34.32782522899112,20.532668696952086,3845.9229577021033,3231589.0894440734
1.0,0.25,0.75,4.0,4.0,0.1111111111111111,229.971539644104,13.84901345878355,0.10829806426124872,0.19,1.4998213495142392,0.5999714138795086,8239.897305374547,40.385337192896884,22.094888497873214,4524.577203146856,3801837.55234998
1.0,0.25,0.75,4.0,5.0,0.13888888888888887,287.46442455513,17.311266823479432,0.10829806426124872,0.19,1.8747766868927984,0.6521468938580931,11844.778768133032,46.44284915680264,23.71072598950693,5203.231448591609,4372086.015255887
1.0,0.25,0.75,6.0,1.0,0.027777777777777776,86.239327366539,5.19338004704383,0.10829806426124872,0.19,0.5624330060678395,0.35997255810878537,572.2314480605385,25.241557283132476,18.71692728808103,1885.294393023316,1056096.175593428
1.0,0.25,0.75,6.0,2.0,0.05555555555555555,172.478654733078,10.38676009408766,0.10829806426124872,0.19,1.124866012135679,0.5293820907818507,1556.4381324983701,34.32782522899112,20.532668696952083,2563.948638468069,1436261.8175306995
1.0,0.25,0.75,6.0,3.0,0.08333333333333333,258.717982099617,15.58014014113149,0.10829806426124872,0.19,1.6872990182035188,0.6278791480865764,2952.6200533134956,43.41409317484976,22.900320100178888,3242.602883912822,1816427.4594679708
1.0,0.25,0.75,6.0,4.0,0.1111111111111111,344.957309466156,20.77352018817532,0.10829806426124872,0.19,2.249732024271358,0.6922823197324351,4760.777210505913,52.5003611207084,25.330403112460402,3921.2571293575747,2196593.101405242
1.0,0.25,0.75,6.0,5.0,0.13888888888888887,431.19663683269494,25.966900235219146,0.10829806426124872,0.19,2.8121650303391976,0.737681870527252,6980.909604075624,61.586629066567035,27.72835721495421,4599.911374802327,2576758.743342513
1.0,0.3,0.7000274658203125,2.0,1.0,0.027777777777777776,27.252103457882377,1.529509828287672,0.12168295391702631,0.19,0.18611527395116761,0.15691162405419795,5008.329359959872,17.70509727315257,19.45550875671475,4483.455490450004,7947718.715125353
1.0,0.3,0.7000274658203125,2.0,2.0,0.05555555555555555,54.504206915764755,3.059019656575344,0.12168295391702631,0.19,0.37223054790233523,0.2712594822140833,11588.388907258994,20.48323284032049,18.796055111410357,5186.961772831223,9194808.166241614
1.0,0.3,0.7000274658203125,2.0,3.0,0.08333333333333333,81.75631037364714,4.588529484863016,0.12168295391702631,0.19,0.5583458218535028,0.35829391270122835,19740.178641897368,23.261368407488412,19.209448816245548,5890.468055212445,10441897.617357878
1.0,0.3,0.7000274658203125,2.0,4.0,0.1111111111111111,109.00841383152951,6.118039313150688,0.12168295391702631,0.19,0.7444610958046705,0.4267570641701652,29463.698563874994,26.039503974656334,19.95376477060286,6593.974337593665,11688987.06847414
1.0,0.3,0.7000274658203125,2.0,5.0,0.13888888888888887,136.26051728941187,7.647549141438359,0.12168295391702631,0.19,0.930576369755838,0.4820199730682133,40758.948673191866,28.81763954182425,20.83777194726729,7297.480619974885,12936076.5195904
1.0,0.3,0.7000274658203125,4.0,1.0,0.027777777777777776,54.504206915764755,3.059019656575344,0.12168295391702631,0.19,0.37223054790233523,0.2712594822140833,1448.5486134073742,20.48323284032049,18.796055111410357,2593.4808864156116,2298702.0415604035
1.0,0.3,0.7000274658203125,4.0,2.0,0.05555555555555555,109.00841383152951,6.118039313150688,0.12168295391702631,0.19,0.7444610958046705,0.4267570641701652,3682.9623204843742,26.039503974656334,19.95376477060286,3296.9871687968325,2922246.767118535
1.0,0.3,0.7000274658203125,4.0,3.0,0.08333333333333333,163.51262074729428,9.177058969726032,0.12168295391702631,0.19,1.1166916437070056,0.5275646299388799,6703.241121230998,31.595775108992175,21.78876380876748,4000.493451178053,3545791.492676666
1.0,0.3,0.7000274658203125,4.0,4.0,0.1111111111111111,218.01682766305902,12.236078626301376,0.12168295391702631,0.19,1.488922191609341,0.5982196617591334,10509.385015647249,37.152046243328016,23.7738113809861,4703.999733559273,4169336.218234797
1.0,0.3,0.7000274658203125,4.0,5.0,0.13888888888888887,272.52103457882373,15.295098282876719,0.12168295391702631,0.19,1.861152739511676,0.6504905221625205,15101.394003733125,42.70831737766385,25.78868933502926,5407.506015940493,4792880.943792927
1.0,0.3,0.7000274658203125,6.0,1.0,0.027777777777777776,81.75631037364714,4.588529484863016,0.12168295391702631,0.19,0.5583458218535028,0.35829391270122835,731.1177274776802,23.26136840748842,19.20944881624555,1963.489351737482,1160210.8463730977
1.0,0.3,0.7000274658203125,6.0,2.0,0.05555555555555555,163.51262074729428,9.177058969726032,0.12168295391702631,0.19,1.1166916437070056,0.5275646299388799,1986.1455174017772,31.59577510899218,21.788763808767484,2666.995634118702,1575907.3300785183
1.0,0.3,0.7000274658203125,6.0,3.0,0.08333333333333333,245.26893112094143,13.765588454589047,0.12168295391702631,0.19,1.6750374655605085,0.6261734600451785,3765.083369772291,39.930181810495945,24.780855823947093,3370.501916499923,1991603.8137839392
1.0,0.3,0.7000274658203125,6.0,4.0,0.1111111111111111,327.02524149458856,18.354117939452063,0.12168295391702631,0.19,2.233383287414011,0.6907264276732938,6067.931284589222,48.264588511999705,27.794324150297733,4074.008198881143,2407300.2974893595
1.0,0.3,0.7000274658203125,6.0,5.0,0.13888888888888887,408.7815518682357,22.942647424315076,0.12168295391702631,0.19,2.791729109267514,0.7362680795007585,8894.689261852569,56.59899521350347,30.75650382547708,4777.514481262364,2822996.7811947805
1.0,0.35,0.6499557495117188,2.0,1.0,0.027777777777777776,26.255544210026343,1.3455939501244711,0.13794330410609637,0.19,0.18561567546534338,0.1565563608059508,6468.244202150477,16.75004657929579,19.052746948354706,4741.774089582815,8724679.641934983
1.0,0.35,0.6499557495117188,2.0,2.0,0.05555555555555555,52.51108842005269,2.6911879002489423,0.13794330410609637,0.19,0.37123135093068677,0.2707284592630728,14961.777950486694,19.372372915080504,19.051159913571354,5484.12898481185,10090583.73587409
1.0,0.35,0.6499557495117188,2.0,3.0,0.08333333333333333,78.76663263007903,4.036781850373413,0.13794330410609637,0.19,0.5568470263960301,0.3576761344915718,25480.601245008645,21.994699250865217,19.864848515022,6226.483880040886,11456487.829813197
1.0,0.35,0.6499557495117188,2.0,4.0,0.1111111111111111,105.02217684010537,5.3823758004978846,0.13794330410609637,0.19,0.7424627018613735,0.4260996238646847,38024.71408571635,24.617025586649934,20.930095049580917,6968.838775269924,12822391.923752308
1.0,0.35,0.6499557495117188,2.0,5.0,0.13888888888888887,131.2777210501317,6.727969750622355,0.13794330410609637,0.19,0.9280783773267169,0.48134888510782364,52594.11647260977,27.239351922434643,22.099659368780557,7711.193670498958,14188296.017691411
1.0,0.35,0.6499557495117188,4.0,1.0,0.027777777777777776,52.51108842005269,2.6911879002489423,0.13794330410609637,0.19,0.37123135093068677,0.2707284592630728,1870.2222438108367,19.372372915080504,19.051159913571354,2742.064492405925,2522645.9339685226
1.0,0.35,0.6499557495117188,4.0,2.0,0.05555555555555555,105.02217684010537,5.3823758004978846,0.13794330410609637,0.19,0.7424627018613735,0.4260996238646847,4753.089260714543,24.617025586649934,20.930095049580917,3484.419387634962,3205597.980938077
1.0,0.35,0.6499557495117188,4.0,3.0,0.08333333333333333,157.53326526015806,8.073563700746826,0.13794330410609637,0.19,1.1136940527920602,0.5268946332705713,8648.601050711117,29.86167825821936,23.31731088777404,4226.7742828639975,3888550.02790763
1.0,0.35,0.6499557495117188,4.0,4.0,0.1111111111111111,210.04435368021075,10.764751600995769,0.13794330410609637,0.19,1.484925403722747,0.5975734327872105,13556.757613800564,35.10633092978879,25.80584518818776,4969.129178093034,4571502.074877184
1.0,0.35,0.6499557495117188,4.0,5.0,0.13888888888888887,262.5554421002634,13.45593950124471,0.13794330410609637,0.19,1.8561567546534339,0.649879160739082,19477.55894998288,40.350983601358216,28.303487802587483,5711.48407332207,5254454.121846737
1.0,0.35,0.6499557495117188,6.0,1.0,0.027777777777777776,78.76663263007903,4.036781850373413,0.13794330410609637,0.19,0.5568470263960301,0.3576761344915718,943.7259720373571,21.994699250865224,19.864848515022004,2075.494626680296,1272943.0922014667
1.0,0.35,0.6499557495117188,6.0,2.0,0.05555555555555555,157.53326526015806,8.073563700746826,0.13794330410609637,0.19,1.1136940527920602,0.5268946332705713,2562.5484594699606,29.861678258219367,23.31731088777405,2817.849521909332,1728244.4568478358
1.0,0.35,0.6499557495117188,6.0,3.0,0.08333333333333333,236.29989789023708,12.11034555112024,0.13794330410609637,0.19,1.6705410791880906,0.6255440488097549,4856.467462297811,37.72865726557351,27.05603974661318,3560.2044171383677,2183545.8214942045
1.0,0.35,0.6499557495117188,6.0,4.0,0.1111111111111111,315.0665305203161,16.147127401493652,0.13794330410609637,0.19,2.2273881055841205,0.6901519224571191,7825.482980520906,45.59563627292765,30.78112959929962,4302.559312367403,2638847.1861405736
1.0,0.35,0.6499557495117188,6.0,5.0,0.13888888888888887,393.8331631503951,20.183909251867064,0.13794330410609637,0.19,2.7842351319801506,0.7357458072440819,11469.595014139248,53.46261528028179,34.440120175391094,5044.91420759644,3094148.5507869427
1.0,0.4,0.6000213623046875,2.0,1.0,0.027777777777777776,25.61636942917892,1.1809557010966312,0.15789649324239785,0.19,0.18646876387777545,0.15716280913147126,8403.488727661812,16.052211133447795,18.58387268433573,5045.221379037837,9514638.757714322
1.0,0.4,0.6000213623046875,2.0,2.0,0.05555555555555555,51.23273885835784,2.3619114021932623,0.15789649324239785,0.19,0.3729375277555509,0.27163473953925726,19448.409245211595,18.575021727951928,19.246841001443013,5838.142543657578,11009986.112747876
1.0,0.4,0.6000213623046875,2.0,3.0,0.08333333333333333,76.84910828753677,3.5428671032898937,0.15789649324239785,0.19,0.5594062916333263,0.3587303030869541,33134.76155264934,21.09783232245606,20.487529947349717,6631.063708277319,12505333.467781428
1.0,0.4,0.6000213623046875,2.0,4.0,0.1111111111111111,102.46547771671568,4.723822804386525,0.15789649324239785,0.19,0.7458750555111018,0.42722132557919396,49462.54564997506,23.62064291696019,21.90537097089553,7423.98487289706,14000680.82281498
1.0,0.4,0.6000213623046875,2.0,5.0,0.13888888888888887,128.08184714589459,5.904778505483154,0.15789649324239785,0.19,0.932343819388877,0.48249375190577626,68431.76153718874,26.143453511464326,23.394522350128003,8216.906037516803,15496028.177848538
1.0,0.4,0.6000213623046875,4.0,1.0,0.027777777777777776,51.23273885835784,2.3619114021932623,0.15789649324239785,0.19,0.3729375277555509,0.27163473953925726,2431.0511556514493,18.575021727951928,19.246841001443013,2919.071271828789,2752496.528186969
1.0,0.4,0.6000213623046875,4.0,2.0,0.05555555555555555,102.46547771671568,4.723822804386525,0.15789649324239785,0.19,0.7458750555111018,0.42722132557919396,6182.818206246882,23.62064291696019,21.90537097089553,3711.99243644853,3500170.205703745
1.0,0.4,0.6000213623046875,4.0,3.0,0.08333333333333333,153.69821657507353,7.0857342065797875,0.15789649324239785,0.19,1.1188125832666527,0.5280375395646071,11255.3011517863,28.666264105968462,24.914468841838822,4504.913601068273,4247843.883220524
1.0,0.4,0.6000213623046875,4.0,4.0,0.1111111111111111,204.93095543343136,9.44764560877305,0.15789649324239785,0.19,1.4917501110222036,0.5986756474589802,17648.4999922697,33.71188529497673,27.98148175370957,5297.834765688015,4995517.560737302
1.0,0.4,0.6000213623046875,4.0,5.0,0.13888888888888887,256.16369429178917,11.809557010966309,0.15789649324239785,0.19,1.864687638777754,0.6509218015732215,25362.41472769708,38.75750648398498,31.04100860681704,6090.755930307754,5743191.238254076
1.0,0.4,0.6000213623046875,6.0,1.0,0.027777777777777776,76.84910828753677,3.542867103289894,0.15789649324239785,0.19,0.5594062916333264,0.3587303030869542,1227.2133908388644,21.097832322456057,20.487529947349717,2210.354569425773,1389481.4964201588
1.0,0.4,0.6000213623046875,6.0,2.0,0.05555555555555555,153.69821657507353,7.085734206579788,0.15789649324239785,0.19,1.118812583266653,0.5280375395646072,3334.9040449737176,28.666264105968455,24.914468841838822,3003.2757340455146,1887930.614764677
1.0,0.4,0.6000213623046875,6.0,3.0,0.08333333333333333,230.54732486261028,10.628601309869682,0.15789649324239785,0.19,1.6782188748999791,0.6266175220509764,6323.0719624045605,36.234695889480854,29.513912987357852,3796.1968986652564,2386379.7331091953
1.0,0.4,0.6000213623046875,6.0,4.0,0.1111111111111111,307.39643315014706,14.171468413159577,0.15789649324239785,0.19,2.237625166533306,0.6911316324271249,10191.717143131393,43.80312767299325,34.073318004877635,4589.118063284998,2884828.8514537136
1.0,0.4,0.6000213623046875,6.0,5.0,0.13888888888888887,384.24554143768376,17.714335516449466,0.15789649324239785,0.19,2.7970314581666313,0.7366363668520032,14940.83958715421,51.37155945650564,38.55887747525635,5382.039227904739,3383277.969798231
1.0,0.45,0.54998779296875,2.0,1.0,0.027777777777777776,25.267832640815065,1.0414761830500205,0.18292689974952744,0.19470967342422077,0.1905140093283116,0.1600266841343595,10841.923828381816,15.26359515129348,17.68781518759246,5305.978071424042,10144417.477655694
1.0,0.45,0.54998779296875,2.0,2.0,0.05555555555555555,50.53566528163013,2.082952366100041,0.18292689974952744,0.19470967342422077,0.3810280186566232,0.27590172937060553,25153.84189655012,17.706177671324262,19.012207538247146,6155.076148283656,11767794.96907958
1.0,0.45,0.54998779296875,2.0,3.0,0.08333333333333333,75.8034979224452,3.124428549150062,0.18292689974952744,0.19470967342422077,0.5715420279849348,0.36368230553641534,42935.754204504905,20.14876019135505,20.691318586937452,7004.17422514327,13391172.460503465
1.0,0.45,0.54998779296875,2.0,4.0,0.1111111111111111,101.07133056326026,4.165904732200082,0.18292689974952744,0.19470967342422077,0.7620560373132464,0.4324811590414665,64187.66075224618,22.591342711385824,22.477093267727067,7853.272302002882,15014549.951927345
1.0,0.45,0.54998779296875,2.0,5.0,0.13888888888888887,126.33916320407532,5.207380915250102,0.18292689974952744,0.19470967342422077,0.9525700466415579,0.4878544809595891,88909.56153977392,25.033925231416614,24.303461629793087,8702.370378862495,16637927.44335123
1.0,0.45,0.54998779296875,4.0,1.0,0.027777777777777776,50.53566528163013,2.082952366100041,0.18292689974952744,0.19470967342422077,0.3810280186566232,0.27590172937060553,3144.230237068765,17.706177671324262,19.012207538247146,3077.538074141828,2941948.742269895
1.0,0.45,0.54998779296875,4.0,2.0,0.05555555555555555,101.07133056326026,4.165904732200082,0.18292689974952744,0.19470967342422077,0.7620560373132464,0.4324811590414665,8023.457594030772,22.591342711385824,22.477093267727067,3926.636151001441,3753637.4879818363
1.0,0.45,0.54998779296875,4.0,3.0,0.08333333333333333,151.6069958448904,6.248857098300124,0.18292689974952744,0.19470967342422077,1.1430840559698696,0.5333827447344607,14637.682070886021,27.476507751447393,26.145186743869942,4775.734227861055,4565326.233693779
1.0,0.45,0.54998779296875,4.0,4.0,0.1111111111111111,202.14266112652052,8.331809464400164,0.18292689974952744,0.19470967342422077,1.524112074626493,0.6038210782902832,22986.903667634517,32.36167279150896,29.834546543679863,5624.832304720668,5377014.979405721
1.0,0.45,0.54998779296875,4.0,5.0,0.13888888888888887,252.67832640815064,10.414761830500204,0.18292689974952744,0.19470967342422077,1.9051400932831157,0.655782520673592,33071.12238427624,37.24683783157052,33.505721057439835,6473.93038158028,6188703.725117661
1.0,0.45,0.54998779296875,6.0,1.0,0.027777777777777776,75.80349792244519,3.124428549150062,0.18292689974952744,0.19470967342422077,0.5715420279849348,0.36368230553641534,1590.2131186853667,20.14876019135504,20.69131858693745,2334.7247417144226,1487908.051167051
1.0,0.45,0.54998779296875,6.0,2.0,0.05555555555555555,151.60699584489038,6.248857098300124,0.18292689974952744,0.19470967342422077,1.1430840559698696,0.5333827447344607,4337.090983966228,27.47650775144739,26.14518674386994,3183.822818574036,2029033.8816416792
1.0,0.45,0.54998779296875,6.0,3.0,0.08333333333333333,227.41049376733557,9.373285647450185,0.18292689974952744,0.19470967342422077,1.7146260839548044,0.6316251413369058,8240.633595842584,34.80425531153974,31.673398997112116,4032.9208954336495,2570159.7121163076
1.0,0.45,0.54998779296875,6.0,4.0,0.1111111111111111,303.21399168978076,12.497714196600247,0.18292689974952744,0.19470967342422077,2.2861681119397392,0.6956942049414124,13300.840954314435,42.13200287163209,37.14776548042937,4882.018972293263,3111285.5425909352
1.0,0.45,0.54998779296875,6.0,5.0,0.13888888888888887,379.0174896122259,15.622142745750306,0.18292689974952744,0.19470967342422077,2.8577101399246736,0.7407788652520362,19517.71305938178,49.45975043172444,42.55137439244419,5731.117049152876,3652411.373065563
1.0,0.5,0.5,2.0,1.0,0.027777777777777776,25.148514772707685,0.9068330975217505,0.21488936465677447,0.2,0.19486878817618375,0.16308802280594034,14352.779688691602,14.76941479822443,16.835614104101744,5674.277832148186,10900035.430069668
1.0,0.5,0.5,2.0,2.0,0.05555555555555555,50.29702954541537,1.813666195043501,0.21488936465677447,0.2,0.3897375763523675,0.2804396909057525,33387.09229977915,17.178129455667648,18.783639575139787,6599.68458464481,12677700.656874426
1.0,0.5,0.5,2.0,3.0,0.08333333333333333,75.44554431812305,2.720499292565252,0.21488936465677447,0.2,0.5846063645285514,0.36892844659404245,57102.93783326266,19.586844113110867,20.902723046962812,7525.091337141435,14455365.883679187
1.0,0.5,0.5,2.0,4.0,0.1111111111111111,100.59405909083074,3.627332390087002,0.21488936465677447,0.2,0.779475152704735,0.43803654775396117,85500.3162891421,21.99555877055409,23.071566045748177,8450.498089638062,16233031.11048395
1.0,0.5,0.5,2.0,5.0,0.13888888888888887,125.74257386353842,4.534165487608752,0.21488936465677447,0.2,0.9743439408809188,0.4935026368537303,118579.22766741748,24.404273427997307,25.257674185730192,9375.904842134687,18010696.33728871
1.0,0.5,0.5,4.0,1.0,0.027777777777777776,50.29702954541537,1.813666195043501,0.21488936465677447,0.2,0.3897375763523675,0.2804396909057525,4173.386537472394,17.178129455667648,18.783639575139787,3299.842292322405,3169425.1642186064
1.0,0.5,0.5,4.0,2.0,0.05555555555555555,100.59405909083074,3.627332390087002,0.21488936465677447,0.2,0.779475152704735,0.43803654775396117,10687.539536142762,21.99555877055409,23.071566045748177,4225.249044819031,4058257.7776209875
1.0,0.5,0.5,4.0,3.0,0.08333333333333333,150.8910886362461,5.440998585130504,0.21488936465677447,0.2,1.1692127290571028,0.5390032583689142,19542.458996011104,26.812988085440523,27.44870216857444,5150.655797315655,4947090.391023367
1.0,0.5,0.5,4.0,4.0,0.1111111111111111,201.18811818166148,7.254664780174004,0.21488936465677447,0.2,1.55895030540947,0.6092147636137916,30738.144917077418,31.630417400326962,31.826230111323262,6076.06254981228,5835923.004425746
1.0,0.5,0.5,4.0,5.0,0.13888888888888887,251.48514772707685,9.068330975217505,0.21488936465677447,0.2,1.9486878817618376,0.6608661071979918,44274.5972993417,36.4478467152134,36.185747689923,7001.469302308906,6724755.617828127
1.0,0.5,0.5,6.0,1.0,0.027777777777777776,75.44554431812305,2.720499292565252,0.21488936465677447,0.2,0.5846063645285514,0.36892844659404245,2114.9236234541722,19.586844113110867,20.902723046962812,2508.363779047145,1606151.7648532428
1.0,0.5,0.5,6.0,2.0,0.05555555555555555,150.8910886362461,5.440998585130504,0.21488936465677447,0.2,1.1692127290571028,0.5390032583689142,5790.3582210403265,26.812988085440523,27.44870216857444,3433.77053154377,2198706.84045483
1.0,0.5,0.5,6.0,3.0,0.08333333333333333,226.33663295436918,8.161497877695755,0.21488936465677447,0.2,1.753819093585654,0.6368679401165985,11026.303792758463,34.03913205777018,34.00866639161939,4359.1772840403955,2791261.9160564165
1.0,0.5,0.5,6.0,4.0,0.1111111111111111,301.7821772724922,10.881997170261007,0.21488936465677447,0.2,2.3384254581142057,0.7004575921953113,17822.760338608587,41.26527603009984,40.52281011258282,5284.58403653702,3383816.991658003
1.0,0.5,0.5,6.0,5.0,0.13888888888888887,377.22772159061526,13.602496462826256,0.21488936465677447,0.2,2.923031822642756,0.7450951087808539,26179.72785859068,48.491420002429486,46.98563506336011,6209.990789033644,3976372.0672595887
