key,quantity,source,doi,tpms,method,fluid,Re_range,Re_definition,porosity_range,Pr_range,formula,implemented,access,notes
gajetti2025,"K, C_F","Gajetti, Boccardo, Savoldi & Marocco (2025), Int. J. Heat Mass Transf. 252:127439",10.1016/j.ijheatmasstransfer.2025.127439,"gyroid, diamond, Split-P (skeletal/solid network)","pore-scale CFD (OpenFOAM, laminar, periodic unit cell Lc = 10 mm; pipe validation Lc = 5 mm)","water, 20 C, isothermal",0.3-100,"Re_Dh = U_s D_h / (phi nu), D_h = 4/S_V",0.3-0.6,not stated,"K/Lc^2 = a phi^n; C_F = b phi^m (G: a 0.0156, n 2.78, b 0.0908, m -1.81; D: a 0.0106, n 2.89, b 0.0666, m -1.69)",True,"open-access full text (Polimi / PoliTo repositories); Eqs. 17-19, Tables 2-3","Darcy linear up to Re_Dh ~ 10; Ergun fails (>30-50 % error); errors < 10 % (G, D)"
savoldi2026_hydraulics,"D_h, K, C_F, f","Savoldi, Cammi, Gajetti & Marocco (2026), Int. J. Heat Fluid Flow 121:110631",10.1016/j.ijheatfluidflow.2026.110631,gyroid (skeletal/solid network),"pore-scale CFD (OpenFOAM v2212, single periodic cell, laminar)","constant-property, Pr = 1",20-100,"Re_Dh = U_b D_h / nu, U_b = U_s/phi",0.3-0.7,not stated,"D_h/L = 4phi/(-5.723phi^2 + 5.729phi + 1.665); K/L^2 = 0.0157 phi^2.72; C_F = 0.0784 phi^-2.04; f = 2phi(D_h,rel^2/(K_rel Re) + phi D_h,rel C_F/sqrt(K_rel))",True,"open-access full text (Polimi repository); Eqs. 19-23, 34-36, 41","f correlation MAPE 5.8 % (45 regression points), max 18.5 %"
savoldi2026_st1,Nu (St),"Savoldi, Cammi, Gajetti & Marocco (2026), Int. J. Heat Fluid Flow 121:110631, Eq. 37",10.1016/j.ijheatfluidflow.2026.110631,"gyroid (skeletal), whole solid-fluid interface (interstitial h)","pore-scale CFD, uniform wall T and uniform wall q (non-conjugate), periodic cell",Pr = 1 only,20-100,"Re_Dh = U_b D_h / nu; f Darcy-type, pore velocity",0.3-0.7,1,St = Nu/(Re Pr) = 0.0267 phi^0.19 f,True,open-access full text; Eq. 37,+-11 % (1 sd); residual Re trend at high phi. RECOMMENDED (x Pr^1/3) - see STATUS
savoldi2026_st2,Nu (St),"Savoldi, Cammi, Gajetti & Marocco (2026), Int. J. Heat Fluid Flow 121:110631, Eqs. 38-39",10.1016/j.ijheatfluidflow.2026.110631,"gyroid (skeletal), interstitial h",as Eq. 37,Pr = 1 only,20-100,Re_Dh = U_b D_h / nu,0.3-0.7,1,St = 0.135 phi^2.06 Re^(0.440 - phi) f,True,open-access full text; Eqs. 38-39 (Fig. 15 caption prints 0.134),"+-15 %, symmetric residuals; non-monotone in Re outside its box (low-h bound)"
savoldi2026_st3,Nu (St),"Savoldi, Cammi, Gajetti & Marocco (2026), Int. J. Heat Fluid Flow 121:110631, Eq. 40",10.1016/j.ijheatfluidflow.2026.110631,"gyroid (skeletal), interstitial h",as Eq. 37,Pr = 1 only,20-100,Re_Dh = U_b D_h / nu,0.3-0.7,1,St = 0.034 phi^0.20 Re^(-0.061 - 0.0023 phi) f,True,open-access full text; Eq. 40 (Fig. 16 caption prints 0.0342),"+-12 %, biased at phi = 0.3 and 0.7"
rathore2023,"K, C_F (data)","Rathore, Mehta, Kumar & Asfer (2023), Transp. Porous Media 146:669-701 (arXiv:2205.03591)",10.1007/s11242-022-01880-7,"diamond, gyroid, I-WP, primitive; 1 mm cells, 4 mm channel",pore-scale DNS (laminar) incl. channel walls,water,0.01-100,"Re = U L / nu, channel length L",0.32,not stated,"data only: C_F = 1.173 (G), 0.525 (D) at phi = 0.32",False,arXiv preprint (open),"Darcy fails above Re ~ 10-20; single porosity, wall effects included"
cheng2021,"Nu (interstitial), flow resistance","Cheng, Li, Xu & Jiang (2021), Int. Commun. Heat Mass Transf. 129:105713",10.1016/j.icheatmasstransfer.2021.105713,"I-WP, primitive, diamond, gyroid porous media",pore-scale CFD + strength tests,air (per Savoldi et al. 2026),10-129,Re_h,0.2-0.8,0.7,"correlations Nu(Re_h, eps) and resistance - coefficients NOT accessed (paywalled)",False,abstract only,closest scope to ours (porosity 0.2-0.8); worth adding when the full text is available
iyer2022,"Nu, f","Iyer, Moore, Nguyen, Roy & Stolaroff (2022), Appl. Therm. Eng. 209:118192 (details to verify)",10.1016/j.applthermaleng.2022.118192 (to verify),sheet TPMS and periodic nodal surfaces (two-fluid heat exchangers),CFD,not accessed,not stated,not accessed,not stated,not stated,laminar correlations valid up to Re ~ 350 (per Brambati et al. 2024) - NOT accessed,False,secondary mentions only,sheet (two-fluid) topology
reynolds2023,Nu,"Reynolds, Fee, Morison & Holland (2023), Int. J. Heat Mass Transf. (as quoted by Brambati et al. 2024, Eq. 21)",(to verify),gyroid heat exchanger,experiment,"air (Pr ~ 0.7; the Pr^0.4 factor is assumed, not fitted)",100-2500,Re_Dh,not stated,0.7-0.72,Nu_Dh = 0.49 Re_Dh^0.62 Pr^0.4,True,"secondary (Brambati et al. 2024, open access)",Brambati et al. found it ~2x above their turbulent CFD
brambati2024,Nu,"Brambati, Guilizzoni & Foletti (2024), Appl. Therm. Eng. 242:122492",10.1016/j.applthermaleng.2024.122492,"gyroid, Schwarz-P, Schwarz-D (sheet, two-fluid HX), porosity 70-90 %","conjugate RANS CFD (k-omega SST), Re 5000-50000","air, water (calibration), acetone (validation); Pr 0.7-7",5000-50000,"Re_Dp = W_p D_p / nu (pore diameter, pore velocity); Nu on D_h",0.7-0.9,0.7-7,Nu_Dh = 0.0964 Re_Dp^0.7136 Pr^0.4 (+-20 %),False,open-access full text (Polimi repository),turbulent - not applicable; its fitted Pr exponent (0.39-0.40) is evidence for Pr scaling
piandoro2026,"Nu, f","Piandoro et al. (2026), Lasers Manuf. Mater. Process. 13:555-581",10.1007/s40516-026-00347-7,"gyroid (sheet/offset), porosity 4-83 %","CFD + L-PBF samples, fully developed duct",ethylene glycol (Pr ~ 154 from their Table 4); EG/water Pr = 14 (validation),not stated,Re_por = rho C_F sqrt(K) u / mu; Nu on minimum channel diameter,0.04-0.83,14-154,f ~ 1 + 1/Re_por; Nu = (23.44 + 7.5 phi) sqrt(Re_por),False,open-access full text,"only high-Pr TPMS data found; wall-to-bulk h of a filled duct, no Pr exponent"
ergun1952,f (packed bed),"Ergun (1952), Chem. Eng. Prog. 48:89-94 (assessed by Gajetti et al. 2025)",-,random packed beds,experiment,"gases, liquids",not stated,"Re* = U_s D_p / (nu (1 - phi)), D_p = 1.5 (1-phi)/phi D_h",not stated,not stated,dp* = 150/Re* + 1.75,False,via Gajetti et al. 2025,REJECTED for TPMS: 30-50 % errors (Gajetti et al. 2025)
gnielinski_packed_bed,Nu (fluid-particle),Gnielinski (1981) Int. Chem. Eng. 21(3); VDI Heat Atlas 2nd ed. (2010),-,"packed spheres (generic reference, not TPMS)",correlation of experiments,gases and liquids,0.1-1000,"Re_p = U_s d_p / (phi nu), d_p = 6 (1-phi)/a_sf",not stated,0.4-1000,"Nu_p = f_a (2 + sqrt(Nu_lam^2 + Nu_turb^2)), Nu_lam = 0.664 Re^0.5 Pr^(1/3), f_a = 1 + 1.5(1-phi)",True,implementation of the `ht` library (C. Bell) and its documented example,Pr-validated cross-check of the Pr^1/3 extrapolation
wakao_kaguei,Nu (fluid-particle),"Wakao & Kaguei (1982), Heat and Mass Transfer in Packed Beds, Gordon & Breach",-,"packed spheres (generic reference, not TPMS)",correlation of experiments,gases and liquids,3-3000,"Re_p = U_s d_p / nu (superficial), d_p = 6 (1-phi)/a_sf",not stated,not stated,Nu_p = 2 + 1.1 Re_p^0.6 Pr^(1/3),True,as documented by the `ht` library (C. Bell),no porosity dependence
kuwahara2001,Nu (interstitial),"Kuwahara, Shirota & Nakayama (2001), Int. J. Heat Mass Transf. 44:1153-1159",10.1016/S0017-9310(00)00166-6 (to verify),regular square-rod arrays (not TPMS),pore-scale CFD at Pr = 1,Pr = 1,not stated,Re_D = U_s D / nu (rod size),0.2-0.9,1,h D/k = (porosity term) + (Re_D term) Pr^(1/3) - coefficients not verified,False,secondary sources with garbled equation text,classic LTNE closure; Pr^1/3 also assumed there
