family,flow_lpm,thermal_resistance,R_active,delta_p,pump_power,mass,min_structural_margin,manufacturable,T_wall_max,T_out,reynolds,U_eff,label,design,energy_balance_error,lattice_margin,outer_wall_margin,dean,regime,h_c,nusselt,rib_efficiency
B1,1.0,0.025935639000794646,0.025935639000794646,491.8944792761245,0.02732747107089581,0.33319441086652923,9.255219755942518,True,343.12044203061185,335.96908990011485,93.50163627863489,5069.744384294556,B1 helical channels (end-ring manifolds),"{""family"": ""B1"", ""type"": ""channel"", ""channel_width"": 0.00175, ""rib_thickness"": 0.00075, ""n_starts"": 20, ""layout"": ""helical""}",3.034109759973e-13,9.255219755942518,1042.334366581268,12.537800422545903,laminar,1126.5243570010045,7.631294031297129,0.7917378253940324
B1,3.0,0.013260129966425081,0.013260129966425081,1720.270963222371,0.2867118272037285,0.33319441086652923,9.244391414695517,True,333.3603000741473,327.4230299666971,280.5049088359047,7123.3655004178845,B1 helical channels (end-ring manifolds),"{""family"": ""B1"", ""type"": ""channel"", ""channel_width"": 0.00175, ""rib_thickness"": 0.00075, ""n_starts"": 20, ""layout"": ""helical""}",1.5366916974111425e-12,9.244391414695517,1035.987066836906,37.61340126763771,laminar,1715.6018015060354,11.621818655363466,0.7191893531379511
B1,5.0,0.0101206825388295,0.0101206825388295,3228.547331239899,0.8968187031221941,0.33319441086652923,9.231130160086419,True,330.9429255548987,325.7138179800224,467.5081813931745,8518.364655496202,B1 helical channels (end-ring manifolds),"{""family"": ""B1"", ""type"": ""channel"", ""channel_width"": 0.00175, ""rib_thickness"": 0.00075, ""n_starts"": 20, ""layout"": ""helical""}",8.164781981825152e-14,9.231130160086419,1028.2984087669593,62.68900211272951,laminar,2164.3903001909907,14.661998807745423,0.6741016400731615
B1s,1.0,0.03753431272149187,0.030482564513354207,347.0703931262203,0.019281688507012243,0.31896709203426343,4.247032684984461,True,352.0514207955487,335.9690899001189,26.254988447805083,9991.461284671037,B1s circumferential channels (lattice slots),"{""family"": ""B1s"", ""type"": ""channel"", ""channel_width"": 0.0009, ""rib_thickness"": 0.00035, ""n_starts"": 1, ""layout"": ""circumferential""}",6.183382810105558e-13,4.247032684984461,12.787560210313595,2.690952487143664,laminar,1589.4603312286408,6.219627383068594,0.57979911433129
B1s,3.0,0.025666818304536525,0.018269122605752214,1088.318050142601,0.1813863416904335,0.31896709203426343,4.245553142408065,True,342.9134500944931,327.4230299666978,78.76496534341526,10809.23943848829,B1s circumferential channels (lattice slots),"{""family"": ""B1s"", ""type"": ""channel"", ""channel_width"": 0.0009, ""rib_thickness"": 0.00035, ""n_starts"": 1, ""layout"": ""circumferential""}",1.3637991169280097e-12,4.245553142408065,12.740422966654878,8.072857461430992,laminar,1787.9243587373956,6.996225751581113,0.5547595510720231
B1s,5.0,0.022623844732551742,0.01508391536347675,1884.977466374743,0.5236048517707619,0.31896709203426343,4.243964144523176,True,340.5703604440648,325.7138179800271,131.27494223902542,12029.12255243504,B1s circumferential channels (lattice slots),"{""family"": ""B1s"", ""type"": ""channel"", ""channel_width"": 0.0009, ""rib_thickness"": 0.00035, ""n_starts"": 1, ""layout"": ""circumferential""}",1.9218981384704883e-12,4.243964144523176,12.690147913748298,13.454762435718319,laminar,2105.5752559838224,8.239207523414958,0.5201027376727543
B2,1.0,0.03808016271708849,0.03079838310224154,357.3984952755115,0.01985547195975064,0.3435312079471936,12.786901032119607,True,352.4717252921581,335.96908990014066,65.04156602186981,8356.83178828198,B2 best uniform gyroid,"{""family"": ""B2"", ""type"": ""uniform_lattice"", ""rho"": 0.35, ""L"": 0.004, ""w"": 0.0, ""a_z"": 1.0}",2.3165538751326697e-12,21.17143238198601,12.786901032119607,,,,,
B2,3.0,0.02436891174130337,0.016808329572263102,1833.244790344269,0.3055407983907115,0.3435312079471936,12.693400575674648,True,341.91406204080357,327.4230299667002,195.12469806561947,12475.690237786599,B2 best uniform gyroid,"{""family"": ""B2"", ""type"": ""uniform_lattice"", ""rho"": 0.35, ""L"": 0.004, ""w"": 0.0, ""a_z"": 1.0}",8.051095144103536e-13,21.04704985249263,12.693400575674648,,,,,
B2,5.0,0.020748235815267215,0.01303578605639864,4323.82349143694,1.2010620809547055,0.3435312079471936,12.538676018459524,True,339.12614157775573,325.71381797999817,325.20783010938857,15911.976044585537,B2 best uniform gyroid,"{""family"": ""B2"", ""type"": ""uniform_lattice"", ""rho"": 0.35, ""L"": 0.004, ""w"": 0.0, ""a_z"": 1.0}",9.36321842570354e-12,20.840428628419144,12.538676018459524,,,,,
B3,1.0,0.03588391286666991,0.02842952498060042,354.2261170609653,0.019679228725609184,0.33487470444772605,12.359695103970175,True,350.7806129073358,335.96908990005375,67.4088061202947,8015.986037857071,B3 density-graded gyroid,"{""family"": ""B3"", ""type"": ""graded_density_lattice"", ""rho_path"": [0.250858, 0.232731, 0.367829, 0.5], ""amp_z"": -0.002265, ""L"": 0.004, ""w"": 0.0, ""a_z"": 1.0}",4.463463365145682e-12,12.359695103970175,12.787103497957498,,,,,
B3,3.0,0.02267093125613025,0.01497015084251773,1826.9419856137742,0.3044903309356291,0.33487470444772605,12.280293004136437,True,340.60661706722027,327.4230299666817,202.22428533796804,12009.823580675806,B3 density-graded gyroid,"{""family"": ""B3"", ""type"": ""graded_density_lattice"", ""rho_path"": [0.250858, 0.232731, 0.367829, 0.5], ""amp_z"": -0.002265, ""L"": 0.004, ""w"": 0.0, ""a_z"": 1.0}",5.128457543195238e-12,12.280293004136437,12.693796974809505,,,,,
B3,5.0,0.0193314551658403,0.011495569244276227,4318.675111896263,1.1996319755267397,0.33487470444772605,12.148248461819888,True,338.035220477697,325.7138179800192,336.9921212645687,15359.978362479133,B3 density-graded gyroid,"{""family"": ""B3"", ""type"": ""graded_density_lattice"", ""rho_path"": [0.250858, 0.232731, 0.367829, 0.5], ""amp_z"": -0.002265, ""L"": 0.004, ""w"": 0.0, ""a_z"": 1.0}",1.160196325735661e-12,12.148248461819888,12.538991965413691,,,,,
ref,1.0,0.03808016271708849,0.03079838310224154,357.3984952755115,0.01985547195975064,0.3435312079471936,12.786901032119607,True,352.4717252921581,335.96908990014066,65.04156602186981,8356.83178828198,Task 9 reference gyroid,"{""family"": ""B2"", ""type"": ""uniform_lattice"", ""rho"": 0.35, ""L"": 0.004, ""w"": 0.0, ""a_z"": 1.0}",2.3165538751326697e-12,21.17143238198601,12.786901032119607,,,,,
ref,3.0,0.02436891174130337,0.016808329572263102,1833.244790344269,0.3055407983907115,0.3435312079471936,12.693400575674648,True,341.91406204080357,327.4230299667002,195.12469806561947,12475.690237786599,Task 9 reference gyroid,"{""family"": ""B2"", ""type"": ""uniform_lattice"", ""rho"": 0.35, ""L"": 0.004, ""w"": 0.0, ""a_z"": 1.0}",8.051095144103536e-13,21.04704985249263,12.693400575674648,,,,,
ref,5.0,0.020748235815267215,0.01303578605639864,4323.82349143694,1.2010620809547055,0.3435312079471936,12.538676018459524,True,339.12614157775573,325.71381797999817,325.20783010938857,15911.976044585537,Task 9 reference gyroid,"{""family"": ""B2"", ""type"": ""uniform_lattice"", ""rho"": 0.35, ""L"": 0.004, ""w"": 0.0, ""a_z"": 1.0}",9.36321842570354e-12,20.840428628419144,12.538676018459524,,,,,
