thermal_resistance,R_active,delta_p,pump_power,mass,min_structural_margin,manufacturable,T_wall_max,T_out,energy_balance_error,flow_lpm,lattice_margin,outer_wall_margin,reynolds,dean,regime,h_c,U_eff,nusselt,rib_efficiency,design,channel_width,rib_thickness,n_starts,pitch,n_pass
0.07309553129043116,0.0676025047043589,36.85341868551775,0.006142236447586293,0.22807986315642176,0.3209435346407441,True,379.43355909363197,327.4230299666911,2.933563348949077e-12,3.0,0.3209435346407441,12.017304804537678,324.70695197584183,78.79345300181977,laminar,672.3968442359331,1021.784194379694,14.74854019059698,0.7508538855952716,"{""family"": ""B1s"", ""type"": ""channel"", ""channel_width"": 0.016316666666666667, ""rib_thickness"": 0.00035, ""n_starts"": 1, ""layout"": ""circumferential""}",0.016316666666666667,0.00035,1,,3
0.07193025597924742,0.0663976114422816,37.377391334852355,0.006229565222475393,0.23123810663094135,0.6286230010283,True,378.5362971040205,327.4230299666938,2.3082857414801888e-12,3.0,0.6286230010283,12.241308815538224,326.9042170644001,79.22788426227227,laminar,676.0553452438679,1048.9607899057366,14.791887629019966,0.8077640466233521,"{""family"": ""B1s"", ""type"": ""channel"", ""channel_width"": 0.016166666666666666, ""rib_thickness"": 0.0005, ""n_starts"": 1, ""layout"": ""circumferential""}",0.016166666666666666,0.0005,1,,3
0.0708988247483285,0.06533098894033565,38.28097182546747,0.006380161970911245,0.23650184575514066,1.3244066932132037,True,377.7420950562129,327.42302996670173,4.458886362588058e-13,3.0,1.3244066932132037,12.628815479824276,330.6331625061994,79.96182715811489,laminar,682.2860608240743,1074.1371730414673,14.865015697802072,0.8601678509306683,"{""family"": ""B1s"", ""type"": ""channel"", ""channel_width"": 0.015916666666666666, ""rib_thickness"": 0.00075, ""n_starts"": 1, ""layout"": ""circumferential""}",0.015916666666666666,0.00075,1,,3
0.07032941681959867,0.06474210168961773,39.22449371661944,0.006537415619436574,0.24176558487934,2.212070779099144,True,377.30365095109096,327.4230299666966,1.6431439181868377e-12,3.0,2.212070779099144,12.807239340664962,334.44816053511704,80.7083653220047,laminar,688.6896430313785,1088.5128310707485,14.93926764114221,0.8896616831306781,"{""family"": ""B1s"", ""type"": ""channel"", ""channel_width"": 0.015666666666666666, ""rib_thickness"": 0.001, ""n_starts"": 1, ""layout"": ""circumferential""}",0.015666666666666666,0.001,1,,3
0.06970219319592408,0.06409337691503533,41.241880984295484,0.006873646830715914,0.25229306312773864,4.433710410184942,True,376.8206887608615,327.423029966699,1.0844543156691817e-12,3.0,4.433710410184942,12.8071101814909,342.3485107839781,82.24031545844824,laminar,702.0468068843272,1104.7590863545188,15.091242384206403,0.921702733906776,"{""family"": ""B1s"", ""type"": ""channel"", ""channel_width"": 0.015166666666666667, ""rib_thickness"": 0.0015, ""n_starts"": 1, ""layout"": ""circumferential""}",0.015166666666666667,0.0015,1,,3
0.06934069856153062,0.0637194688880005,43.45292883054216,0.0072421548050903605,0.2628205413761373,7.097346465271592,True,376.54233789237855,327.4230299667033,7.337968616577035e-14,3.0,7.097346465271592,12.80696862657886,350.6311360448808,83.82594558785173,laminar,716.1946815204977,1114.3245711190812,15.248015800113823,0.9387446983327069,"{""family"": ""B1s"", ""type"": ""channel"", ""channel_width"": 0.014666666666666666, ""rib_thickness"": 0.002, ""n_starts"": 1, ""layout"": ""circumferential""}",0.014666666666666666,0.002,1,,3
0.06727505065996632,0.06158257499643199,39.46325221204878,0.00657720870200813,0.23053627474771476,0.4271158288352564,True,374.95178900817405,327.4230299666918,2.7739588404074314e-12,3.0,0.4271158288352564,12.807224054495194,299.43705833033897,69.52689916969292,laminar,694.6000373759815,1172.0085138100694,13.949405709286241,0.745118969468406,"{""family"": ""B1s"", ""type"": ""channel"", ""channel_width"": 0.012150000000000001, ""rib_thickness"": 0.00035, ""n_starts"": 1, ""layout"": ""circumferential""}",0.012150000000000001,0.00035,1,,4
0.06597942158703461,0.06024197119121452,40.26314994200236,0.006710524990333726,0.23474726604707424,0.8365739089885287,True,373.95415462201663,327.42302996669474,2.082093227987311e-12,3.0,0.8365739089885287,12.807172842457742,301.93236714975836,69.96188965742657,laminar,699.8226508881793,1211.0374045528163,13.996453017763583,0.8025956930776041,"{""family"": ""B1s"", ""type"": ""channel"", ""channel_width"": 0.012, ""rib_thickness"": 0.0005, ""n_starts"": 1, ""layout"": ""circumferential""}",0.012,0.0005,1,,4
0.06480559485108021,0.05902719352345581,41.66288848802865,0.006943814748004776,0.24176558487934,1.762628375339258,True,373.05030803533174,327.42302996669633,1.7097319231380699e-12,3.0,1.762628375339258,12.807083227658335,306.18493570116345,70.69701269025303,laminar,708.7878354308037,1248.491311482128,14.075927436020185,0.8556726431860873,"{""family"": ""B1s"", ""type"": ""channel"", ""channel_width"": 0.01175, ""rib_thickness"": 0.00075, ""n_starts"": 1, ""layout"": ""circumferential""}",0.01175,0.00075,1,,4
0.06412598498061603,0.058323781325337935,43.152431205244824,0.007192071867540804,0.24878390371160575,2.9442469481506355,True,372.5270084350743,327.42302996669895,1.0977423876106692e-12,3.0,2.9442469481506355,12.806987864746288,310.55900621118013,71.4449461052006,laminar,718.0961620039552,1271.1529986056576,14.156752908077971,0.8855947879168122,"{""family"": ""B1s"", ""type"": ""channel"", ""channel_width"": 0.0115, ""rib_thickness"": 0.001, ""n_starts"": 1, ""layout"": ""circumferential""}",0.0115,0.001,1,,4
0.06330354271733785,0.05747243933014418,46.43565135207963,0.007739275225346606,0.2628205413761373,5.902222004851198,True,371.8937278923501,327.42302996670026,7.91821442468866e-13,3.0,5.902222004851198,12.806777672745413,319.693094629156,72.97979285262997,laminar,737.8290401884582,1299.596671115,14.322563721305363,0.918103257902419,"{""family"": ""B1s"", ""type"": ""channel"", ""channel_width"": 0.011000000000000001, ""rib_thickness"": 0.0015, ""n_starts"": 1, ""layout"": ""circumferential""}",0.011000000000000001,0.0015,1,,4
0.06274817338446875,0.056897494278040195,50.19364190859042,0.008365606984765071,0.27685717904066887,9.449495692667535,True,371.4660935060409,327.4230299666964,1.6964438511965824e-12,3.0,9.449495692667535,12.806537094375166,329.3807641633729,74.5672967330938,laminar,759.2145264881818,1319.4663760766025,14.49409550568347,0.9353501629560242,"{""family"": ""B1s"", ""type"": ""channel"", ""channel_width"": 0.0105, ""rib_thickness"": 0.002, ""n_starts"": 1, ""layout"": ""circumferential""}",0.0105,0.002,1,,4
0.0624965163378024,0.056636950298852,42.82275793413938,0.007137126322356564,0.23299268633900777,0.5332682953301447,True,371.2723175801078,327.4230299666985,1.2041946083863644e-12,3.0,0.5332682953301447,12.807008970835097,277.8163633838033,61.91014150335482,laminar,717.3240408286405,1328.652819547082,13.2693488702806,0.7393626449633613,"{""family"": ""B1s"", ""type"": ""channel"", ""channel_width"": 0.00965, ""rib_thickness"": 0.00035, ""n_starts"": 1, ""layout"": ""circumferential""}",0.00965,0.00035,1,,5
0.06111763467193984,0.055209186401226115,43.99223298102229,0.007332038830170383,0.2382564254632071,1.0444974371898608,True,370.21057869739366,327.42302996669446,2.1486812329385432e-12,3.0,1.0444974371898608,12.806934099916706,280.5049088359047,62.320927503951594,laminar,724.3026275597741,1381.121353882224,13.317822506744234,0.7973576137589038,"{""family"": ""B1s"", ""type"": ""channel"", ""channel_width"": 0.0095, ""rib_thickness"": 0.0005, ""n_starts"": 1, ""layout"": ""circumferential""}",0.0095,0.0005,1,,5
0.059840184899846015,0.0538861520039374,46.072538123673716,0.0076787563539456195,0.24702932400353933,2.200811597178675,True,369.2269423728814,327.4230299666964,1.6964438511965824e-12,3.0,2.200811597178675,12.806800918942288,285.1033499643621,63.01381210629004,laminar,736.3813115055244,1433.192361525895,13.399725504444786,0.8510532480852745,"{""family"": ""B1s"", ""type"": ""channel"", ""channel_width"": 0.00925, ""rib_thickness"": 0.00075, ""n_starts"": 1, ""layout"": ""circumferential""}",0.00925,0.00075,1,,5
0.05906907906852845,0.05308738351923785,48.33419302072413,0.008055698836787356,0.2558022225438715,3.6763730369985343,True,368.6331908827669,327.42302996669525,1.9625005805139226e-12,3.0,3.6763730369985343,12.806656131113233,289.8550724637682,63.71680916933146,laminar,749.0574644263887,1466.380402007683,13.483034359674996,0.8813617130502845,"{""family"": ""B1s"", ""type"": ""channel"", ""channel_width"": 0.009000000000000001, ""rib_thickness"": 0.001, ""n_starts"": 1, ""layout"": ""circumferential""}",0.009000000000000001,0.001,1,,5
0.05806504195155957,0.05204715416177857,53.49709026468477,0.008916181710780798,0.2733480196245359,7.370647770800978,True,367.86008230270085,327.4230299666985,1.2041946083863644e-12,3.0,7.370647770800978,12.806325622271318,299.85007496251876,65.15190403656202,laminar,776.3994137599204,1511.737910932407,13.653920724743429,0.9142613906153174,"{""family"": ""B1s"", ""type"": ""channel"", ""channel_width"": 0.0085, ""rib_thickness"": 0.0015, ""n_starts"": 1, ""layout"": ""circumferential""}",0.0085,0.0015,1,,5
0.057313755832613916,0.0512686530432041,59.71479297079618,0.009952465495132698,0.2908938167052003,11.801486680373719,True,367.2815919911127,327.42302996669497,2.0289409402213606e-12,3.0,11.801486680373719,12.805927611479596,310.55900621118013,66.62275576756963,laminar,806.7819110764317,1547.3734356576801,13.83054704702454,0.9316312690513123,"{""family"": ""B1s"", ""type"": ""channel"", ""channel_width"": 0.008, ""rib_thickness"": 0.002, ""n_starts"": 1, ""layout"": ""circumferential""}",0.008,0.002,1,,5
0.05850205589872191,0.052499945653430545,46.98751238524936,0.007831252064208228,0.2354490979303008,0.6394101074656913,True,368.19658304201585,327.42302996669775,1.3770871888694972e-12,3.0,0.6394101074656913,12.80674234323785,259.1076333108773,55.560285996336155,laminar,740.5166015595124,1491.6870673951335,12.683222365208811,0.7336021320319488,"{""family"": ""B1s"", ""type"": ""channel"", ""channel_width"": 0.007983333333333334, ""rib_thickness"": 0.00035, ""n_starts"": 1, ""layout"": ""circumferential""}",0.007983333333333334,0.00035,1,,6
0.057069468044823324,0.051015490596127054,48.6488488310121,0.008108141471835351,0.24176558487934,1.25240584556694,True,367.09349039451394,327.42302996669235,2.6409304757487612e-12,3.0,1.25240584556694,12.806635987569223,261.9172341540073,55.933429381665164,laminar,749.4527980640919,1559.2906356290935,12.731668015305656,0.7920640081011346,"{""family"": ""B1s"", ""type"": ""channel"", ""channel_width"": 0.007833333333333333, ""rib_thickness"": 0.0005, ""n_starts"": 1, ""layout"": ""circumferential""}",0.007833333333333333,0.0005,1,,6
0.05571377125079402,0.0496103072709246,51.656910150549805,0.008609485025091635,0.25229306312773864,2.638971369255364,True,366.0496038631114,327.4230299666954,1.9224887194456654e-12,3.0,2.638971369255364,12.806443421574308,266.73779674579896,56.5599402962208,laminar,765.0526972316766,1628.5660693565405,12.813459284923171,0.8463179855393774,"{""family"": ""B1s"", ""type"": ""channel"", ""channel_width"": 0.007583333333333333, ""rib_thickness"": 0.00075, ""n_starts"": 1, ""layout"": ""circumferential""}",0.007583333333333333,0.00075,1,,6
0.05486473059338949,0.048730062478893964,55.00419019954096,0.009167365033256826,0.2628205413761373,4.408463718216841,True,365.3958425569099,327.4230299666908,3.000003708656515e-12,3.0,4.408463718216841,12.806229146741558,271.7391304347827,57.19143779855208,laminar,781.6091586281223,1674.8544199039127,12.896551117364016,0.8769642707036982,"{""family"": ""B1s"", ""type"": ""channel"", ""channel_width"": 0.007333333333333333, ""rib_thickness"": 0.001, ""n_starts"": 1, ""layout"": ""circumferential""}",0.007333333333333333,0.001,1,,6
0.05369213385264469,0.04751408637009474,62.947635127066874,0.010491272521177814,0.2838754978729346,8.838989326651957,True,364.4929430665364,327.42302996669576,1.84276028779674e-12,3.0,8.838989326651957,12.805720678896018,282.326369282891,58.464938575288166,laminar,817.9873160338656,1742.8316318044585,13.066550632748761,0.9101625379437077,"{""family"": ""B1s"", ""type"": ""channel"", ""channel_width"": 0.006833333333333334, ""rib_thickness"": 0.0015, ""n_starts"": 1, ""layout"": ""circumferential""}",0.006833333333333334,0.0015,1,,6
0.05274802147100281,0.04653479571356114,73.07636608116415,0.012179394346860694,0.3049304543697319,12.805072387272848,True,363.76597653267214,327.42302996669946,9.780020948934866e-13,3.0,14.153278182301579,12.805072387272848,293.7720329024677,59.74256652528186,laminar,859.5284708574547,1801.288718905199,13.241384551047275,0.9275491672811672,"{""family"": ""B1s"", ""type"": ""channel"", ""channel_width"": 0.006333333333333333, ""rib_thickness"": 0.002, ""n_starts"": 1, ""layout"": ""circumferential""}",0.006333333333333333,0.002,1,,6
0.055112865157086646,0.048987333970632256,51.99380892329798,0.008665634820549665,0.23790550952159384,0.745545302976586,True,365.5869061709567,327.42302996669434,2.1752573768215186e-12,3.0,0.745545302976586,12.80642185480564,242.75969218071032,50.20148134526209,laminar,764.142099570332,1661.0822468436986,12.172514852452023,0.7278494706971959,"{""family"": ""B1s"", ""type"": ""channel"", ""channel_width"": 0.006792857142857144, ""rib_thickness"": 0.00035, ""n_starts"": 1, ""layout"": ""circumferential""}",0.006792857142857144,0.00035,1,,7
0.05364576345743301,0.047465993529830816,54.29912429913791,0.00904985404985632,0.24527474429547289,1.4603042981391967,True,364.4572378622234,327.4230299666977,1.390375260810985e-12,3.0,1.4603042981391967,12.806274280665313,245.6398919184476,50.53022447337699,laminar,775.2470792420719,1745.6223335699024,12.21999633381571,0.7867250274372493,"{""family"": ""B1s"", ""type"": ""channel"", ""channel_width"": 0.006642857142857143, ""rib_thickness"": 0.0005, ""n_starts"": 1, ""layout"": ""circumferential""}",0.006642857142857143,0.0005,1,,7
0.05222916903938397,0.04599651058316397,58.55164070554813,0.009758606784258023,0.257556802251938,3.077113164546468,True,363.36646016032563,327.4230299666949,2.042229012162848e-12,3.0,3.077113164546468,12.806002065901001,250.5951635133442,51.07777277422272,laminar,794.8055022552514,1834.9463291323602,12.3000159859098,0.8414722678226675,"{""family"": ""B1s"", ""type"": ""channel"", ""channel_width"": 0.006392857142857144, ""rib_thickness"": 0.00075, ""n_starts"": 1, ""layout"": ""circumferential""}",0.006392857142857144,0.00075,1,,7
0.05131243506890062,0.04504526153328076,63.40168461330714,0.01056694743555119,0.2698388602084031,5.140522139257387,True,362.66057500305345,327.4230299667008,6.587930778101958e-13,3.0,5.140522139257387,12.805691615954737,255.75447570332483,51.62326828011637,laminar,815.8082764248228,1897.2722918296874,12.381090312800252,0.872401793657361,"{""family"": ""B1s"", ""type"": ""channel"", ""channel_width"": 0.0061428571428571435, ""rib_thickness"": 0.001, ""n_starts"": 1, ""layout"": ""circumferential""}",0.0061428571428571435,0.001,1,,7
0.049983163387763506,0.043665513186783016,75.40287372208998,0.012567145620348332,0.29440297612133326,10.307230323381532,True,361.6370358085779,327.4230299666966,1.6431439181868377e-12,3.0,10.307230323381532,12.804923487916287,266.7377967457989,52.698929327766116,laminar,862.8742935838245,1994.7277094903654,12.546086354562357,0.9057884374150633,"{""family"": ""B1s"", ""type"": ""channel"", ""channel_width"": 0.005642857142857144, ""rib_thickness"": 0.0015, ""n_starts"": 1, ""layout"": ""circumferential""}",0.005642857142857144,0.0015,1,,7
0.04885140211099165,0.04249035012873303,91.69338834076065,0.015282231390126777,0.31896709203426343,12.803880971909056,True,360.76557962546354,327.4230299666978,1.3637991169280097e-12,3.0,16.504788506341995,12.803880971909056,278.70680044593087,53.73397927559404,laminar,918.2411999346266,2085.0817240751544,12.714108922171754,0.9230560892774974,"{""family"": ""B1s"", ""type"": ""channel"", ""channel_width"": 0.0051428571428571435, ""rib_thickness"": 0.002, ""n_starts"": 1, ""layout"": ""circumferential""}",0.0051428571428571435,0.002,1,,7
0.0522009188691231,0.04596720026623885,57.86999648923448,0.009644999414872414,0.24036192111288684,0.8516758933912251,True,363.34470752922476,327.42302996669446,2.1486812329385432e-12,3.0,0.8516758933912251,12.806045698961988,228.35221044939715,45.6305006577036,laminar,788.176455127659,1836.8115348985702,11.723296853579464,0.7221131515485181,"{""family"": ""B1s"", ""type"": ""channel"", ""channel_width"": 0.005900000000000001, ""rib_thickness"": 0.00035, ""n_starts"": 1, ""layout"": ""circumferential""}",0.005900000000000001,0.00035,1,,8
0.050712123463328866,0.044422218824347465,61.00315660327504,0.010167192767212507,0.24878390371160575,1.6681951877989305,True,362.1983350667632,327.42302996669304,2.481178321963322e-12,3.0,1.6681951877989305,12.805845143176656,231.26734505087882,45.912061404123996,laminar,801.6710278970402,1940.194750188146,11.76921296274378,0.7813480131604661,"{""family"": ""B1s"", ""type"": ""channel"", ""channel_width"": 0.00575, ""rib_thickness"": 0.0005, ""n_starts"": 1, ""layout"": ""circumferential""}",0.00575,0.0005,1,,8
0.04924693263013788,0.04290109490007967,66.89518285286975,0.01114919714214496,0.2628205413761373,3.5152386541992504,True,361.07013812520614,327.42302996669656,1.6564319901283252e-12,3.0,3.5152386541992504,12.805468007440817,236.2948960302458,46.3750354237623,laminar,825.6564952268124,2052.678894020288,11.846375801080352,0.8365194254303194,"{""family"": ""B1s"", ""type"": ""channel"", ""channel_width"": 0.0055000000000000005, ""rib_thickness"": 0.00075, ""n_starts"": 1, ""layout"": ""circumferential""}",0.0055000000000000005,0.00075,1,,8
0.048270489376680464,0.04188699975465865,73.78976401302043,0.012298294002170073,0.27685717904066887,5.872546413276037,True,360.31827682004393,327.42302996669525,1.9625005805139226e-12,3.0,5.872546413276037,12.805026728557785,241.54589371980677,46.82745316572528,laminar,851.7304583699229,2134.3765959303173,11.92422641717892,0.8676716844488228,"{""family"": ""B1s"", ""type"": ""channel"", ""channel_width"": 0.00525, ""rib_thickness"": 0.001, ""n_starts"": 1, ""layout"": ""circumferential""}",0.00525,0.001,1,,8
0.04679513423023245,0.040354141684990026,91.62564298468048,0.015270940497446749,0.3049304543697319,11.775341854180528,True,359.18225335727897,327.42302996669855,1.1909065364448766e-12,3.0,11.775341854180528,12.803885306940437,252.78058645096056,47.68521867668738,laminar,911.399317446217,2269.5162366030286,12.081339789403343,0.9011170636410765,"{""family"": ""B1s"", ""type"": ""channel"", ""channel_width"": 0.004750000000000001, ""rib_thickness"": 0.0015, ""n_starts"": 1, ""layout"": ""circumferential""}",0.004750000000000001,0.0015,1,,8
0.04548146857103896,0.03898861023967222,117.53274858513733,0.019588791430856223,0.333003729698795,12.802227722998703,True,358.1707307997,327.4230299666973,1.4835394096451923e-12,3.0,18.855888787266082,12.802227722998703,265.11134676564154,48.44604598589085,laminar,983.9032606778947,2403.4192012311487,12.238796657212834,0.9180934060483056,"{""family"": ""B1s"", ""type"": ""channel"", ""channel_width"": 0.00425, ""rib_thickness"": 0.002, ""n_starts"": 1, ""layout"": ""circumferential""}",0.00425,0.002,1,,8
0.047455452708324505,0.04104029066661821,72.34222865053337,0.012057038108422229,0.24527474429547289,1.0639270850756868,True,359.69069858540985,327.4230299666927,2.5610543988560415e-12,3.0,1.0639270850756868,12.805119373692044,204.12329046744236,38.277337541898774,laminar,837.4142049266524,2207.1796158651546,10.96894662791249,0.7107118142570783,"{""family"": ""B1s"", ""type"": ""channel"", ""channel_width"": 0.0046500000000000005, ""rib_thickness"": 0.00035, ""n_starts"": 1, ""layout"": ""circumferential""}",0.0046500000000000005,0.00035,1,,10
0.04594687469964356,0.03947246613143679,77.82338280314374,0.012970563800523959,0.2558022225438715,2.0839580532500945,True,358.5290935187255,327.42302996669645,1.6830081340113004e-12,3.0,2.0839580532500945,12.804768576027199,207.0393374741201,38.46466597656102,laminar,856.3906169634987,2354.388771632198,11.01073650381641,0.7704998479452375,"{""family"": ""B1s"", ""type"": ""channel"", ""channel_width"": 0.0045000000000000005, ""rib_thickness"": 0.0005, ""n_starts"": 1, ""layout"": ""circumferential""}",0.0045000000000000005,0.0005,1,,10
0.04440922495793696,0.03787353423194274,88.55144371055964,0.01475857395175994,0.2733480196245359,4.391438760498053,True,357.34510321761144,327.4230299666967,1.62985584624535e-12,3.0,4.391438760498053,12.804082028315209,212.08907741251326,38.75683678871268,laminar,890.7717176913985,2523.659781390429,11.080331122502761,0.8262984154959125,"{""family"": ""B1s"", ""type"": ""channel"", ""channel_width"": 0.00425, ""rib_thickness"": 0.00075, ""n_starts"": 1, ""layout"": ""circumferential""}",0.00425,0.00075,1,,10
0.0433313225588016,0.03675209177609388,101.80047863646898,0.016966746439411498,0.2908938167052003,7.336470607324313,True,356.5151183702772,327.4230299666956,1.882624503621203e-12,3.0,7.336470607324313,12.803234251185861,217.39130434782615,39.01841762578765,laminar,929.1318236009864,2655.88365670479,11.149581883211837,0.8576905474382903,"{""family"": ""B1s"", ""type"": ""channel"", ""channel_width"": 0.004, ""rib_thickness"": 0.001, ""n_starts"": 1, ""layout"": ""circumferential""}",0.004,0.001,1,,10
0.041590587146517935,0.03493994455777827,139.55671537699823,0.02325945256283304,0.3259854108665292,12.800818926842359,True,355.1747521028188,327.4230299666946,2.1088170171140807e-12,3.0,14.710993037596905,12.800818926842359,228.83295194508008,39.4174269441007,laminar,1021.05838921311,2897.617759440636,11.285382196565953,0.8907737753835822,"{""family"": ""B1s"", ""type"": ""channel"", ""channel_width"": 0.0035, ""rib_thickness"": 0.0015, ""n_starts"": 1, ""layout"": ""circumferential""}",0.0035,0.0015,1,,10
0.03992904069900524,0.03320885638148808,203.44753438361764,0.033907922397269606,0.361077005027858,12.796733808352823,True,353.895361338234,327.42302996669844,1.2174826803278519e-12,3.0,23.55596924374556,12.796733808352823,241.5458937198067,39.57642128111305,laminar,1141.3565450042067,3167.8213108935197,11.413565450042064,0.906453302855304,"{""family"": ""B1s"", ""type"": ""channel"", ""channel_width"": 0.003, ""rib_thickness"": 0.002, ""n_starts"": 1, ""layout"": ""circumferential""}",0.003,0.002,1,,10
0.043753554053869145,0.037191438019474006,90.6527577102294,0.0151087929517049,0.2501875674780589,1.276167668040379,True,356.8402366214792,327.4230299666958,1.8294722158552525e-12,3.0,1.276167668040379,12.8039475622797,184.54270318151623,32.655358840441096,laminar,888.1656602942878,2602.6381699981507,10.359419501225394,0.6994278368193564,"{""family"": ""B1s"", ""type"": ""channel"", ""channel_width"": 0.0038166666666666666, ""rib_thickness"": 0.00035, ""n_starts"": 1, ""layout"": ""circumferential""}",0.0038166666666666666,0.00035,1,,12
0.04224292311435829,0.03561920740094256,99.67563469679307,0.01661260578279885,0.2628205413761373,2.499696775703382,True,355.67705079805586,327.4230299666943,2.188545448763006e-12,3.0,2.499696775703382,12.803370207801585,187.4062968515742,32.75510617590398,laminar,913.632825216663,2802.5651503387103,10.396511459362024,0.7595472653642104,"{""family"": ""B1s"", ""type"": ""channel"", ""channel_width"": 0.0036666666666666666, ""rib_thickness"": 0.0005, ""n_starts"": 1, ""layout"": ""circumferential""}",0.0036666666666666666,0.0005,1,,12
0.040653957706706184,0.03396428806203589,118.08941408849515,0.01968156901474919,0.2838754978729346,5.267558133910331,True,354.45354743416374,327.42302996669497,2.0289409402213606e-12,3.0,5.267558133910331,12.802192111232868,192.3816852635629,32.88621715973668,laminar,960.7195878628627,3044.6089584375,10.457390204170984,0.8156570161130923,"{""family"": ""B1s"", ""type"": ""channel"", ""channel_width"": 0.003416666666666667, ""rib_thickness"": 0.00075, ""n_starts"": 1, ""layout"": ""circumferential""}",0.003416666666666667,0.00075,1,,12
0.039491997249031956,0.03275328023373229,142.1751569178154,0.023695859486302567,0.3049304543697319,8.800168961509279,True,353.5588378817546,327.4230299666933,2.414737962255884e-12,3.0,8.800168961509279,12.800651454913925,197.62845849802372,32.964191444585886,laminar,1014.7571435615624,3246.4922248553216,10.516574033274374,0.8469722190063756,"{""family"": ""B1s"", ""type"": ""channel"", ""channel_width"": 0.0031666666666666666, ""rib_thickness"": 0.001, ""n_starts"": 1, ""layout"": ""circumferential""}",0.0031666666666666666,0.001,1,,12
0.03751422969756752,0.030690287105166615,218.70662696729744,0.03645110449454958,0.34704036736332644,12.795758542109025,True,352.03595686712697,327.4230299666953,1.949064863328641e-12,3.0,17.64538029151756,12.795758542109025,209.03010033444818,32.905207768622866,laminar,1151.2176468784671,3650.6674574864396,10.626624432724311,0.87886658632747,"{""family"": ""B1s"", ""type"": ""channel"", ""channel_width"": 0.0026666666666666666, ""rib_thickness"": 0.0015, ""n_starts"": 1, ""layout"": ""circumferential""}",0.0026666666666666666,0.0015,1,,12
0.03552060271325222,0.02860829018312148,374.17717417592957,0.06236286236265493,0.3891502803569211,12.785830298806685,True,350.5008640892042,327.42302996669537,1.9357767913871534e-12,3.0,28.25027621976133,12.785830298806685,221.8278615794144,32.42554001689367,laminar,1346.5472843204607,4158.701727607624,10.717417160917952,0.8918120265067632,"{""family"": ""B1s"", ""type"": ""channel"", ""channel_width"": 0.0021666666666666666, ""rib_thickness"": 0.002, ""n_starts"": 1, ""layout"": ""circumferential""}",0.0021666666666666666,0.002,1,,12
0.04078599053285931,0.034101849185468346,113.11441385605944,0.018852402309343243,0.25510039066064494,1.4883985569123643,True,354.55521271030165,327.42302996669514,1.989076724396898e-12,3.0,1.4883985569123643,12.802510385769327,168.38985619506283,28.24480395480863,laminar,940.422761112019,3023.087648552553,9.85586363891992,0.688275278177453,"{""family"": ""B1s"", ""type"": ""channel"", ""channel_width"": 0.0032214285714285717, ""rib_thickness"": 0.00035, ""n_starts"": 1, ""layout"": ""circumferential""}",0.0032214285714285717,0.00035,1,,14
0.03928230658086342,0.03253466044862376,127.26207690445077,0.021210346150741795,0.2698388602084031,2.915408959330359,True,353.3973760672648,327.4230299666944,2.1619693048800307e-12,3.0,2.915408959330359,12.801605333647833,171.17425539198908,28.26625701286534,laminar,973.4847879245965,3285.488178624621,9.888152570257713,0.7485048790018842,"{""family"": ""B1s"", ""type"": ""channel"", ""channel_width"": 0.0030714285714285717, ""rib_thickness"": 0.0005, ""n_starts"": 1, ""layout"": ""circumferential""}",0.0030714285714285717,0.0005,1,,14
0.037655077885196085,0.030837281694915616,157.4272105094842,0.02623786841824737,0.29440297612133326,6.14357110682653,True,352.14440997160096,327.42302996669514,1.989076724396898e-12,3.0,6.14357110682653,12.799676041586928,176.02534765006163,28.251256521710957,laminar,1035.9405754189072,3618.9625313042807,9.939996614343361,0.8045855527150575,"{""family"": ""B1s"", ""type"": ""channel"", ""channel_width"": 0.002821428571428572, ""rib_thickness"": 0.00075, ""n_starts"": 1, ""layout"": ""circumferential""}",0.002821428571428572,0.00075,1,,14
0.03642133147349424,0.02954926992626147,199.39148183608148,0.03323191363934692,0.31896709203426343,10.263532200659824,True,351.19442523459054,327.42302996669616,1.7495961389625326e-12,3.0,10.263532200659824,12.79699307100282,181.15942028985506,28.159117399502158,laminar,1109.8368113162871,3914.5185309182743,9.988531301846585,0.8354499452093574,"{""family"": ""B1s"", ""type"": ""channel"", ""channel_width"": 0.0025714285714285717, ""rib_thickness"": 0.001, ""n_starts"": 1, ""layout"": ""circumferential""}",0.0025714285714285717,0.001,1,,14
0.0342273834190455,0.0272562793257114,350.40774011681754,0.058401290019469594,0.3680953238601238,12.78734720088643,True,349.505085232665,327.42302996669565,1.8693364316797154e-12,3.0,20.577433598949067,12.78734720088643,192.38168526356293,27.65801391968605,laminar,1307.9679792219529,4560.2450261731465,10.070195946222118,0.8650330991915286,"{""family"": ""B1s"", ""type"": ""channel"", ""channel_width"": 0.0020714285714285717, ""rib_thickness"": 0.0015, ""n_starts"": 1, ""layout"": ""circumferential""}",0.0020714285714285717,0.0015,1,,14
0.031908565377106145,0.024828802519145377,735.1745008003976,0.12252908346673294,0.4172235556859841,12.762836568046634,True,347.7195953403717,327.42302996669633,1.7097319231380699e-12,3.0,32.930426852364214,12.762836568046634,205.08613617719445,26.515034690085432,laminar,1624.7677665254027,5480.010570223452,10.116478546290246,0.8728560158254846,"{""family"": ""B1s"", ""type"": ""channel"", ""channel_width"": 0.0015714285714285717, ""rib_thickness"": 0.002, ""n_starts"": 1, ""layout"": ""circumferential""}",0.0015714285714285717,0.002,1,,14
0.03835478393570298,0.03156734287795403,140.11524632883746,0.023352541054806244,0.26001321384323095,1.7006193553594708,True,352.68318363049127,327.4230299666963,1.7230199950795574e-12,3.0,1.7006193553594708,12.800783203601314,154.8371113588505,24.710440106994703,laminar,994.2111536759907,3468.4817892281603,9.432259663079911,0.6772596889178523,"{""family"": ""B1s"", ""type"": ""channel"", ""channel_width"": 0.002775, ""rib_thickness"": 0.00035, ""n_starts"": 1, ""layout"": ""circumferential""}",0.002775,0.00035,1,,16
0.036862654911668596,0.030010116702522346,161.45340151265125,0.026908900252108545,0.27685717904066887,3.331089617356366,True,351.5342442819848,327.4230299666976,1.41695140469396e-12,3.0,3.331089617356366,12.799418579724785,157.5299306868305,24.66298692773104,laminar,1036.079060970667,3804.0042754936703,9.45985229581913,0.7373798463861692,"{""family"": ""B1s"", ""type"": ""channel"", ""channel_width"": 0.002625, ""rib_thickness"": 0.0005, ""n_starts"": 1, ""layout"": ""circumferential""}",0.002625,0.0005,1,,16
0.03520568046844616,0.028279162543131557,209.09956027950363,0.03484992671325061,0.3049304543697319,7.019440135237873,True,350.2583739607035,327.4230299666984,1.2307707522693394e-12,3.0,7.019440135237873,12.796372548694663,162.23231667748215,24.51739126632843,laminar,1116.986937280854,4250.554386564998,9.502724690299804,0.7930664575668743,"{""family"": ""B1s"", ""type"": ""channel"", ""channel_width"": 0.0023750000000000004, ""rib_thickness"": 0.00075, ""n_starts"": 1, ""layout"": ""circumferential""}",0.0023750000000000004,0.00075,1,,16
0.03390905419887538,0.02692328793118717,279.9482355643815,0.046658039260730255,0.333003729698795,11.726392463329415,True,349.259971733134,327.4230299666952,1.97578865245541e-12,3.0,11.726392463329415,12.791845854677048,167.22408026755852,24.269682071942224,laminar,1215.9376238530867,4669.775302588248,9.540433664078066,0.8230397770354333,"{""family"": ""B1s"", ""type"": ""channel"", ""channel_width"": 0.002125, ""rib_thickness"": 0.001, ""n_starts"": 1, ""layout"": ""circumferential""}",0.002125,0.001,1,,16
0.0315134796127326,0.024414752949688256,574.6892859189194,0.09578154765315323,0.3891502803569211,12.77304845757473,True,347.4153793018041,327.4230299667004,7.518095814006089e-13,3.0,23.50504375572668,12.77304845757473,178.1895937277263,23.344607968008173,laminar,1500.247629418831,5669.8824865130855,9.59174713890728,0.8487754550708837,"{""family"": ""B1s"", ""type"": ""channel"", ""channel_width"": 0.0016250000000000001, ""rib_thickness"": 0.0015, ""n_starts"": 1, ""layout"": ""circumferential""}",0.0016250000000000001,0.0015,1,,16
0.02886493541728719,0.021635301132521097,1580.9755894843615,0.2634959315807269,0.44529683101504725,12.709285775208263,True,345.3760002713111,327.4230299666953,1.949064863328641e-12,3.0,37.57177177098979,12.709285775208263,190.69412662090008,21.50396936568254,laminar,2023.5659858525003,7312.725752331936,9.585312564564475,0.8473389874527597,"{""family"": ""B1s"", ""type"": ""channel"", ""channel_width"": 0.0011250000000000001, ""rib_thickness"": 0.002, ""n_starts"": 1, ""layout"": ""circumferential""}",0.0011250000000000001,0.002,1,,16
0.03461099057052066,0.027657453510928773,209.68729116979262,0.034947881861632106,0.2698388602084031,2.125025625815182,True,349.8004627393009,327.4230299666956,1.882624503621203e-12,3.0,2.125025625815182,12.796334983961748,133.36889837289945,19.439830697792672,laminar,1106.587416844946,4434.17517820092,8.757655016748345,0.6556399481531413,"{""family"": ""B1s"", ""type"": ""channel"", ""channel_width"": 0.00215, ""rib_thickness"": 0.00035, ""n_starts"": 1, ""layout"": ""circumferential""}",0.00215,0.00035,1,,20
0.033147491163112275,0.026126327028262498,254.1547108751035,0.04235911847918392,0.2908938167052003,4.162326006492189,True,348.67356819559643,327.42302996669713,1.523403625469655e-12,3.0,4.162326006492189,12.793493494858847,135.8695652173913,19.279229748929435,laminar,1170.1969834374509,4951.656558186338,8.776477375780882,0.7148901403407418,"{""family"": ""B1s"", ""type"": ""channel"", ""channel_width"": 0.002, ""rib_thickness"": 0.0005, ""n_starts"": 1, ""layout"": ""circumferential""}",0.002,0.0005,1,,20
0.03144657013177204,0.024344618133346783,363.9882451286122,0.06066470752143537,0.3259854108665292,8.770517282054684,True,347.36385900146445,327.42302996669406,2.241845381772751e-12,3.0,8.770517282054684,12.786480485094483,140.25245441795235,18.913684142033226,laminar,1299.364447123309,5703.190164175747,8.802146254706289,0.7685864971977522,"{""family"": ""B1s"", ""type"": ""channel"", ""channel_width"": 0.00175, ""rib_thickness"": 0.00075, ""n_starts"": 1, ""layout"": ""circumferential""}",0.00175,0.00075,1,,20
0.03004204406937605,0.022871433440705802,554.1218385811346,0.09235363976352244,0.361077005027858,12.774358373317604,True,346.28237393341954,327.4230299666959,1.8160364986699705e-12,3.0,14.649430976958005,12.774358373317604,144.9275362318841,18.393458462908768,laminar,1469.701108172324,6491.094409851811,8.818206649033945,0.7951267712640482,"{""family"": ""B1s"", ""type"": ""channel"", ""channel_width"": 0.0015, ""rib_thickness"": 0.001, ""n_starts"": 1, ""layout"": ""circumferential""}",0.0015,0.001,1,,20
0.027264850856367987,0.01995262115140033,1710.9427654303681,0.28515712757172806,0.4312601933505157,12.701096878969674,True,344.1439351594033,327.4230299666961,1.7628842109040203e-12,3.0,29.323983946030676,12.701096878969674,155.27950310559007,16.655688941892407,laminar,2053.900984109081,8766.599230553049,8.802432789038917,0.8058891042764218,"{""family"": ""B1s"", ""type"": ""channel"", ""channel_width"": 0.001, ""rib_thickness"": 0.0015, ""n_starts"": 1, ""layout"": ""circumferential""}",0.001,0.0015,1,,20
0.0312895206601853,0.024179982351326276,332.3404977725054,0.05539008296208424,0.2821209181648682,2.6554459777654644,True,347.24293090834266,327.4230299666963,1.7230199950795574e-12,3.0,2.6554459777654644,12.788500445041842,113.66865586814434,14.9812988618201,laminar,1256.807842033958,5782.740728428836,8.132286036690315,0.6293555917387131,"{""family"": ""B1s"", ""type"": ""channel"", ""channel_width"": 0.00165, ""rib_thickness"": 0.00035, ""n_starts"": 1, ""layout"": ""circumferential""}",0.00165,0.00035,1,,25
0.02986316667973867,0.022683676549927544,431.62652260792055,0.07193775376798676,0.30843961378586476,5.2010199958408885,True,346.14463834339875,327.423029966696,1.7894603547869955e-12,3.0,5.2010199958408885,12.782165519786666,115.94202898550725,14.71476677032701,laminar,1356.9012766766887,6605.249600013371,8.141407660060132,0.6863154230584967,"{""family"": ""B1s"", ""type"": ""channel"", ""channel_width"": 0.0015, ""rib_thickness"": 0.0005, ""n_starts"": 1, ""layout"": ""circumferential""}",0.0015,0.0005,1,,25
0.028122705016411682,0.020855109307077128,715.3959079807458,0.11923265133012433,0.35230410648752586,10.957101304115032,True,344.804482862637,327.42302996669696,1.563415486537912e-12,3.0,10.957101304115032,12.764094224174912,119.9400299850075,14.133432370408551,laminar,1575.107639668456,7930.190844124846,8.147108481043738,0.7349496202043765,"{""family"": ""B1s"", ""type"": ""channel"", ""channel_width"": 0.00125, ""rib_thickness"": 0.00075, ""n_starts"": 1, ""layout"": ""circumferential""}",0.00125,0.00075,1,,25
0.026601666576380602,0.01925434686198306,1338.1182568463425,0.22301970947439045,0.3961685991891868,12.72461592366611,True,343.63328326381304,327.4230299666982,1.2706349680938023e-12,3.0,18.291535048678206,12.72461592366611,124.22360248447204,13.324551153513926,laminar,1898.3815201180946,9525.372216404212,8.135920800506119,0.7529379952922265,"{""family"": ""B1s"", ""type"": ""channel"", ""channel_width"": 0.001, ""rib_thickness"": 0.001, ""n_starts"": 1, ""layout"": ""circumferential""}",0.001,0.001,1,,25
0.028892701686441064,0.02166447608103371,506.7670538520899,0.084461175642015,0.29440297612133326,3.185725125209095,True,345.3973802985596,327.42302996669764,1.4036633327524724e-12,3.0,3.185725125209095,12.777375363715027,99.03931860948798,11.923023998080005,laminar,1419.2052659334001,7291.268475349401,7.661768747749791,0.6038293699541443,"{""family"": ""B1s"", ""type"": ""channel"", ""channel_width"": 0.0013166666666666667, ""rib_thickness"": 0.00035, ""n_starts"": 1, ""layout"": ""circumferential""}",0.0013166666666666667,0.00035,1,,30
0.02750036594907739,0.020200473412304534,710.7641630083393,0.11846069383472323,0.3259854108665292,6.239063575380663,True,344.32528178078957,327.42302996669684,1.5899916304208873e-12,3.0,6.239063575380663,12.764388777531314,101.11223458038423,11.57753198377815,laminar,1568.9606405190916,8522.104248487161,7.662365918814167,0.657178850373237,"{""family"": ""B1s"", ""type"": ""channel"", ""channel_width"": 0.0011666666666666668, ""rib_thickness"": 0.0005, ""n_starts"": 1, ""layout"": ""circumferential""}",0.0011666666666666668,0.0005,1,,30
0.025727001518885486,0.018332582100163183,1404.7931314577668,0.2341321885762945,0.3786228021085224,12.720403451072995,True,342.9597911695418,327.42302996669633,1.7097319231380699e-12,3.0,13.138269959846166,12.720403451072995,104.76689366160294,10.823777410604777,laminar,1923.9084347584924,10717.688378123583,7.6492744996422,0.6973318367972073,"{""family"": ""B1s"", ""type"": ""channel"", ""channel_width"": 0.0009166666666666668, ""rib_thickness"": 0.00075, ""n_starts"": 1, ""layout"": ""circumferential""}",0.0009166666666666668,0.00075,1,,30
0.02708243678566767,0.019760607236827574,750.6391299514762,0.12510652165857938,0.30668503407779835,3.7157942727667046,True,344.0034763249641,327.42302996669764,1.4036633327524724e-12,3.0,3.7157942727667046,12.761853395413679,87.7462378800509,9.720254598871248,laminar,1595.5381441960728,8964.522286356529,7.293428651067819,0.5789874403755144,"{""family"": ""B1s"", ""type"": ""channel"", ""channel_width"": 0.0010785714285714285, ""rib_thickness"": 0.00035, ""n_starts"": 1, ""layout"": ""circumferential""}",0.0010785714285714285,0.00035,1,,35
0.025719538624309143,0.018324713190171437,1147.7133217963294,0.1912855536327216,0.3435312079471936,7.275989960271913,True,342.954044740718,327.42302996669633,1.7097319231380699e-12,3.0,7.275989960271913,12.736660950817905,89.64589870013447,9.313517248683803,laminar,1812.2481167964254,10728.96768290701,7.286358407738204,0.6274110932837349,"{""family"": ""B1s"", ""type"": ""channel"", ""channel_width"": 0.0009285714285714286, ""rib_thickness"": 0.0005, ""n_starts"": 1, ""layout"": ""circumferential""}",0.0009285714285714286,0.0005,1,,35
0.025666818304536525,0.018269122605752214,1088.318050142601,0.1813863416904335,0.31896709203426343,4.245553142408065,True,342.9134500944931,327.4230299666978,1.3637991169280097e-12,3.0,4.245553142408065,12.740422966654878,78.76496534341526,8.072857461430992,laminar,1787.9243587373956,10809.23943848829,6.996225751581113,0.5547595510720231,"{""family"": ""B1s"", ""type"": ""channel"", ""channel_width"": 0.0009, ""rib_thickness"": 0.00035, ""n_starts"": 1, ""layout"": ""circumferential""}",0.0009,0.00035,1,,40
