morphology,w,rho,a_z,rows,a_k_n,a_k_n_phase_std,a_k_n_fit,delta_k_n_N1_mean,delta_k_n_N1_min,delta_k_n_N1_max,a_K_t,a_K_t_phase_std,a_K_t_fit,delta_K_t_N1_mean,delta_K_t_N1_min,delta_K_t_N1_max,a_C_nn,a_C_nn_phase_std,a_C_nn_fit,delta_C_nn_N1_mean,delta_C_nn_N1_min,delta_C_nn_N1_max,a_G_t,a_G_t_phase_std,a_G_t_fit,delta_G_t_N1_mean,delta_G_t_N1_min,delta_G_t_N1_max,a_G_sz,a_G_sz_phase_std,a_G_sz_fit,delta_G_sz_N1_mean,delta_G_sz_N1_min,delta_G_sz_N1_max
B0.50,0.5,0.25,1.0,21,-0.07187107707053851,0.12292748424046619,-0.0847813290243625,0.09666406853501042,0.013618691774796243,0.2581986240101093,0.27492760112269826,0.07004282868963044,0.2630905256237903,-0.2651398559231763,-0.3262575954598592,-0.1924007019188554,-0.29555544639741016,0.11496910349567667,-0.3684420628724056,0.8490942758264589,0.3405791041430539,1.6421783943787398,-0.2878570386041198,0.07912958100500232,-0.34191307299035656,0.5288809618890514,0.3950557398353325,0.7943384251048924,-1.0352999434652461,0.31838368580223586,-1.1196567799930492,1.0493618560974682,0.8148176189275289,1.3822120105301292
B0.50,0.5,0.35,1.0,21,-0.09781965037910911,0.15323515439932547,-0.06048798575445076,0.13895966841911753,0.00892271573980441,0.38487034144484067,0.24244472522675128,0.06888467526404997,0.24654447724675352,-0.2394121618805544,-0.31212868616729006,-0.20084752218630064,-0.2610029882382699,0.14040513525676118,-0.24583950765844162,0.8633165369819001,0.21698556714427175,1.9188162089681784,-0.2727029734020429,0.11258722476316839,-0.22113237004584987,0.5100694975277834,0.2962089866780495,0.9017056281992086,-0.8167815884801295,0.18152711894673226,-0.6714250265083218,0.8354168678146244,0.652239591803732,0.9547649937530536
B0.50,0.5,0.45,1.0,21,-0.016684921128580103,0.04254212848066349,-0.03619464248453902,0.014030742790608342,-0.01483344513630036,0.054427815348166986,0.2347744321966828,0.07824958939557428,0.22999842886971675,-0.2341322973810551,-0.2977003507513979,-0.15886377601102297,-0.08783003935820895,0.05690969055517027,-0.12323695244447756,0.09432035532062184,0.036774886770531534,0.15543742962896023,-0.06172203939235468,0.02535183270469624,-0.10035166710134315,0.06791594451417482,0.04915519133544244,0.09152904428632458,-0.1418322094648226,0.05974856681883272,-0.2231932730235943,0.13839523562033254,0.10105735779123681,0.1907156154175944
D,1.0,0.25,1.0,21,0.0057887878033207,0.03269660454332039,0.004170376843809435,-0.004830279057371027,-0.03272959500146644,0.03110236781769049,0.2237086723426307,0.010656425066424141,0.22290185573911803,-0.2236668246710458,-0.2329063713667089,-0.21200430190801411,-0.04000824424432309,0.044880291596687445,-0.041397877718711396,0.0444208152487063,-0.0007552386034253011,0.09662306392805187,0.023829815938478972,0.026757289395116762,0.02059373611710843,-0.0204284550274549,-0.043980320913954984,0.01209890482449505,-0.10983756786231998,0.02668807460112374,-0.11652492463909293,0.11238456930231873,0.0849123958811715,0.1291924236606059
D,1.0,0.35,0.75,9,0.008908165312162764,9.512392979201857e-05,0.013162729372942737,-0.008951559896123765,-0.009005230825261723,-0.008891604516882201,0.17498465015764111,0.00037468573367008696,0.17910715652722745,-0.17466427961275158,-0.1747296159894247,-0.17454676128818292,-0.025771919649376602,0.0013199130077648034,-0.025692624580699593,0.026342651565176418,0.02485749528849568,0.027119669469787944,0.021306811911877357,0.004885094141215635,0.038903122739211975,-0.019398382786623758,-0.022894590394727632,-0.012568552532828958,-0.08459420272232229,0.011847015254519077,-0.09112306533567088,0.08530764920970046,0.07246414161455861,0.09176310340857485
D,1.0,0.35,1.0,21,0.0073430232705826845,0.013900714266216483,0.004200353416228229,-0.007011330644478971,-0.022610982543326275,0.0019618164987547093,0.20357022157450075,0.004541774058806417,0.20474579965385672,-0.2034054840549754,-0.2082694720398932,-0.19923780088983822,-0.04079337169975683,0.01819687361425335,-0.04188409200294339,0.044021432883689426,0.021454887444975812,0.056505121173595185,0.039952708879593644,0.010985560969350926,0.029698441231496543,-0.036779740404874896,-0.04979087785389358,-0.02687051825460085,-0.0755326183718403,0.013540596279127919,-0.08827217008588141,0.0765114704781027,0.06242613292042365,0.08523677002946384
D,1.0,0.35,1.5,9,-0.01419522642968908,0.0012359000620136564,-0.008431406029972065,0.014466073465179438,0.013702999221305134,0.015854752285023643,0.2448522232642423,0.0032986400340104375,0.24088143757695954,-0.24480210101976818,-0.24676268524621692,-0.24094719070099324,-0.07337861837082049,0.000332975564879868,-0.06470468361241984,0.07939986297397923,0.07920564611211844,0.07958202968931372,0.018553064658759204,0.0043751047735336055,0.01672517129215189,-0.015922320661319194,-0.018817709879928257,-0.01020879918633999,-0.1223760234087165,0.0028158271516901963,-0.0842540589091598,0.12393203020057879,0.12147739919581446,0.12521274212122524
D,1.0,0.45,1.0,21,0.005928765043004502,0.016868424539684002,0.004230329988647024,-0.005383168379989645,-0.019878164874252313,0.012839922470058829,0.18724537768923274,0.006533042025759799,0.18658974356859542,-0.18742002197154062,-0.19471636908389311,-0.1826009759983248,-0.04082120488209539,0.02718048397823591,-0.042370306287175384,0.04441561879145136,0.017626797391297577,0.0758002035294445,0.041404747100564195,0.006229179502660132,0.03880314634588466,-0.0386960871165416,-0.04268294701677455,-0.033015485411978296,-0.054491934324320646,0.00403178461663691,-0.06001941553266988,0.05516738764268606,0.051407257790238026,0.058093820901433224
G,0.0,0.25,1.0,21,0.021862461550447517,0.022152694857548418,0.021689117809446812,-0.020512246857154654,-0.037787511527824,0.0034145837780372723,0.2830501959755702,0.0050194498527888955,0.28100662270478477,-0.28352292305277826,-0.28738580050170515,-0.2781374381192989,-0.06452771088978566,0.019212695510315073,-0.061942768900940595,0.07253116935173654,0.05302297699506431,0.09682481010566857,-0.0656014735277057,0.022151260525005784,-0.06430988537327553,0.07334096079044183,0.053319197034280785,0.10511705721417264,-0.11282478933529243,0.0056852987035510985,-0.10620016378904724,0.11355839115263071,0.11022212161279588,0.1201244323268651
G,0.0,0.35,0.75,9,0.02397358267064953,0.01656376869997113,0.02954308201979236,-0.023275195868863025,-0.03254128746287255,-0.004825677953609331,0.24162164601984623,0.001970356435753971,0.24068944207470144,-0.24152063646478172,-0.24263277618757162,-0.23929667038257763,-0.02788599059871213,0.022584301282706692,-0.022341602301447414,0.029374532187519026,0.015315837506592045,0.05747817111771836,-0.021652440374614803,0.011316901625117497,-0.02905036724208728,0.02458207307655691,0.015999538616717768,0.041687326419955095,-0.08825457556253137,0.020011027530620753,-0.061756233022672524,0.08860064575613746,0.0770392743301167,0.11169729095738679
G,0.0,0.35,1.0,21,0.02366573847380146,0.006697855678387743,0.020580706063077853,-0.02254282471283368,-0.029708181822792334,-0.01742412535096549,0.2657117935045039,0.0032881653806593083,0.2663280852013307,-0.26579616906724307,-0.268142097072815,-0.2623415703042704,-0.036129024657028004,0.0007696927817595938,-0.038533069723691214,0.040679002108494844,0.03993812054731616,0.04133772154817095,-0.03013894088921642,0.0076212114676585665,-0.03825504874980271,0.033146551740837436,0.023585642563962228,0.04136577070366432,-0.04162895600554874,0.004529123906862979,-0.05890533777288306,0.04180538155698225,0.03895584820614295,0.046983943223948055
G,0.0,0.35,1.5,9,0.006839189007445536,0.02622556431557481,0.007948946616877558,-0.0064020753729112645,-0.03579357914320003,0.008333443813007602,0.2956508843970733,0.004684789401367399,0.30246372312443354,-0.29625145082378207,-0.3033026557749403,-0.29269086200742334,-0.055162879409744354,0.024336154692995316,-0.06135366133316766,0.06140997195490291,0.02986812690569063,0.07719004820508957,-0.05817692676876093,0.013016683939216738,-0.051228318689147366,0.06573467284056618,0.04573736048701038,0.07579414462441614,-0.03044702318523091,0.014311453887407824,-0.054887226596161444,0.03031542507726311,0.013683268643167379,0.03870439999791597
G,0.0,0.45,1.0,21,0.019727719829836537,0.010095688167206079,0.019472294316708893,-0.018960739191457947,-0.028595264280395827,-0.009402039585206912,0.25405703827020565,0.0002305280523356498,0.2516495476978767,-0.25359687575407375,-0.2541393204470018,-0.2533139391659789,-0.016659928692682784,0.016870319983918577,-0.015123370546441825,0.01940417516382409,0.0012087187235230168,0.03478123845562875,-0.014132433189217456,0.006580110077774827,-0.012200212126329884,0.015591046387889884,0.009245702275370693,0.022473579409313382,-0.019157697910117174,0.01025352265643849,-0.011610511756718855,0.01880841972120269,0.009579272231368119,0.029864003439385556
