check,flow_lpm,model,reference,rel_error,extra,spacing_mm
dp_uniform,1.0,357.3984952755115,357.3984952755153,-1.0658141036401503e-14,230.55694452259033,
mass_balance,1.0,6.383240290508407e-14,0.0,6.383240290508407e-14,,
energy_balance,1.0,2.3165538751326697e-12,0.0,2.3165538751326697e-12,,
dp_uniform,2.0,968.4800920570011,968.4800920568805,1.2456702336294256e-13,461.11388904518066,
mass_balance,2.0,1.0855574252011113e-13,0.0,1.0855574252011113e-13,,
energy_balance,2.0,5.731588364094981e-12,0.0,5.731588364094981e-12,,
dp_uniform,3.0,1833.244790344269,1833.2447903440955,9.459100169806334e-14,691.6708335677711,
mass_balance,3.0,9.622294280808852e-15,0.0,9.622294280808852e-15,,
energy_balance,3.0,8.051095144103536e-13,0.0,8.051095144103536e-13,,
dp_uniform,4.0,2951.692590137645,2951.6925901371606,1.6409096303959814e-13,922.2277780903613,
mass_balance,4.0,8.944667923005412e-14,0.0,8.944667923005412e-14,,
energy_balance,4.0,9.908767601523501e-12,0.0,9.908767601523501e-12,,
dp_uniform,5.0,4323.82349143694,4323.823491436074,2.0028423364237824e-13,1152.7847226129513,
mass_balance,5.0,1.1123914289701275e-13,0.0,1.1123914289701275e-13,,
energy_balance,5.0,9.36321842570354e-12,0.0,9.36321842570354e-12,,
eps_NTU,3.0,0.7692782197655845,0.7805273868559873,-0.014412264425102572,-8.804068585277491e-13,10.0
eps_NTU,3.0,0.7748477632350443,0.7805273868559873,-0.007276648733391511,9.261480471423056e-13,5.0
eps_NTU,3.0,0.7776735921244438,0.7805273868559873,-0.0036562390757854946,-8.826273045769994e-14,2.5
eps_NTU,3.0,0.7790969654075071,0.7805273868559873,-0.0018326345398873567,6.572520305780927e-14,1.25
eps_NTU,3.0,0.7798092539080812,0.7805273868559873,-0.0009200611791455593,1.6995294060961896e-12,0.625
bulk_Tw_minus_Tf,,2.637059912038751,2.637059911860969,6.741673885812816e-11,,
bulk_eta,,0.4463058386859962,0.446305838672603,3.0009106311013056e-11,,
T_out_minus_T_in,,4.273029966700051,4.273029966703662,-8.451017663446692e-13,,
