model,split,group,positive,n,R2,MAPE,NMAE,RMSE,max_APE,cov95,cov68,z_mean,z_std
gp,cv5,K principal values,True,870,0.999109,0.00872242,,0.0173761,0.236002,0.92069,0.817241,-0.0263943,1.44877
gp,cv5,K* = tr K/3,True,290,0.999393,0.00741652,,0.0139346,0.117104,0.886207,0.768966,-0.0411742,1.59679
gp,cv5,k_eff diagonal,True,870,0.994968,0.0190396,,0.0355901,0.292243,0.910345,0.826437,-0.00712301,1.14925
gp,cv5,k_eff off-diagonal,False,870,0.935848,,0.00656766,0.00227484,,0.903448,0.824138,-0.0214369,1.3079
gp,cv5,"C normal (C11, C22, C33)",True,870,0.984655,0.0596999,,0.11983,0.920354,0.887356,0.813793,0.00648283,1.48866
gp,cv5,"C coupling (C12, C13, C23)",False,870,0.979586,,0.0218197,0.00464889,,0.86092,0.766667,0.138452,2.12679
gp,cv5,"C shear (C44, C55, C66)",True,870,0.981695,0.0644256,,0.10882,0.774204,0.924138,0.818391,0.00349918,1.08616
gp,cv5,C off-class (12 others),False,3480,0.752091,,0.0045066,0.00103838,,0.917241,0.829023,-0.0117521,1.19265
gp,cv5,"E* = mean(E_x, E_y, E_z)",True,290,0.988015,0.045641,,0.09884,0.819034,0.87931,0.806897,-0.067175,1.86777
gp,cv5,E_z,True,290,0.98755,0.0580608,,0.106431,0.820232,0.913793,0.806897,-0.0358161,1.25012
gp,cv5,a_sf L,True,290,0.998996,0.00256082,,0.00453918,0.0272007,0.924138,0.82069,0.0455134,1.04439
gp,cv5,"loc p99, uniaxial",True,870,0.987741,0.0430736,,0.0814333,0.544055,0.893103,0.793103,0.0313895,1.58849
gp,cv5,"loc p99, shear",True,870,0.982692,0.0504413,,0.0963048,0.586843,0.886207,0.812644,-0.0242593,1.61761
gp+cal,cv5,K principal values,True,870,0.999109,0.00872242,,0.0173761,0.236002,0.931034,0.834483,-0.0251322,1.32511
gp+cal,cv5,K* = tr K/3,True,290,0.999393,0.00741652,,0.0139346,0.117104,0.906897,0.806897,-0.0404361,1.44461
gp+cal,cv5,k_eff diagonal,True,870,0.994968,0.0190396,,0.0355901,0.292243,0.956322,0.878161,-0.00088977,0.765101
gp+cal,cv5,k_eff off-diagonal,False,870,0.935848,,0.00656766,0.00227484,,0.965517,0.893103,-0.0186694,0.808816
gp+cal,cv5,"C normal (C11, C22, C33)",True,870,0.984655,0.0596999,,0.11983,0.920354,0.926437,0.867816,0.00707646,0.986382
gp+cal,cv5,"C coupling (C12, C13, C23)",False,870,0.979586,,0.0218197,0.00464889,,0.917241,0.829885,0.103379,1.47981
gp+cal,cv5,"C shear (C44, C55, C66)",True,870,0.981695,0.0644256,,0.10882,0.774204,0.963218,0.891954,0.00908845,0.733812
gp+cal,cv5,C off-class (12 others),False,3480,0.752091,,0.0045066,0.00103838,,0.967241,0.902874,-0.00911414,0.713804
gp+cal,cv5,"E* = mean(E_x, E_y, E_z)",True,290,0.988015,0.045641,,0.09884,0.819034,0.924138,0.851724,-0.0400639,1.25988
gp+cal,cv5,E_z,True,290,0.98755,0.0580608,,0.106431,0.820232,0.955172,0.9,-0.0185507,0.883854
gp+cal,cv5,a_sf L,True,290,0.998996,0.00256082,,0.00453918,0.0272007,0.948276,0.848276,0.0412117,0.881065
gp+cal,cv5,"loc p99, uniaxial",True,870,0.987741,0.0430736,,0.0814333,0.544055,0.935632,0.85977,0.013195,1.0365
gp+cal,cv5,"loc p99, shear",True,870,0.982692,0.0504413,,0.0963048,0.586843,0.942529,0.874713,-0.025541,1.10408
gp,band,K principal values,True,396,0.973701,0.0642315,,0.0974622,0.42805,0.381313,0.20202,1.44216,6.48092
gp,band,K* = tr K/3,True,132,0.97926,0.0564859,,0.0838736,0.206503,0.227273,0.0984848,2.4112,7.79399
gp,band,k_eff diagonal,True,396,0.919669,0.114684,,0.161393,0.715646,0.724747,0.613636,-1.33644,2.29912
gp,band,k_eff off-diagonal,False,396,-0.677548,,0.0526981,0.0128334,,0.545455,0.421717,4.17936,6.26681
gp,band,"C normal (C11, C22, C33)",True,396,0.770278,0.591577,,0.566393,3.24058,0.638889,0.565657,-2.63819,4.20114
gp,band,"C coupling (C12, C13, C23)",False,396,0.835516,,0.0921101,0.0136983,,0.560606,0.457071,-2.96551,3.74391
gp,band,"C shear (C44, C55, C66)",True,396,0.838118,0.331688,,0.386522,2.48957,0.75,0.618687,-1.53124,3.10559
gp,band,C off-class (12 others),False,1584,-0.443668,,0.0209018,0.00297032,,0.523359,0.345328,4.17851,7.38716
gp,band,"E* = mean(E_x, E_y, E_z)",True,132,0.821864,0.430602,,0.461059,2.29729,0.613636,0.530303,-3.13799,4.84322
gp,band,E_z,True,132,0.837172,0.421109,,0.4562,2.29729,0.704545,0.590909,-1.85853,3.14339
gp,band,a_sf L,True,132,0.945274,0.0227249,,0.0328883,0.0846678,0.44697,0.242424,-2.32091,5.46381
gp,band,"loc p99, uniaxial",True,396,0.880353,0.146948,,0.289198,0.564425,0.616162,0.494949,2.39115,3.60806
gp,band,"loc p99, shear",True,396,0.867021,0.164749,,0.306639,0.585298,0.593434,0.40404,2.61906,3.41024
gp+cal,band,K principal values,True,396,0.973701,0.0642315,,0.0974622,0.42805,0.39899,0.232323,1.31123,6.16179
gp+cal,band,K* = tr K/3,True,132,0.97926,0.0564859,,0.0838736,0.206503,0.265152,0.0984848,2.1404,6.91193
gp+cal,band,k_eff diagonal,True,396,0.919669,0.114684,,0.161393,0.715646,0.835859,0.676768,-0.863578,1.48487
gp+cal,band,k_eff off-diagonal,False,396,-0.677548,,0.0526981,0.0128334,,0.691919,0.532828,2.11605,3.0433
gp+cal,band,"C normal (C11, C22, C33)",True,396,0.770278,0.591577,,0.566393,3.24058,0.69697,0.618687,-1.6384,2.60974
gp+cal,band,"C coupling (C12, C13, C23)",False,396,0.835516,,0.0921101,0.0136983,,0.636364,0.555556,-1.82596,2.30499
gp+cal,band,"C shear (C44, C55, C66)",True,396,0.838118,0.331688,,0.386522,2.48957,0.820707,0.704545,-1.00872,2.04896
gp+cal,band,C off-class (12 others),False,1584,-0.443668,,0.0209018,0.00297032,,0.64899,0.493056,2.34625,4.03342
gp+cal,band,"E* = mean(E_x, E_y, E_z)",True,132,0.821864,0.430602,,0.461059,2.29729,0.666667,0.590909,-1.95021,3.00977
gp+cal,band,E_z,True,132,0.837172,0.421109,,0.4562,2.29729,0.772727,0.651515,-1.16674,1.9683
gp+cal,band,a_sf L,True,132,0.945274,0.0227249,,0.0328883,0.0846678,0.492424,0.310606,-1.8348,4.31943
gp+cal,band,"loc p99, uniaxial",True,396,0.880353,0.146948,,0.289198,0.564425,0.724747,0.588384,1.40868,2.12486
gp+cal,band,"loc p99, shear",True,396,0.867021,0.164749,,0.306639,0.585298,0.717172,0.560606,1.55925,2.03155
gp,sparse,K principal values,True,585,0.995531,0.0204671,,0.0381554,0.409016,0.892308,0.747009,-0.226041,1.69891
gp,sparse,K* = tr K/3,True,195,0.997279,0.0147998,,0.0288335,0.200121,0.815385,0.610256,-0.294591,2.40628
gp,sparse,k_eff diagonal,True,585,0.980873,0.0397339,,0.06682,0.28068,0.897436,0.788034,0.115007,1.20689
gp,sparse,k_eff off-diagonal,False,585,0.737253,,0.0146099,0.00457404,,0.917949,0.755556,-0.0562276,1.2542
gp,sparse,"C normal (C11, C22, C33)",True,585,0.947436,0.118134,,0.216268,0.912943,0.852991,0.748718,0.119569,1.6377
gp,sparse,"C coupling (C12, C13, C23)",False,585,0.868277,,0.0584785,0.0111352,,0.729915,0.581197,0.68193,3.55092
gp,sparse,"C shear (C44, C55, C66)",True,585,0.942365,0.0991301,,0.185961,0.760497,0.917949,0.82906,0.12249,1.05107
gp,sparse,C off-class (12 others),False,2340,-2.39976,,0.0162127,0.00384828,,0.905128,0.755556,-0.12513,1.12704
gp,sparse,"E* = mean(E_x, E_y, E_z)",True,195,0.963955,0.0948373,,0.166095,0.567062,0.835897,0.676923,0.123614,2.04625
gp,sparse,E_z,True,195,0.960422,0.110576,,0.18617,0.784105,0.876923,0.769231,0.0885775,1.34233
gp,sparse,a_sf L,True,195,0.995607,0.00532335,,0.009628,0.0458876,0.815385,0.707692,0.157795,1.66712
gp,sparse,"loc p99, uniaxial",True,585,0.977098,0.0661399,,0.108744,0.607367,0.902564,0.784615,-0.0498327,1.31724
gp,sparse,"loc p99, shear",True,585,0.973705,0.0697767,,0.115207,0.601781,0.919658,0.813675,-0.046401,1.17712
gp+cal,sparse,K principal values,True,585,0.995531,0.0204671,,0.0381554,0.409016,0.899145,0.760684,-0.20992,1.57507
gp+cal,sparse,K* = tr K/3,True,195,0.997279,0.0147998,,0.0288335,0.200121,0.825641,0.666667,-0.257724,2.14048
gp+cal,sparse,k_eff diagonal,True,585,0.980873,0.0397339,,0.06682,0.28068,0.950427,0.864957,0.0743743,0.778137
gp+cal,sparse,k_eff off-diagonal,False,585,0.737253,,0.0146099,0.00457404,,0.97265,0.904274,-0.0313322,0.689912
gp+cal,sparse,"C normal (C11, C22, C33)",True,585,0.947436,0.118134,,0.216268,0.912943,0.909402,0.834188,0.0744082,1.01623
gp+cal,sparse,"C coupling (C12, C13, C23)",False,585,0.868277,,0.0584785,0.0111352,,0.849573,0.687179,0.40811,2.12893
gp+cal,sparse,"C shear (C44, C55, C66)",True,585,0.942365,0.0991301,,0.185961,0.760497,0.960684,0.899145,0.0806629,0.691529
gp+cal,sparse,C off-class (12 others),False,2340,-2.39976,,0.0162127,0.00384828,,0.982051,0.889744,-0.0732882,0.651449
gp+cal,sparse,"E* = mean(E_x, E_y, E_z)",True,195,0.963955,0.0948373,,0.166095,0.567062,0.887179,0.820513,0.0765013,1.27007
gp+cal,sparse,E_z,True,195,0.960422,0.110576,,0.18617,0.784105,0.933333,0.851282,0.0555142,0.84157
gp+cal,sparse,a_sf L,True,195,0.995607,0.00532335,,0.009628,0.0458876,0.871795,0.74359,0.124745,1.31795
gp+cal,sparse,"loc p99, uniaxial",True,585,0.977098,0.0661399,,0.108744,0.607367,0.958974,0.887179,-0.029441,0.775966
gp+cal,sparse,"loc p99, shear",True,585,0.973705,0.0697767,,0.115207,0.601781,0.964103,0.895726,-0.0278208,0.699992
ensemble,cv5,K principal values,True,870,0.998919,0.00883893,,0.019141,0.29928,0.890805,0.674713,0.0327104,1.24203
ensemble,cv5,K* = tr K/3,True,290,0.999237,0.0074725,,0.0156186,0.161865,0.851724,0.67931,0.0393041,1.42628
ensemble,cv5,k_eff diagonal,True,870,0.995394,0.0147289,,0.0340486,0.267968,0.890805,0.694253,-0.131724,1.70685
ensemble,cv5,k_eff off-diagonal,False,870,0.952322,,0.00459379,0.00196111,,0.856322,0.62069,0.0320251,1.66278
ensemble,cv5,"C normal (C11, C22, C33)",True,870,0.987649,0.0429789,,0.107504,1.06591,0.858621,0.62069,-0.104957,2.28909
ensemble,cv5,"C coupling (C12, C13, C23)",False,870,0.99232,,0.0100893,0.0028515,,0.857471,0.647126,0.0850587,2.1809
ensemble,cv5,"C shear (C44, C55, C66)",True,870,0.990329,0.0323469,,0.0790957,0.570595,0.881609,0.693103,-0.0252301,1.44714
ensemble,cv5,C off-class (12 others),False,3480,0.891015,,0.00248526,0.000688484,,0.88477,0.646552,-0.0142749,1.34675
ensemble,cv5,"E* = mean(E_x, E_y, E_z)",True,290,0.988032,0.0394013,,0.0987676,0.97494,0.737931,0.510345,-0.163796,3.0861
ensemble,cv5,E_z,True,290,0.989231,0.0413221,,0.0989854,0.979558,0.844828,0.637931,-0.0843625,1.91093
ensemble,cv5,a_sf L,True,290,0.99923,0.00231348,,0.00397606,0.0252931,0.97931,0.844828,0.00797801,0.774889
ensemble,cv5,"loc p99, uniaxial",True,870,0.99039,0.0294394,,0.0721008,0.456574,0.883908,0.713793,0.0474596,1.74679
ensemble,cv5,"loc p99, shear",True,870,0.986558,0.0354513,,0.0848717,0.661502,0.855172,0.648276,0.0175728,1.72342
ensemble+cal,cv5,K principal values,True,870,0.998919,0.00883893,,0.019141,0.29928,0.906897,0.693103,0.0305921,1.19286
ensemble+cal,cv5,K* = tr K/3,True,290,0.999237,0.0074725,,0.0156186,0.161865,0.858621,0.67931,0.0391069,1.42345
ensemble+cal,cv5,k_eff diagonal,True,870,0.995394,0.0147289,,0.0340486,0.267968,0.947126,0.810345,-0.0947862,1.18434
ensemble+cal,cv5,k_eff off-diagonal,False,870,0.952322,,0.00459379,0.00196111,,0.95977,0.829885,0.0181606,0.967617
ensemble+cal,cv5,"C normal (C11, C22, C33)",True,870,0.987649,0.0429789,,0.107504,1.06591,0.936782,0.831034,-0.072598,1.43507
ensemble+cal,cv5,"C coupling (C12, C13, C23)",False,870,0.99232,,0.0100893,0.0028515,,0.926437,0.8,0.0512089,1.46646
ensemble+cal,cv5,"C shear (C44, C55, C66)",True,870,0.990329,0.0323469,,0.0790957,0.570595,0.968966,0.867816,-0.015636,0.810109
ensemble+cal,cv5,C off-class (12 others),False,3480,0.891015,,0.00248526,0.000688484,,0.959195,0.827011,-0.00888335,0.844773
ensemble+cal,cv5,"E* = mean(E_x, E_y, E_z)",True,290,0.988032,0.0394013,,0.0987676,0.97494,0.893103,0.710345,-0.119355,1.99927
ensemble+cal,cv5,E_z,True,290,0.989231,0.0413221,,0.0989854,0.979558,0.931034,0.786207,-0.0631358,1.24405
ensemble+cal,cv5,a_sf L,True,290,0.99923,0.00231348,,0.00397606,0.0252931,0.97931,0.844828,0.00797801,0.774889
ensemble+cal,cv5,"loc p99, uniaxial",True,870,0.99039,0.0294394,,0.0721008,0.456574,0.937931,0.834483,0.0355059,1.24966
ensemble+cal,cv5,"loc p99, shear",True,870,0.986558,0.0354513,,0.0848717,0.661502,0.925287,0.802299,0.009711,1.22166
ensemble,band,K principal values,True,396,0.97888,0.0542557,,0.0873401,0.361133,0.84596,0.583333,-0.250979,2.15203
ensemble,band,K* = tr K/3,True,132,0.982424,0.0483862,,0.077212,0.220156,0.80303,0.537879,-0.196338,1.88246
ensemble,band,k_eff diagonal,True,396,0.915647,0.123595,,0.165384,0.726651,0.681818,0.431818,-1.61557,1.77266
ensemble,band,k_eff off-diagonal,False,396,0.0328348,,0.0377274,0.00974435,,0.318182,0.159091,2.84032,4.42683
ensemble,band,"C normal (C11, C22, C33)",True,396,0.736826,0.668269,,0.606232,3.73131,0.530303,0.315657,-2.89882,3.37187
ensemble,band,"C coupling (C12, C13, C23)",False,396,0.83969,,0.0933107,0.0135234,,0.477273,0.277778,-2.73156,2.50381
ensemble,band,"C shear (C44, C55, C66)",True,396,0.817414,0.368894,,0.410496,3.10394,0.558081,0.328283,-2.41684,2.58952
ensemble,band,C off-class (12 others),False,1584,0.144953,,0.0141408,0.00228594,,0.53851,0.327652,0.886946,4.10331
ensemble,band,"E* = mean(E_x, E_y, E_z)",True,132,0.793943,0.492945,,0.495877,2.35779,0.393939,0.212121,-3.77019,4.3236
ensemble,band,E_z,True,132,0.805037,0.499061,,0.499191,2.27526,0.568182,0.287879,-2.66388,3.14728
ensemble,band,a_sf L,True,132,0.936588,0.0237428,,0.0354022,0.100397,0.863636,0.590909,-0.202189,1.32287
ensemble,band,"loc p99, uniaxial",True,396,0.855684,0.167708,,0.317615,0.597055,0.608586,0.421717,2.17666,3.21176
ensemble,band,"loc p99, shear",True,396,0.847674,0.178326,,0.328188,0.603189,0.482323,0.308081,2.70029,2.69409
ensemble+cal,band,K principal values,True,396,0.97888,0.0542557,,0.0873401,0.361133,0.848485,0.585859,-0.231293,2.07101
ensemble+cal,band,K* = tr K/3,True,132,0.982424,0.0483862,,0.077212,0.220156,0.80303,0.537879,-0.196235,1.88015
ensemble+cal,band,k_eff diagonal,True,396,0.915647,0.123595,,0.165384,0.726651,0.815657,0.578283,-1.05426,1.16638
ensemble+cal,band,k_eff off-diagonal,False,396,0.0328348,,0.0377274,0.00974435,,0.60101,0.295455,1.62327,2.52448
ensemble+cal,band,"C normal (C11, C22, C33)",True,396,0.736826,0.668269,,0.606232,3.73131,0.719697,0.512626,-1.59585,1.8628
ensemble+cal,band,"C coupling (C12, C13, C23)",False,396,0.83969,,0.0933107,0.0135234,,0.674242,0.414141,-1.59837,1.48122
ensemble+cal,band,"C shear (C44, C55, C66)",True,396,0.817414,0.368894,,0.410496,3.10394,0.739899,0.537879,-1.26542,1.3508
ensemble+cal,band,C off-class (12 others),False,1584,0.144953,,0.0141408,0.00228594,,0.710859,0.474747,0.507682,2.46141
ensemble+cal,band,"E* = mean(E_x, E_y, E_z)",True,132,0.793943,0.492945,,0.495877,2.35779,0.621212,0.386364,-2.07168,2.37799
ensemble+cal,band,E_z,True,132,0.805037,0.499061,,0.499191,2.27526,0.757576,0.545455,-1.49044,1.76465
ensemble+cal,band,a_sf L,True,132,0.936588,0.0237428,,0.0354022,0.100397,0.863636,0.590909,-0.202189,1.32287
ensemble+cal,band,"loc p99, uniaxial",True,396,0.855684,0.167708,,0.317615,0.597055,0.739899,0.545455,1.35518,1.96349
ensemble+cal,band,"loc p99, shear",True,396,0.847674,0.178326,,0.328188,0.603189,0.651515,0.419192,1.74207,1.72447
ensemble,sparse,K principal values,True,585,0.9938,0.0236033,,0.0449434,0.460346,0.832479,0.6,0.101258,1.70523
ensemble,sparse,K* = tr K/3,True,195,0.995282,0.0206496,,0.0379636,0.229539,0.764103,0.507692,0.128254,1.86537
ensemble,sparse,k_eff diagonal,True,585,0.982484,0.0338798,,0.0639443,0.586081,0.820513,0.593162,-0.0388242,2.0969
ensemble,sparse,k_eff off-diagonal,False,585,0.851452,,0.0101521,0.00343925,,0.723077,0.492308,0.0431213,2.44846
ensemble,sparse,"C normal (C11, C22, C33)",True,585,0.946849,0.117896,,0.217473,1.88524,0.767521,0.509402,-0.0662131,2.88657
ensemble,sparse,"C coupling (C12, C13, C23)",False,585,0.958167,,0.0310072,0.00627516,,0.683761,0.42906,0.449126,5.37755
ensemble,sparse,"C shear (C44, C55, C66)",True,585,0.947715,0.0898501,,0.17712,1.45962,0.811966,0.591453,0.0425872,2.19501
ensemble,sparse,C off-class (12 others),False,2340,0.584674,,0.00606874,0.00134505,,0.786752,0.54188,-0.124929,2.20704
ensemble,sparse,"E* = mean(E_x, E_y, E_z)",True,195,0.95902,0.0970649,,0.177101,1.54768,0.702564,0.374359,-0.161765,3.62112
ensemble,sparse,E_z,True,195,0.964844,0.0996753,,0.17546,1.28685,0.779487,0.553846,-0.176687,2.78377
ensemble,sparse,a_sf L,True,195,0.994136,0.00628347,,0.011123,0.0478922,0.866667,0.635897,-0.223644,1.34213
ensemble,sparse,"loc p99, uniaxial",True,585,0.975013,0.0599344,,0.113587,0.622767,0.794872,0.540171,0.266521,2.9421
ensemble,sparse,"loc p99, shear",True,585,0.973349,0.0629594,,0.115985,0.598964,0.801709,0.567521,0.0608824,3.27976
ensemble+cal,sparse,K principal values,True,585,0.9938,0.0236033,,0.0449434,0.460346,0.841026,0.608547,0.0984475,1.66927
ensemble+cal,sparse,K* = tr K/3,True,195,0.995282,0.0206496,,0.0379636,0.229539,0.764103,0.507692,0.128159,1.86326
ensemble+cal,sparse,k_eff diagonal,True,585,0.982484,0.0338798,,0.0639443,0.586081,0.911111,0.752137,-0.0251983,1.35725
ensemble+cal,sparse,k_eff off-diagonal,False,585,0.851452,,0.0101521,0.00343925,,0.890598,0.687179,0.0234302,1.38669
ensemble+cal,sparse,"C normal (C11, C22, C33)",True,585,0.946849,0.117896,,0.217473,1.88524,0.871795,0.74188,-0.0372837,1.59757
ensemble+cal,sparse,"C coupling (C12, C13, C23)",False,585,0.958167,,0.0310072,0.00627516,,0.781197,0.646154,0.272038,3.36023
ensemble+cal,sparse,"C shear (C44, C55, C66)",True,585,0.947715,0.0898501,,0.17712,1.45962,0.931624,0.805128,0.0207462,1.16469
ensemble+cal,sparse,C off-class (12 others),False,2340,0.584674,,0.00606874,0.00134505,,0.917094,0.726923,-0.0724421,1.34189
ensemble+cal,sparse,"E* = mean(E_x, E_y, E_z)",True,195,0.95902,0.0970649,,0.177101,1.54768,0.851282,0.646154,-0.0887036,1.99724
ensemble+cal,sparse,E_z,True,195,0.964844,0.0996753,,0.17546,1.28685,0.871795,0.74359,-0.0994391,1.56423
ensemble+cal,sparse,a_sf L,True,195,0.994136,0.00628347,,0.011123,0.0478922,0.866667,0.635897,-0.223644,1.34213
ensemble+cal,sparse,"loc p99, uniaxial",True,585,0.975013,0.0599344,,0.113587,0.622767,0.904274,0.71453,0.169226,1.8661
ensemble+cal,sparse,"loc p99, shear",True,585,0.973349,0.0629594,,0.115985,0.598964,0.899145,0.719658,0.0425616,2.05291
